-8.7	28.2	27.42
-33.4	27.95	27.42
-33.4	27.95	27.42
-32.99	27.89	28.9
-32.99	27.89	28.9
-32.97	27.87	28.19
-32.97	27.87	28.19
-32.98	27.79	28.43
-32.98	27.79	28.43
-32.99	27.73	27.49
-32.99	27.73	27.49
-32.90	27.84	27.55
-32.90	27.84	27.55
-32.91	27.78	27.80
-32.91	27.78	27.80
-32.91	27.78	27.89
-32.91	27.69	27.89
-32.91	27.69	27.89
-32.98	27.75	27.80
-32.98	27.75	27.80
-32.92	27.78	28.17
-32.92	27.78	28.17
-32.91	27.81	27.84
-32.91	27.81	27.84
-32.90	27.74	27.55
-32.90	27.74	27.55
-32.89	27.65	28.11
-32.89	27.65	28.11
-32.88	27.68	27.43
-32.88	27.68	27.43
-32.88	27.59	27.91
-32.91	27.59	27.91
-32.91	27.59	27.91
-32.96	27.63	27.59
-32.96	27.63	27.59
-32.83	27.48	27.63
-32.83	27.48	27.63
-32.92	27.48	27.43
-32.92	27.48	27.43
-32.93	27.55	27.67
-32.93	27.55	27.67
-32.91	27.63	27.57
-32.91	27.63	27.57
-32.87	27.73	27.97
-32.87	27.73	27.97
-32.87	27.55	28.6
-32.93	27.55	28.6
-32.93	27.55	27.98
-32.92	27.48	27.98
-32.92	27.48	27.98
-32.95	27.61	27.60
-32.95	27.61	27.60
-32.84	27.55	27.96
-32.84	27.55	27.96
-32.93	27.55	28.6
-32.93	27.55	28.6
-33.0	27.55	28.21
-33.0	27.55	28.21
-32.96	27.41	27.50
-32.96	27.41	27.50
-33.1	27.54	27.47
-33.1	27.54	27.47
-33.1	27.54	27.49
-33.7	27.47	27.49
-33.7	27.47	27.49
-33.5	27.63	27.51
-33.5	27.63	27.51
-33.7	27.44	27.71
-33.7	27.44	27.71
-33.6	27.47	28.10
-33.6	27.47	28.10
-32.82	27.59	27.65
-32.82	27.59	27.65
-32.60	27.85	27.91
-32.60	27.85	27.91
-32.17	28.39	28.36
-32.17	28.39	28.36
-32.17	28.39	27.87
-31.47	28.79	27.87
-31.47	28.79	27.87
-30.98	28.95	27.5
-30.98	28.95	27.5
-30.24	28.80	27.48
-30.24	28.80	27.48
-29.57	29.13	27.12
-29.57	29.13	27.12
-28.24	29.3	28.14
-28.24	29.3	28.14
-27.41	29.45	27.53
-27.41	29.45	27.53
-27.6	30.20	27.8
-27.6	30.20	27.8
-27.6	30.20	25.86
-26.77	31.16	25.86
-26.77	31.16	25.86
-26.25	32.0	26.56
-26.25	32.0	26.56
-25.40	33.8	26.0
-25.40	33.8	26.0
-24.8	34.12	26.4
-24.8	34.12	26.4
-22.84	35.16	26.4
-22.84	35.16	26.4
-21.44	36.59	24.85
-21.44	36.59	24.85
-19.99	37.59	24.22
-19.99	37.59	24.22
-19.99	37.59	23.55
-18.68	38.27	23.55
-18.68	38.27	23.55
-17.14	38.73	23.84
-17.14	38.73	23.84
-14.90	38.93	21.27
-14.90	38.93	21.27
-12.21	38.76	21.79
-12.21	38.76	21.79
-9.91	38.20	20.42
-9.91	38.20	20.42
-8.79	38.8	18.83
-8.79	38.8	18.83
-7.89	37.83	19.21
-7.89	37.83	19.21
-7.89	37.83	18.48
-7.13	37.64	18.48
-7.13	37.64	18.48
-6.34	37.31	17.42
-6.34	37.31	17.42
-5.42	36.47	17.53
-5.42	36.47	17.53
-5.18	35.75	17.58
-5.18	35.75	17.58
-5.22	34.88	17.62
-5.22	34.88	17.62
-5.31	33.75	18.15
-5.31	33.75	18.15
-5.31	32.43	17.75
-5.27	32.43	17.75
-5.27	32.43	19.54
-5.46	30.67	19.54
-5.46	30.67	19.54
-6.41	28.78	19.83
-6.41	28.78	19.83
-7.86	27.23	20.56
-7.86	27.23	20.56
-8.65	26.6	20.94
-8.65	26.6	20.94
-9.24	25.7	20.84
-9.24	25.7	20.84
-10.7	24.54	22.5
-10.7	24.54	22.5
-10.7	24.43	23.32
-11.8	24.43	23.32
-11.8	24.43	23.32
-11.97	25.1	23.57
-11.97	25.1	23.57
-12.88	25.43	24.41
-12.88	25.43	24.41
-13.45	26.21	24.72
-13.45	26.21	24.72
-13.87	27.97	24.47
-13.87	27.97	24.47
-14.25	30.73	24.62
-14.25	30.73	24.62
-15.3	32.79	24.76
-15.3	32.79	24.76
-15.3	34.21	25.52
-15.37	34.21	25.52
-15.37	34.21	25.52
-15.34	36.0	24.83
-15.34	36.0	24.83
-15.45	37.81	23.84
-15.45	37.81	23.84
-15.58	39.44	23.75
-15.58	39.44	23.75
-15.79	40.66	23.11
-15.79	40.66	23.11
-15.93	41.79	23.7
-15.93	41.79	23.7
-15.92	42.89	21.99
-15.92	42.89	21.99
-15.92	44.36	22.33
-15.92	44.36	22.33
-15.92	44.36	22.11
-16.1	45.53	22.11
-16.1	45.53	22.11
-16.6	46.10	21.9
-16.6	46.10	21.9
-16.11	46.70	20.29
-16.11	46.70	20.29
-16.34	47.22	20.1
-16.34	47.22	20.1
-16.25	47.81	20.18
-16.25	47.81	20.18
-16.4	48.46	18.42
-16.4	48.46	18.42
-16.4	49.17	19.46
-16.20	49.17	19.46
-16.20	49.17	19.46
-16.52	49.93	18.67
-16.52	49.93	18.67
-16.67	50.57	18.31
-16.67	50.57	18.31
-16.82	51.17	17.46
-16.82	51.17	17.46
-17.4	51.63	16.96
-17.4	51.63	16.96
-17.44	52.7	16.91
-17.44	52.7	16.91
-18.19	52.92	17.12
-18.19	52.92	17.12
-18.19	53.70	16.26
-18.89	53.70	16.26
-18.89	53.70	16.26
-19.41	54.29	16.26
-19.41	54.29	16.26
-19.96	54.81	15.27
-19.96	54.81	15.27
-20.92	54.59	16.3
-20.92	54.59	16.3
-21.87	54.52	15.68
-21.87	54.52	15.68
-22.79	54.35	16.63
-22.79	54.35	16.63
-24.0	54.11	15.65
-24.0	54.11	15.65
-24.64	53.93	16.16
-24.64	53.93	16.16
-24.64	53.93	16.97
-25.47	53.85	16.97
-25.47	53.85	16.97
-26.24	53.63	17.56
-26.24	53.63	17.56
-27.27	53.52	17.16
-27.27	53.52	17.16
-28.1	53.15	17.57
-28.1	53.15	17.57
-28.11	52.86	17.75
-28.11	52.86	17.75
-28.66	52.4	18.43
-28.66	52.4	18.43
-28.86	51.69	17.49
-28.86	51.69	17.49
-28.86	51.69	18.90
-29.44	51.41	18.90
-29.44	51.41	18.90
-29.66	50.87	18.79
-29.66	50.87	18.79
-29.82	50.49	18.39
-29.82	50.49	18.39
-29.85	49.47	19.62
-29.85	49.47	19.62
-29.88	48.36	21.36
-29.88	48.36	21.36
-29.92	47.71	20.70
-29.92	47.71	20.70
-29.51	47.59	21.23
-29.51	47.59	21.23
-29.51	47.47	20.74
-29.13	47.47	20.74
-29.13	47.47	20.74
-28.23	46.96	21.19
-28.23	46.96	21.19
-27.72	47.17	21.30
-27.72	47.17	21.30
-27.20	47.79	20.58
-27.20	47.79	20.58
-26.74	48.38	20.94
-26.74	48.38	20.94
-26.10	49.21	18.43
-26.10	49.21	18.43
-25.67	49.90	19.27
-25.67	49.90	19.27
-25.67	50.56	18.54
-25.47	50.56	18.54
-25.47	50.56	17.71
-25.10	51.11	17.71
-25.10	51.11	17.71
-24.91	51.36	17.56
-24.91	51.36	17.56
-24.56	51.22	17.39
-24.56	51.22	17.39
-24.42	51.25	18.9
-24.42	51.25	18.9
-24.51	51.59	16.57
-24.51	51.59	16.57
-24.67	51.89	16.63
-24.67	51.89	16.63
-25.20	51.82	16.16
-25.20	51.82	16.16
-25.20	51.82	16.73
-25.67	51.47	16.73
-25.67	51.47	16.73
-26.15	50.58	17.84
-26.15	50.58	17.84
-26.52	49.99	18.11
-26.52	49.99	18.11
-26.77	49.59	19.0
-26.77	49.59	19.0
-27.35	49.31	18.77
-27.35	49.31	18.77
-28.15	49.15	18.80
-28.15	49.15	18.80
-28.81	49.27	18.75
-28.81	49.27	18.75
-28.81	48.97	18.30
-29.37	48.97	18.30
-29.37	48.97	18.30
-29.52	48.24	18.15
-29.52	48.24	18.15
-29.31	46.53	20.19
-29.31	46.53	20.19
-28.87	44.90	20.79
-28.87	44.90	20.79
-28.73	43.7	21.87
-28.73	43.7	21.87
-28.62	41.25	22.16
-28.62	41.25	22.16
-28.32	39.53	22.50
-28.32	39.53	22.50
-28.32	38.46	23.24
-28.33	38.46	23.24
-28.33	38.46	23.22
-28.50	37.85	23.22
-28.50	37.85	23.22
-28.99	37.32	22.63
-28.99	37.32	22.63
-29.19	36.77	23.19
-29.19	36.77	23.19
-29.11	36.11	23.45
-29.11	36.11	23.45
-28.84	35.6	22.68
-28.84	35.6	22.68
-27.95	33.69	23.59
-27.95	33.69	23.59
-27.95	32.67	23.66
-27.68	32.67	23.66
-27.68	32.67	24.18
-27.39	31.36	24.18
-27.39	31.36	24.18
-26.74	30.7	24.16
-26.74	30.7	24.16
-26.4	29.5	24.47
-26.4	29.5	24.47
-25.60	28.25	24.30
-25.60	28.25	24.30
-25.3	27.16	24.26
-25.3	27.16	24.26
-24.21	26.28	24.87
-24.21	26.28	24.87
-23.20	25.5	23.55
-23.20	25.5	23.55
-23.20	25.5	22.80
-21.97	23.95	22.80
-21.97	23.95	22.80
-20.94	22.87	23.23
-20.94	22.87	23.23
-20.15	22.17	22.68
-20.15	22.17	22.68
-19.37	21.50	21.90
-19.37	21.50	21.90
-18.32	20.43	21.42
-18.32	20.43	21.42
-17.20	19.56	21.80
-17.20	19.56	21.80
-16.23	18.66	20.39
-16.23	18.66	20.39
-16.23	18.66	19.53
-15.23	17.91	19.53
-15.23	17.91	19.53
-13.95	17.19	18.76
-13.95	17.19	18.76
-12.40	16.19	16.97
-12.40	16.19	16.97
-11.34	15.56	16.86
-11.34	15.56	16.86
-10.71	15.76	16.54
-10.71	15.76	16.54
-10.13	15.86	16.20
-10.13	15.86	16.20
-9.56	14.22	15.56
-9.56	14.22	15.56
-9.56	14.22	13.84
-8.75	13.71	13.84
-8.75	13.71	13.84
-8.30	13.23	13.11
-8.30	13.23	13.11
-7.60	12.61	12.44
-7.60	12.61	12.44
-6.97	11.95	10.72
-6.97	11.95	10.72
-6.40	10.75	9.78
-6.40	10.75	9.78
-6.7	9.64	7.56
-6.7	9.64	7.56
-6.7	8.91	7.76
-5.71	8.91	7.76
-5.71	8.91	7.76
-5.32	8.51	5.60
-5.32	8.51	5.60
-5.1	8.7	4.71
-5.1	8.7	4.71
-4.79	7.2	3.24
-4.79	7.2	3.24
-4.88	6.12	2.52
-4.88	6.12	2.52
-4.75	5.61	0.94
-4.75	5.61	0.94
-4.75	5.59	0.94
-4.59	5.59	0.94
-4.59	5.59	0.94
-4.44	5.28	0.71
-4.44	5.28	0.71
-4.90	4.40	-1.36
-4.90	4.40	-1.36
-5.69	3.20	-1.68
-5.69	3.20	-1.68
-6.25	2.31	-2.46
-6.25	2.31	-2.46
-6.62	1.93	-2.73
-6.62	1.93	-2.73
-6.62	1.34	-3.76
-7.3	1.34	-3.76
-7.3	1.34	-3.76
-7.80	0.30	-3.51
-7.80	0.30	-3.51
-9.3	0.67	-3.69
-9.3	0.67	-3.69
-9.72	-1.25	-3.72
-9.72	-1.25	-3.72
-10.44	-1.87	-4.19
-10.44	-1.87	-4.19
-11.11	-2.38	-4.9
-11.11	-2.38	-4.9
-11.11	-2.94	-3.99
-12.2	-2.94	-3.99
-12.2	-2.94	-3.99
-13.58	-3.54	-4.2
-13.58	-3.54	-4.2
-14.97	-4.28	-4.3
-14.97	-4.28	-4.3
-15.86	-4.51	-3.63
-15.86	-4.51	-3.63
-16.68	-4.88	-3.14
-16.68	-4.88	-3.14
-17.36	-4.99	-2.71
-17.36	-4.99	-2.71
-17.36	-5.8	-2.59
-18.4	-5.8	-2.59
-18.4	-5.8	-1.86
-19.11	-5.50	-1.86
-19.11	-5.50	-1.86
-20.52	-5.63	0.81
-20.52	-5.63	0.81
-22.28	-5.74	0.61
-22.28	-5.74	0.61
-23.47	-5.76	0.1
-23.47	-5.76	0.1
-24.10	-5.67	1.28
-24.10	-5.67	1.28
-24.10	-5.67	1.30
-24.87	-5.67	1.30
-24.87	-5.67	0.75
-25.63	-5.68	0.75
-25.63	-5.68	0.75
-26.42	-5.55	1.27
-26.42	-5.55	1.27
-27.58	-5.47	1.67
-27.58	-5.47	1.67
-28.60	-5.54	1.69
-28.60	-5.54	1.69
-30.14	-5.21	2.23
-30.14	-5.21	2.23
-31.43	-5.14	3.53
-31.43	-5.14	3.53
-31.43	-5.14	2.76
-32.88	-4.79	2.76
-32.88	-4.79	2.76
-34.30	-4.53	2.21
-34.30	-4.53	2.21
-35.83	-4.12	2.6
-35.83	-4.12	2.6
-37.39	-3.81	2.25
-37.39	-3.81	2.25
-38.97	-3.9	2.27
-38.97	-3.9	2.27
-40.55	-2.18	3.72
-40.55	-2.18	3.72
-40.55	-1.23	5.34
-42.33	-1.23	5.34
-42.33	-1.23	5.34
-43.59	0.14	7.17
-43.59	0.14	7.17
-44.52	0.79	6.96
-44.52	0.79	6.96
-45.31	2.1	7.96
-45.31	2.1	7.96
-46.15	3.1	8.15
-46.15	3.1	8.15
-46.81	4.9	9.97
-46.81	4.9	9.97
-46.81	5.17	10.63
-47.31	5.17	10.63
-47.31	5.17	11.40
-47.48	6.22	11.40
-47.48	6.22	11.40
-47.62	7.8	12.44
-47.62	7.8	12.44
-47.47	7.87	13.56
-47.47	7.87	13.56
-46.95	8.61	14.85
-46.95	8.61	14.85
-46.27	9.42	15.68
-46.27	9.42	15.68
-45.54	10.23	16.42
-45.54	10.23	16.42
-45.54	11.38	18.82
-44.95	11.38	18.82
-44.95	11.38	19.90
-44.10	12.42	19.90
-44.10	12.42	19.90
-42.90	13.55	21.33
-42.90	13.55	21.33
-41.81	14.77	21.55
-41.81	14.77	21.55
-40.73	15.92	23.69
-40.73	15.92	23.69
-39.26	17.32	24.68
-39.26	17.32	24.68
-38.15	18.57	25.46
-38.15	18.57	25.46
-38.15	19.68	25.91
-37.32	19.68	25.91
-37.32	19.68	26.81
-36.45	20.88	26.81
-36.45	20.88	26.81
-35.47	22.14	26.95
-35.47	22.14	26.95
-34.30	23.47	27.57
-34.30	23.47	27.57
-32.94	24.83	28.79
-32.94	24.83	28.79
-31.68	25.76	28.88
-31.68	25.76	28.88
-30.62	26.92	29.29
-30.62	26.92	29.29
-29.49	28.15	28.8
-29.49	28.15	28.8
-29.49	28.15	29.26
-28.8	29.50	29.26
-28.8	29.50	29.26
-26.44	30.95	28.15
-26.44	30.95	28.15
-25.5	32.6	29.81
-25.5	32.6	29.81
-23.60	33.11	28.65
-23.60	33.11	28.65
-21.90	34.19	28.56
-21.90	34.19	28.56
-20.30	35.27	28.50
-20.30	35.27	28.50
-18.91	36.95	29.2
-18.91	36.95	29.2
-18.91	37.17	27.45
-17.40	37.17	27.45
-17.40	37.17	27.45
-15.37	38.29	26.63
-15.37	38.29	26.63
-13.87	39.0	26.41
-13.87	39.0	26.41
-12.50	39.76	26.7
-12.50	39.76	26.7
-11.20	40.32	25.29
-11.20	40.32	25.29
-10.11	41.14	25.43
-10.11	41.14	25.43
-9.61	42.24	24.62
-9.61	42.24	24.62
-9.61	43.11	23.39
-9.2	43.11	23.39
-9.2	43.11	23.39
-8.6	43.68	22.87
-8.6	43.68	22.87
-7.23	44.80	21.43
-7.23	44.80	21.43
-6.72	46.5	20.29
-6.72	46.5	20.29
-6.8	46.28	19.0
-6.8	46.28	19.0
-5.31	46.12	20.0
-5.31	46.12	20.0
-4.63	45.91	18.0
-4.63	45.91	18.0
-4.63	45.91	17.92
-4.47	46.47	17.92
-4.47	46.47	17.92
-4.75	47.0	17.44
-4.75	47.0	17.44
-3.74	47.23	16.51
-3.74	47.23	16.51
-2.88	46.75	15.82
-2.88	46.75	15.82
-2.0	46.58	15.6
-2.0	46.58	15.6
-1.40	46.83	14.1
-1.40	46.83	14.1
-1.40	46.96	14.9
0.75	46.96	14.9
0.75	46.96	14.9
0.0	46.65	13.18
0.0	46.65	13.18
0.79	46.96	11.31
0.79	46.96	11.31
1.0	47.75	8.80
1.0	47.75	8.80
1.30	48.63	8.6
1.30	48.63	8.6
1.42	49.31	7.34
1.42	49.31	7.34
1.42	49.85	4.28
1.71	49.85	4.28
1.71	49.85	4.28
2.22	50.7	3.30
2.22	50.7	3.30
2.60	50.4	1.78
2.60	50.4	1.78
2.98	50.36	0.38
2.98	50.36	0.38
3.28	50.15	-2.45
3.28	50.15	-2.45
3.67	49.97	-4.97
3.67	49.97	-4.97
3.67	49.50	-7.4
3.89	49.50	-7.4
3.89	49.50	-7.4
3.92	49.43	-8.42
3.92	49.43	-8.42
3.68	49.23	-9.51
3.68	49.23	-9.51
3.33	49.39	-11.80
3.33	49.39	-11.80
2.96	49.41	-13.32
2.96	49.41	-13.32
2.66	49.11	-14.15
2.66	49.11	-14.15
2.42	49.25	-14.6
2.42	49.25	-14.6
2.42	49.25	-15.27
1.95	49.33	-15.27
1.95	49.33	-15.27
1.15	49.46	-17.21
1.15	49.46	-17.21
0.55	49.67	-18.21
0.55	49.67	-18.21
0.11	49.55	-18.99
0.11	49.55	-18.99
0.28	49.45	-19.39
0.28	49.45	-19.39
0.71	49.37	-19.71
0.71	49.37	-19.71
0.71	49.13	-21.16
-1.18	49.13	-21.16
-1.18	49.13	-21.16
-1.69	48.92	-21.52
-1.69	48.92	-21.52
-2.37	48.79	-22.79
-2.37	48.79	-22.79
-3.3	48.63	-24.5
-3.3	48.63	-24.5
-4.11	48.58	-24.86
-4.11	48.58	-24.86
-5.7	48.15	-25.38
-5.7	48.15	-25.38
-6.20	47.95	-26.83
-6.20	47.95	-26.83
-6.20	47.91	-27.74
-7.45	47.91	-27.74
-7.45	47.91	-27.74
-8.82	48.8	-29.37
-8.82	48.8	-29.37
-10.52	47.58	-29.32
-10.52	47.58	-29.32
-11.78	46.84	-30.99
-11.78	46.84	-30.99
-12.92	46.50	-31.27
-12.92	46.50	-31.27
-13.87	45.87	-32.68
-13.87	45.87	-32.68
-15.0	45.36	-33.20
-15.0	45.36	-33.20
-15.0	44.83	-33.58
-15.95	44.83	-33.58
-15.95	44.83	-33.58
-16.87	44.21	-34.91
-16.87	44.21	-34.91
-17.92	43.36	-34.92
-17.92	43.36	-34.92
-19.13	42.51	-35.25
-19.13	42.51	-35.25
-20.32	42.28	-35.52
-20.32	42.28	-35.52
-21.62	41.72	-36.55
-21.62	41.72	-36.55
-23.14	41.20	-35.69
-23.14	41.20	-35.69
-24.65	40.35	-36.45
-24.65	40.35	-36.45
-24.65	40.35	-36.73
-26.45	39.37	-36.73
-26.45	39.37	-36.73
-28.4	38.31	-37.96
-28.4	38.31	-37.96
-29.47	37.8	-37.63
-29.47	37.8	-37.63
-30.95	36.23	-37.54
-30.95	36.23	-37.54
-32.56	35.27	-37.23
-32.56	35.27	-37.23
-34.30	34.24	-37.83
-34.30	34.24	-37.83
-35.96	33.50	-37.29
-35.96	33.50	-37.29
-35.96	33.4	-37.46
-37.11	33.4	-37.46
-37.11	33.4	-37.46
-38.12	32.91	-36.7
-38.12	32.91	-36.7
-39.33	32.53	-35.72
-39.33	32.53	-35.72
-40.47	31.85	-35.49
-40.47	31.85	-35.49
-41.52	31.28	-34.86
-41.52	31.28	-34.86
-42.36	30.85	-35.38
-42.36	30.85	-35.38
-43.3	31.11	-35.10
-43.3	31.11	-35.10
-43.3	31.59	-34.58
-43.32	31.59	-34.58
-43.32	31.59	-34.96
-43.48	32.17	-34.96
-43.48	32.17	-34.96
-43.61	32.62	-34.27
-43.61	32.62	-34.27
-43.83	33.19	-33.59
-43.83	33.19	-33.59
-43.95	34.7	-33.85
-43.95	34.7	-33.85
-43.47	35.59	-33.92
-43.47	35.59	-33.92
-42.27	38.35	-32.60
-42.27	38.35	-32.60
-41.43	40.88	-33.6
-41.43	40.88	-33.6
-41.43	42.7	-32.44
-41.16	42.7	-32.44
-41.16	42.7	-32.44
-41.25	43.20	-32.46
-41.25	43.20	-32.46
-41.30	44.46	-31.37
-41.30	44.46	-31.37
-41.30	45.58	-30.84
-41.30	45.58	-30.84
-41.30	46.72	-30.35
-41.30	46.72	-30.35
-41.14	47.99	-29.44
-41.14	47.99	-29.44
-41.26	49.27	-28.71
-41.26	49.27	-28.71
-41.26	50.27	-28.27
-41.5	50.27	-28.27
-41.5	50.27	-26.63
-40.66	51.37	-26.63
-40.66	51.37	-26.63
-39.97	52.39	-27.3
-39.97	52.39	-27.3
-39.25	53.66	-26.10
-39.25	53.66	-26.10
-38.89	54.66	-25.50
-38.89	54.66	-25.50
-38.84	55.5	-25.32
-38.84	55.5	-25.32
-38.3	55.80	-26.2
-38.3	55.80	-26.2
-36.82	56.43	-24.83
-36.82	56.43	-24.83
-36.82	56.43	-25.78
-35.68	56.67	-25.78
-35.68	56.67	-25.78
-34.47	56.81	-25.40
-34.47	56.81	-25.40
-33.29	56.65	-25.23
-33.29	56.65	-25.23
-32.3	56.55	-24.56
-32.3	56.55	-24.56
-30.28	56.58	-24.97
-30.28	56.58	-24.97
-28.54	56.67	-24.12
-28.54	56.67	-24.12
-26.71	56.83	-23.97
-26.71	56.83	-23.97
-26.71	56.93	-23.73
-24.84	56.93	-23.73
-24.84	56.93	-22.50
-23.42	56.48	-22.50
-23.42	56.48	-22.50
-21.54	55.76	-22.79
-21.54	55.76	-22.79
-19.30	55.2	-22.19
-19.30	55.2	-22.19
-17.58	54.44	-20.80
-17.58	54.44	-20.80
-16.70	53.84	-20.41
-16.70	53.84	-20.41
-15.77	53.27	-20.16
-15.77	53.27	-20.16
-14.65	52.96	-19.93
-14.65	52.96	-19.93
-14.65	52.96	-18.85
-13.35	52.39	-18.85
-13.35	52.39	-18.85
-12.5	51.88	-19.9
-12.5	51.88	-19.9
-10.55	51.51	-19.31
-10.55	51.51	-19.31
-9.33	51.26	-19.35
-9.33	51.26	-19.35
-8.6	50.61	-19.51
-8.6	50.61	-19.51
-6.28	50.0	-17.99
-6.28	50.0	-17.99
-3.99	49.27	-18.13
-3.99	49.27	-18.13
-3.99	49.27	-16.54
-2.21	48.38	-16.54
-2.21	48.38	-16.54
0.68	47.31	-15.61
0.68	47.31	-15.61
0.11	46.36	-15.55
0.11	46.36	-15.55
0.61	45.60	-15.79
0.61	45.60	-15.79
1.15	44.70	-15.87
1.15	44.70	-15.87
1.87	43.66	-16.73
1.87	43.66	-16.73
1.87	42.35	-16.14
2.44	42.35	-16.14
2.44	42.35	-16.72
3.9	41.14	-16.72
3.9	41.14	-16.72
3.57	39.99	-16.45
3.57	39.99	-16.45
4.4	38.88	-16.45
4.4	38.88	-16.45
4.31	37.64	-15.43
4.31	37.64	-15.43
4.48	36.66	-15.35
4.48	36.66	-15.35
4.74	35.77	-15.25
4.74	35.77	-15.25
4.74	34.81	-16.3
4.99	34.81	-16.3
4.99	34.81	-16.3
5.15	33.75	-16.63
5.15	33.75	-16.63
5.23	32.71	-15.89
5.23	32.71	-15.89
5.22	31.67	-16.99
5.22	31.67	-16.99
5.7	30.51	-16.81
5.7	30.51	-16.81
4.95	29.45	-16.63
4.95	29.45	-16.63
5.3	28.57	-17.53
5.3	28.57	-17.53
5.3	28.57	-17.34
5.14	27.94	-17.34
5.14	27.94	-17.34
5.8	27.57	-17.23
5.8	27.57	-17.23
5.17	26.78	-17.4
5.17	26.78	-17.4
4.88	25.79	-17.72
4.88	25.79	-17.72
4.81	25.27	-17.47
4.81	25.27	-17.47
4.88	24.97	-17.24
4.88	24.97	-17.24
4.88	24.51	-17.96
4.77	24.51	-17.96
4.77	24.51	-17.96
4.67	24.5	-16.70
4.67	24.5	-16.70
4.50	23.1	-18.11
4.50	23.1	-18.11
4.23	22.13	-17.39
4.23	22.13	-17.39
4.8	21.54	-17.56
4.8	21.54	-17.56
4.0	21.2	-17.31
4.0	21.2	-17.31
3.65	20.17	-18.33
3.65	20.17	-18.33
3.65	20.17	-18.76
3.35	19.3	-18.76
3.35	19.3	-18.76
3.3	18.1	-18.11
3.3	18.1	-18.11
2.80	17.20	-18.18
2.80	17.20	-18.18
2.66	16.39	-17.24
2.66	16.39	-17.24
2.27	15.43	-18.23
2.27	15.43	-18.23
1.69	14.39	-17.46
1.69	14.39	-17.46
1.69	12.67	-17.48
0.98	12.67	-17.48
0.98	12.67	-16.19
0.5	10.92	-16.19
0.5	10.92	-16.19
0.98	9.8	-16.4
0.98	9.8	-16.4
-2.19	7.36	-15.77
-2.19	7.36	-15.77
-3.36	5.54	-15.95
-3.36	5.54	-15.95
-4.51	4.0	-13.70
-4.51	4.0	-13.70
-4.51	2.15	-12.15
-5.82	2.15	-12.15
-5.82	2.15	-11.19
-7.84	0.44	-11.19
-7.84	0.44	-11.19
-10.13	-1.32	-10.30
-10.13	-1.32	-10.30
-11.80	-2.48	-9.4
-11.80	-2.48	-9.4
-13.10	-3.43	-6.75
-13.10	-3.43	-6.75
-14.99	-4.40	-4.32
-14.99	-4.40	-4.32
-17.81	-5.20	-3.71
-17.81	-5.20	-3.71
-17.81	-5.20	-1.39
-20.71	-5.92	-1.39
-20.71	-5.92	-1.39
-23.6	-6.28	0.67
-23.6	-6.28	0.67
-24.98	-6.9	1.3
-24.98	-6.9	1.3
-26.74	-5.81	3.57
-26.74	-5.81	3.57
-28.84	-5.27	4.55
-28.84	-5.27	4.55
-31.47	-4.66	5.86
-31.47	-4.66	5.86
-31.47	-3.76	7.27
-34.32	-3.76	7.27
-34.32	-3.76	7.27
-36.31	-2.92	7.77
-36.31	-2.92	7.77
-38.30	-1.60	9.11
-38.30	-1.60	9.11
-40.16	0.17	10.88
-40.16	0.17	10.88
-41.93	1.20	12.15
-41.93	1.20	12.15
-43.67	2.96	12.42
-43.67	2.96	12.42
-45.20	4.36	12.24
-45.20	4.36	12.24
-45.20	4.36	14.15
-46.47	5.63	14.15
-46.47	5.63	14.15
-47.22	7.0	13.34
-47.22	7.0	13.34
-48.3	8.51	14.79
-48.3	8.51	14.79
-49.33	10.3	14.75
-49.33	10.3	14.75
-50.19	11.43	14.85
-50.19	11.43	14.85
-50.78	13.3	15.29
-50.78	13.3	15.29
-50.78	14.80	16.18
-51.13	14.80	16.18
-51.13	14.80	16.83
-51.50	16.68	16.83
-51.50	16.68	16.83
-51.70	18.47	17.10
-51.70	18.47	17.10
-52.23	19.66	17.36
-52.23	19.66	17.36
-53.2	20.79	16.49
-53.2	20.79	16.49
-53.71	22.36	16.31
-53.71	22.36	16.31
-54.24	24.31	17.28
-54.24	24.31	17.28
-54.30	26.39	16.47
-54.30	26.39	16.47
-54.30	26.39	18.3
-53.99	28.25	18.3
-53.99	28.25	18.3
-53.58	30.6	16.89
-53.58	30.6	16.89
-53.37	32.31	17.15
-53.37	32.31	17.15
-53.7	34.36	17.55
-53.7	34.36	17.55
-52.91	36.55	17.75
-52.91	36.55	17.75
-52.60	39.0	16.33
-52.60	39.0	16.33
-51.66	41.72	15.92
-51.66	41.72	15.92
-51.66	41.72	16.75
-50.40	44.46	16.75
-50.40	44.46	16.75
-48.90	46.73	15.50
-48.90	46.73	15.50
-47.7	48.47	16.3
-47.7	48.47	16.3
-45.83	50.15	15.27
-45.83	50.15	15.27
-44.46	51.57	15.54
-44.46	51.57	15.54
-43.2	52.84	15.91
-43.2	52.84	15.91
-41.68	53.88	15.13
-41.68	53.88	15.13
-41.68	55.22	14.36
-40.3	55.22	14.36
-40.3	55.22	14.36
-38.30	56.66	14.26
-38.30	56.66	14.26
-35.88	57.43	13.24
-35.88	57.43	13.24
-33.99	57.99	13.82
-33.99	57.99	13.82
-32.10	58.3	14.27
-32.10	58.3	14.27
-30.64	58.32	13.28
-30.64	58.32	13.28
-29.23	58.23	14.3
-29.23	58.23	14.3
-29.23	58.1	14.38
-27.89	58.1	14.38
-27.89	58.1	14.38
-26.55	57.88	14.96
-26.55	57.88	14.96
-25.10	57.44	14.94
-25.10	57.44	14.94
-23.38	56.49	15.74
-23.38	56.49	15.74
-20.80	55.7	16.19
-20.80	55.7	16.19
-18.32	53.23	17.23
-18.32	53.23	17.23
-17.42	51.76	17.83
-17.42	51.76	17.83
-17.42	49.10	19.83
-16.97	49.10	19.83
-16.97	49.10	20.20
-15.87	46.15	20.20
-15.87	46.15	20.20
-14.55	44.44	19.87
-14.55	44.44	19.87
-13.86	43.16	19.69
-13.86	43.16	19.69
-13.51	41.69	19.64
-13.51	41.69	19.64
-12.99	41.39	19.75
-12.99	41.39	19.75
-12.83	41.1	18.93
-12.83	41.1	18.93
-12.88	40.26	19.29
-12.88	40.26	19.29
-12.88	40.26	18.54
-12.96	39.26	18.54
-12.96	39.26	18.54
-13.34	38.40	18.74
-13.34	38.40	18.74
-13.51	38.30	19.17
-13.51	38.30	19.17
-13.85	38.55	18.20
-13.85	38.55	18.20
-14.45	38.52	17.95
-14.45	38.52	17.95
-15.31	38.19	16.99
-15.31	38.19	16.99
-16.56	38.17	18.43
-16.56	38.17	18.43
-16.56	37.55	18.30
-17.86	37.55	18.30
-17.86	37.55	18.30
-18.20	37.0	18.55
-18.20	37.0	18.55
-18.47	36.74	18.23
-18.47	36.74	18.23
-18.63	36.91	17.50
-18.63	36.91	17.50
-19.20	37.54	18.71
-19.20	37.54	18.71
-19.68	37.92	18.81
-19.68	37.92	18.81
-20.57	37.76	19.74
-20.57	37.76	19.74
-20.57	37.27	18.74
-21.59	37.27	18.74
-21.59	37.27	19.17
-22.77	37.19	19.17
-22.77	37.19	19.17
-23.87	37.41	20.1
-23.87	37.41	20.1
-24.94	37.73	19.90
-24.94	37.73	19.90
-25.81	38.23	19.83
-25.81	38.23	19.83
-26.74	38.68	21.3
-26.74	38.68	21.3
-27.70	38.71	21.49
-27.70	38.71	21.49
-27.70	38.64	21.69
-28.59	38.64	21.69
-28.59	38.64	22.69
-29.19	38.27	22.69
-29.19	38.27	22.69
-29.58	37.68	23.25
-29.58	37.68	23.25
-29.86	37.19	23.54
-29.86	37.19	23.54
-30.19	36.71	23.63
-30.19	36.71	23.63
-30.69	36.64	25.1
-30.69	36.64	25.1
-31.4	36.8	25.35
-31.4	36.8	25.35
-30.75	35.12	25.77
-30.75	35.12	25.77
-30.75	35.12	25.46
-29.96	34.0	25.46
-29.96	34.0	25.46
-29.79	33.7	25.54
-29.79	33.7	25.54
-30.7	32.54	26.67
-30.7	32.54	26.67
-30.14	32.5	26.17
-30.14	32.5	26.17
-29.71	30.96	26.16
-29.71	30.96	26.16
-29.13	29.52	27.81
-29.13	29.52	27.81
-28.16	28.11	28.32
-28.16	28.11	28.32
-28.16	28.11	26.61
-27.22	26.80	26.61
-27.22	26.80	26.61
-26.83	26.1	27.37
-26.83	26.1	27.37
-26.80	25.47	26.55
-26.80	25.47	26.55
-26.32	24.56	26.76
-26.32	24.56	26.76
-25.21	23.37	26.18
-25.21	23.37	26.18
-23.93	22.3	26.5
-23.93	22.3	26.5
-22.85	21.4	26.3
-22.85	21.4	26.3
-22.85	21.4	25.77
-22.23	20.11	25.77
-22.23	20.11	25.77
-21.71	19.39	25.23
-21.71	19.39	25.23
-21.47	18.25	24.57
-21.47	18.25	24.57
-21.11	16.97	24.47
-21.11	16.97	24.47
-20.44	15.30	23.49
-20.44	15.30	23.49
-19.52	13.83	22.66
-19.52	13.83	22.66
-18.81	12.73	22.71
-18.81	12.73	22.71
-18.81	11.94	20.59
-18.38	11.94	20.59
-18.38	11.94	20.59
-17.77	11.59	20.70
-17.77	11.59	20.70
-17.39	10.96	20.52
-17.39	10.96	20.52
-16.72	10.61	19.62
-16.72	10.61	19.62
-16.0	10.11	18.67
-16.0	10.11	18.67
-14.94	9.36	17.52
-14.94	9.36	17.52
-13.43	9.14	16.54
-13.43	9.14	16.54
-13.43	9.8	16.42
-12.28	9.8	16.42
-12.28	9.8	16.42
-11.51	8.44	15.2
-11.51	8.44	15.2
-10.58	7.78	14.7
-10.58	7.78	14.7
-9.35	7.44	12.35
-9.35	7.44	12.35
-8.43	7.11	9.78
-8.43	7.11	9.78
-7.55	6.43	8.86
-7.55	6.43	8.86
-7.55	5.43	6.51
-6.63	5.43	6.51
-6.63	5.43	6.51
-6.3	4.80	4.5
-6.3	4.80	4.5
-5.35	4.38	0.93
-5.35	4.38	0.93
-4.70	4.55	0.50
-4.70	4.55	0.50
-4.4	4.81	0.90
-4.4	4.81	0.90
-3.62	5.11	-1.43
-3.62	5.11	-1.43
-3.62	5.11	-3.95
-3.11	5.42	-3.95
-3.11	5.42	-3.95
-2.42	6.19	-3.15
-2.42	6.19	-3.15
-1.78	6.58	-5.15
-1.78	6.58	-5.15
-1.30	7.23	-5.46
-1.30	7.23	-5.46
0.86	7.80	-6.13
0.86	7.80	-6.13
0.19	8.58	-7.75
0.19	8.58	-7.75
0.19	8.58	-9.30
0.29	9.4	-9.30
0.29	9.4	-9.30
0.39	9.52	-9.44
0.39	9.52	-9.44
0.63	9.95	-10.82
0.63	9.95	-10.82
0.83	10.72	-12.12
0.83	10.72	-12.12
0.90	11.44	-13.15
0.90	11.44	-13.15
0.90	12.53	-15.43
1.13	12.53	-15.43
1.13	12.53	-17.35
1.17	13.68	-17.35
1.17	13.68	-17.35
0.80	14.62	-18.98
0.80	14.62	-18.98
0.3	15.35	-20.68
0.3	15.35	-20.68
0.83	16.66	-24.2
0.83	16.66	-24.2
-1.91	17.57	-24.79
-1.91	17.57	-24.79
-2.82	18.45	-27.15
-2.82	18.45	-27.15
-2.82	18.45	-27.92
-3.35	19.42	-27.92
-3.35	19.42	-27.92
-4.7	20.33	-29.47
-4.7	20.33	-29.47
-4.80	21.9	-29.43
-4.80	21.9	-29.43
-5.56	22.36	-30.79
-5.56	22.36	-30.79
-6.63	24.3	-32.74
-6.63	24.3	-32.74
-7.61	25.72	-34.29
-7.61	25.72	-34.29
-8.48	26.96	-34.43
-8.48	26.96	-34.43
-8.48	26.96	-35.1
-9.57	28.39	-35.1
-9.57	28.39	-35.1
-10.66	30.41	-35.35
-10.66	30.41	-35.35
-11.72	32.74	-36.0
-11.72	32.74	-36.0
-13.42	34.63	-36.44
-13.42	34.63	-36.44
-14.97	36.49	-36.53
-14.97	36.49	-36.53
-16.92	38.16	-36.58
-16.92	38.16	-36.58
-19.39	39.64	-36.67
-19.39	39.64	-36.67
-19.39	39.64	-37.17
-21.51	40.26	-37.17
-21.51	40.26	-37.17
-23.47	41.10	-37.37
-23.47	41.10	-37.37
-25.50	42.20	-37.35
-25.50	42.20	-37.35
-27.40	43.85	-35.96
-27.40	43.85	-35.96
-29.19	44.14	-36.18
-29.19	44.14	-36.18
-31.22	44.48	-35.63
-31.22	44.48	-35.63
-33.20	44.53	-34.73
-33.20	44.53	-34.73
-33.20	44.27	-34.36
-34.87	44.27	-34.36
-34.87	44.27	-33.49
-36.48	44.34	-33.49
-36.48	44.34	-33.49
-37.76	44.40	-33.83
-37.76	44.40	-33.83
-39.22	44.84	-32.78
-39.22	44.84	-32.78
-40.95	44.60	-32.24
-40.95	44.60	-32.24
-42.39	44.2	-31.36
-42.39	44.2	-31.36
-43.97	43.64	-31.99
-43.97	43.64	-31.99
-45.40	42.55	-30.71
-45.40	42.55	-30.71
-45.40	40.9	-31.30
-47.9	40.9	-31.30
-47.9	40.9	-31.30
-49.68	35.87	-30.77
-49.68	35.87	-30.77
-51.31	32.1	-29.64
-51.31	32.1	-29.64
-52.71	31.16	-28.92
-52.71	31.16	-28.92
-54.33	31.3	-27.63
-54.33	31.3	-27.63
-55.97	30.2	-26.64
-55.97	30.2	-26.64
-56.92	28.88	-25.59
-56.92	28.88	-25.59
-56.92	28.29	-23.35
-57.82	28.29	-23.35
-57.82	28.29	-23.35
-58.81	28.6	-23.26
-58.81	28.6	-23.26
-59.75	27.28	-21.55
-59.75	27.28	-21.55
-60.47	26.49	-19.52
-60.47	26.49	-19.52
-61.26	26.15	-19.76
-61.26	26.15	-19.76
-62.12	26.17	-18.7
-62.12	26.17	-18.7
-62.87	26.5	-15.79
-62.87	26.5	-15.79
-62.87	25.56	-15.23
-63.52	25.56	-15.23
-63.52	25.56	-12.43
-64.10	25.62	-12.43
-64.10	25.62	-12.43
-64.48	25.89	-12.43
-64.48	25.89	-12.43
-64.92	25.82	-11.35
-64.92	25.82	-11.35
-65.19	26.50	-10.53
-65.19	26.50	-10.53
-65.27	27.95	-10.54
-65.27	27.95	-10.54
-65.18	29.59	-10.64
-65.18	29.59	-10.64
-65.23	30.13	-10.52
-65.23	30.13	-10.52
-65.23	31.31	-11.92
-65.14	31.31	-11.92
-65.14	31.31	-11.92
-64.66	33.62	-12.41
-64.66	33.62	-12.41
-63.83	36.87	-12.80
-63.83	36.87	-12.80
-62.91	38.46	-13.84
-62.91	38.46	-13.84
-62.1	39.56	-16.25
-62.1	39.56	-16.25
-61.19	39.80	-17.75
-61.19	39.80	-17.75
-60.35	39.77	-21.37
-60.35	39.77	-21.37
-60.35	39.84	-22.60
-59.46	39.84	-22.60
-59.46	39.84	-22.87
-58.61	39.43	-22.87
-58.61	39.43	-22.87
-58.0	38.84	-24.99
-58.0	38.84	-24.99
-57.68	37.11	-26.0
-57.68	37.11	-26.0
-57.0	34.92	-27.3
-57.0	34.92	-27.3
-55.99	33.13	-28.26
-55.99	33.13	-28.26
-55.58	32.5	-28.95
-55.58	32.5	-28.95
-55.73	29.71	-28.69
-55.73	29.71	-28.69
-55.73	29.71	-29.60
-55.37	27.16	-29.60
-55.37	27.16	-29.60
-54.94	24.98	-28.87
-54.94	24.98	-28.87
-53.97	22.60	-29.31
-53.97	22.60	-29.31
-53.48	20.38	-29.46
-53.48	20.38	-29.46
-53.20	18.8	-29.0
-53.20	18.8	-29.0
-52.2	15.9	-29.46
-52.2	15.9	-29.46
-50.61	12.1	-28.53
-50.61	12.1	-28.53
-50.61	8.92	-28.4
-49.6	8.92	-28.4
-49.6	8.92	-28.4
-48.16	6.34	-26.25
-48.16	6.34	-26.25
-47.24	4.53	-26.25
-47.24	4.53	-26.25
-46.25	3.5	-24.77
-46.25	3.5	-24.77
-45.27	1.36	-23.19
-45.27	1.36	-23.19
-44.29	0.29	-20.87
-44.29	0.29	-20.87
-43.21	-1.51	-18.29
-43.21	-1.51	-18.29
-43.21	-1.51	-17.10
-42.43	-2.46	-17.10
-42.43	-2.46	-17.10
-41.10	-3.57	-14.94
-41.10	-3.57	-14.94
-40.8	-4.77	-11.23
-40.8	-4.77	-11.23
-39.8	-5.31	-8.39
-39.8	-5.31	-8.39
-38.12	-5.63	-6.94
-38.12	-5.63	-6.94
-36.61	-5.92	-4.77
-36.61	-5.92	-4.77
-36.61	-6.24	-3.84
-34.14	-6.24	-3.84
-34.14	-6.24	0.43
-32.7	-6.8	0.43
-32.7	-6.8	0.43
-31.63	-5.72	1.90
-31.63	-5.72	1.90
-32.57	-5.63	2.65
-32.57	-5.63	2.65
-33.27	-5.64	2.95
-33.27	-5.64	2.95
-32.31	-5.31	3.83
-32.31	-5.31	3.83
-30.4	-4.95	4.91
-30.4	-4.95	4.91
-30.4	-4.95	5.87
-29.18	-4.82	5.87
-29.18	-4.82	5.87
-29.71	-4.71	5.33
-29.71	-4.71	5.33
-29.70	-4.16	6.55
-29.70	-4.16	6.55
-28.29	-3.6	8.43
-28.29	-3.6	8.43
-26.60	-1.58	10.44
-26.60	-1.58	10.44
-25.84	0.78	11.51
-25.84	0.78	11.51
-25.84	0.63	11.9
-26.51	0.63	11.9
-26.51	0.63	11.9
-27.42	0.60	11.29
-27.42	0.60	11.29
-27.31	0.18	12.48
-27.31	0.18	12.48
-26.44	0.40	12.66
-26.44	0.40	12.66
-25.70	1.21	13.47
-25.70	1.21	13.47
-25.78	1.61	12.65
-25.78	1.61	12.65
-26.1	2.15	13.18
-26.1	2.15	13.18
-26.1	2.15	14.95
-25.63	2.80	14.95
-25.63	2.80	14.95
-24.67	3.72	14.76
-24.67	3.72	14.76
-24.11	4.48	15.60
-24.11	4.48	15.60
-23.95	5.36	15.23
-23.95	5.36	15.23
-23.81	6.51	16.7
-23.81	6.51	16.7
-23.44	7.69	17.46
-23.44	7.69	17.46
-23.44	8.86	18.61
-23.3	8.86	18.61
-23.3	8.86	18.61
-22.24	10.28	18.67
-22.24	10.28	18.67
-21.43	11.52	20.14
-21.43	11.52	20.14
-20.65	12.67	20.45
-20.65	12.67	20.45
-19.86	13.58	21.19
-19.86	13.58	21.19
-19.3	14.35	20.94
-19.3	14.35	20.94
-17.91	15.3	21.90
-17.91	15.3	21.90
-17.91	15.58	21.71
-16.67	15.58	21.71
-16.67	15.58	20.36
-15.47	15.91	20.36
-15.47	15.91	20.36
-13.77	16.58	21.44
-13.77	16.58	21.44
-12.25	17.27	21.4
-12.25	17.27	21.4
-10.84	17.46	20.43
-10.84	17.46	20.43
-9.52	17.31	20.15
-9.52	17.31	20.15
-8.34	17.6	19.19
-8.34	17.6	19.19
-8.34	17.23	19.14
-7.11	17.23	19.14
-7.11	17.23	19.14
-5.79	17.50	17.88
-5.79	17.50	17.88
-4.44	17.78	16.65
-4.44	17.78	16.65
-3.31	17.88	16.0
-3.31	17.88	16.0
-2.37	17.78	15.75
-2.37	17.78	15.75
-1.34	17.52	14.84
-1.34	17.52	14.84
0.48	17.31	14.5
0.48	17.31	14.5
0.48	17.31	12.40
0.11	16.71	12.40
0.11	16.71	12.40
0.75	15.43	10.86
0.75	15.43	10.86
1.39	14.13	7.32
1.39	14.13	7.32
1.76	12.98	5.1
1.76	12.98	5.1
2.36	12.40	2.15
2.36	12.40	2.15
2.88	12.39	0.8
2.88	12.39	0.8
2.88	12.39	-2.31
2.91	12.5	-2.31
2.91	12.5	-2.31
2.77	11.62	-4.31
2.77	11.62	-4.31
2.79	11.57	-5.0
2.79	11.57	-5.0
2.79	11.64	-7.39
2.79	11.64	-7.39
2.91	12.21	-8.61
2.91	12.21	-8.61
2.96	12.81	-10.12
2.96	12.81	-10.12
2.96	13.40	-10.87
3.11	13.40	-10.87
3.11	13.40	-10.87
3.18	14.10	-12.30
3.18	14.10	-12.30
3.19	14.28	-13.13
3.19	14.28	-13.13
3.41	14.88	-12.61
3.41	14.88	-12.61
3.58	15.47	-12.84
3.58	15.47	-12.84
3.47	16.12	-13.27
3.47	16.12	-13.27
3.55	16.76	-14.63
3.55	16.76	-14.63
3.55	16.76	-16.5
3.45	17.83	-16.5
3.45	17.83	-16.5
3.44	18.81	-16.44
3.44	18.81	-16.44
3.53	19.71	-17.23
3.53	19.71	-17.23
3.60	20.83	-18.33
3.60	20.83	-18.33
3.70	21.75	-17.75
3.70	21.75	-17.75
3.55	22.43	-19.15
3.55	22.43	-19.15
3.55	23.40	-19.20
3.70	23.40	-19.20
3.70	23.40	-20.18
3.69	24.50	-20.18
3.69	24.50	-20.18
3.47	26.60	-20.56
3.47	26.60	-20.56
3.32	28.86	-21.13
3.32	28.86	-21.13
3.36	30.99	-20.38
3.36	30.99	-20.38
3.3	32.87	-21.11
3.3	32.87	-21.11
2.58	34.98	-22.52
2.58	34.98	-22.52
2.58	37.41	-21.58
1.81	37.41	-21.58
1.81	37.41	-21.58
0.61	39.71	-21.94
0.61	39.71	-21.94
0.95	42.59	-22.58
0.95	42.59	-22.58
-2.50	44.91	-23.30
-2.50	44.91	-23.30
-3.51	46.82	-22.39
-3.51	46.82	-22.39
-4.65	48.69	-22.47
-4.65	48.69	-22.47
-6.25	50.46	-22.0
-6.25	50.46	-22.0
-6.25	50.46	-21.90
-7.67	52.7	-21.90
-7.67	52.7	-21.90
-8.77	53.39	-19.91
-8.77	53.39	-19.91
-10.24	54.84	-19.47
-10.24	54.84	-19.47
-12.33	56.11	-19.30
-12.33	56.11	-19.30
-14.69	56.78	-20.46
-14.69	56.78	-20.46
-16.6	57.33	-20.32
-16.6	57.33	-20.32
-17.31	58.39	-18.23
-17.31	58.39	-18.23
-17.31	59.23	-17.59
-18.89	59.23	-17.59
-18.89	59.23	-17.59
-20.52	60.7	-17.23
-20.52	60.7	-17.23
-22.23	60.85	-14.44
-22.23	60.85	-14.44
-23.39	61.36	-12.84
-23.39	61.36	-12.84
-23.92	61.71	-11.55
-23.92	61.71	-11.55
-24.37	61.97	-10.15
-24.37	61.97	-10.15
-24.94	62.34	-8.78
-24.94	62.34	-8.78
-24.94	62.41	-6.75
-25.36	62.41	-6.75
-25.36	62.41	-3.78
-25.55	62.32	-3.78
-25.55	62.32	-3.78
-25.80	61.86	0.95
-25.80	61.86	0.95
-25.88	61.69	1.42
-25.88	61.69	1.42
-25.42	61.24	2.87
-25.42	61.24	2.87
-23.84	60.28	4.97
-23.84	60.28	4.97
-22.44	59.2	8.96
-22.44	59.2	8.96
-22.44	57.31	12.76
-21.74	57.31	12.76
-21.74	57.31	13.51
-21.36	55.17	13.51
-21.36	55.17	13.51
-20.69	52.0	18.35
-20.69	52.0	18.35
-19.45	48.68	21.9
-19.45	48.68	21.9
-18.19	45.11	22.3
-18.19	45.11	22.3
-18.13	41.62	23.58
-18.13	41.62	23.58
-18.62	37.91	26.12
-18.62	37.91	26.12
-18.62	34.3	27.31
-19.41	34.3	27.31
-19.41	34.3	27.93
-19.79	30.75	27.93
-19.79	30.75	27.93
-20.35	27.32	27.71
-20.35	27.32	27.71
-21.60	23.79	28.0
-21.60	23.79	28.0
-23.74	18.91	27.27
-23.74	18.91	27.27
-26.12	13.67	26.23
-26.12	13.67	26.23
-28.3	8.87	24.27
-28.3	8.87	24.27
-28.3	4.36	21.11
-29.64	4.36	21.11
-29.64	4.36	18.41
-31.26	0.91	18.41
-31.26	0.91	18.41
-33.24	-1.79	14.88
-33.24	-1.79	14.88
-35.31	-4.11	10.91
-35.31	-4.11	10.91
-36.91	-5.48	6.59
-36.91	-5.48	6.59
-37.79	-6.14	4.77
-37.79	-6.14	4.77
-38.40	-6.72	0.90
-38.40	-6.72	0.90
-38.40	-7.7	-1.5
-39.30	-7.7	-1.5
-39.30	-7.7	-1.5
-40.7	-7.1	-3.48
-40.7	-7.1	-3.48
-40.28	-6.66	-6.8
-40.28	-6.66	-6.8
-41.0	-6.15	-9.92
-41.0	-6.15	-9.92
-41.59	-5.27	-12.25
-41.59	-5.27	-12.25
-42.8	-4.29	-14.67
-42.8	-4.29	-14.67
-42.8	-3.35	-16.4
-42.72	-3.35	-16.4
-42.72	-3.35	-19.46
-43.21	-2.3	-19.46
-43.21	-2.3	-19.46
-43.47	0.91	-20.52
-43.47	0.91	-20.52
-43.32	0.38	-22.30
-43.32	0.38	-22.30
-43.15	1.67	-23.84
-43.15	1.67	-23.84
-42.75	2.55	-25.71
-42.75	2.55	-25.71
-42.51	3.61	-25.46
-42.51	3.61	-25.46
-42.51	4.88	-28.21
-42.59	4.88	-28.21
-42.59	4.88	-28.21
-42.90	6.86	-27.95
-42.90	6.86	-27.95
-43.42	8.45	-29.76
-43.42	8.45	-29.76
-43.75	10.30	-31.7
-43.75	10.30	-31.7
-44.3	12.49	-31.75
-44.3	12.49	-31.75
-44.3	14.88	-33.4
-44.3	14.88	-33.4
-44.3	16.59	-33.46
-44.3	16.59	-33.46
-44.3	19.58	-34.3
-44.7	19.58	-34.3
-44.7	19.58	-34.3
-44.0	24.76	-34.97
-44.0	24.76	-34.97
-43.69	30.17	-34.87
-43.69	30.17	-34.87
-43.15	34.18	-34.65
-43.15	34.18	-34.65
-42.69	36.12	-35.31
-42.69	36.12	-35.31
-42.27	35.85	-35.3
-42.27	35.85	-35.3
-41.57	35.88	-35.17
-41.57	35.88	-35.17
-41.57	37.36	-35.52
-40.84	37.36	-35.52
-40.84	37.36	-34.31
-40.19	40.51	-34.31
-40.19	40.51	-34.31
-39.63	44.24	-33.90
-39.63	44.24	-33.90
-38.79	47.74	-32.8
-38.79	47.74	-32.8
-37.52	51.13	-30.29
-37.52	51.13	-30.29
-36.23	52.33	-28.87
-36.23	52.33	-28.87
-34.88	51.53	-30.79
-34.88	51.53	-30.79
-33.32	52.0	-30.99
-33.32	52.0	-30.99
-33.32	52.0	-29.82
-31.82	53.82	-29.82
-31.82	53.82	-29.82
-30.63	56.76	-26.11
-30.63	56.76	-26.11
-29.16	59.54	-21.84
-29.16	59.54	-21.84
-27.52	61.64	-18.66
-27.52	61.64	-18.66
-25.83	63.23	-13.87
-25.83	63.23	-13.87
-23.61	63.80	-9.98
-23.61	63.80	-9.98
-21.14	63.62	-9.94
-21.14	63.62	-9.94
-21.14	63.18	-9.41
-19.26	63.18	-9.41
-19.26	63.18	-9.41
-17.28	62.83	-9.72
-17.28	62.83	-9.72
-14.87	62.11	-8.76
-14.87	62.11	-8.76
-12.80	61.35	-7.40
-12.80	61.35	-7.40
-10.88	60.50	-5.81
-10.88	60.50	-5.81
-9.38	59.67	-5.45
-9.38	59.67	-5.45
-8.42	59.26	-5.79
-8.42	59.26	-5.79
-8.42	58.68	-4.55
-7.92	58.68	-4.55
-7.92	58.68	-4.55
-7.6	58.27	-4.29
-7.6	58.27	-4.29
-5.75	57.40	-4.42
-5.75	57.40	-4.42
-4.51	56.37	-4.46
-4.51	56.37	-4.46
-3.71	55.68	-4.30
-3.71	55.68	-4.30
-3.35	55.52	-5.37
-3.35	55.52	-5.37
-3.11	55.36	-5.96
-3.11	55.36	-5.96
-3.11	55.36	-8.89
-3.11	55.46	-8.89
-3.11	55.46	-8.89
-3.44	55.19	-12.53
-3.44	55.19	-12.53
-4.94	54.51	-17.47
-4.94	54.51	-17.47
-5.21	53.46	-20.76
-5.21	53.46	-20.76
-3.27	48.75	-23.79
-3.27	48.75	-23.79
-1.17	41.85	-26.76
-1.17	41.85	-26.76
-1.17	38.7	-26.13
0.7	38.7	-26.13
0.7	38.7	-26.13
1.11	37.95	-24.39
1.11	37.95	-24.39
1.88	37.88	-23.51
1.88	37.88	-23.51
2.87	37.27	-21.71
2.87	37.27	-21.71
3.92	36.40	-20.16
3.92	36.40	-20.16
4.95	35.85	-19.1
4.95	35.85	-19.1
5.55	34.71	-17.81
5.55	34.71	-17.81
5.55	34.71	-16.0
5.89	33.48	-16.0
5.89	33.48	-16.0
6.48	32.91	-14.82
6.48	32.91	-14.82
6.68	32.56	-13.87
6.68	32.56	-13.87
6.91	32.49	-12.76
6.91	32.49	-12.76
7.0	32.61	-13.13
7.0	32.61	-13.13
7.5	32.87	-11.7
7.5	32.87	-11.7
7.5	33.24	-12.11
7.11	33.24	-12.11
7.11	33.24	-10.32
7.10	33.66	-10.32
7.10	33.66	-10.32
7.16	33.97	-10.60
7.16	33.97	-10.60
7.16	34.43	-9.20
7.16	34.43	-9.20
7.15	35.47	-8.68
7.15	35.47	-8.68
6.79	37.23	-6.9
6.79	37.23	-6.9
6.36	38.86	-6.19
6.36	38.86	-6.19
6.36	38.86	-4.98
5.43	40.98	-4.98
5.43	40.98	-4.98
4.51	43.76	-5.51
4.51	43.76	-5.51
3.70	45.96	-5.58
3.70	45.96	-5.58
2.96	46.97	-7.20
2.96	46.97	-7.20
2.66	47.41	-7.92
2.66	47.41	-7.92
2.31	47.83	-9.12
2.31	47.83	-9.12
2.31	48.15	-8.31
2.28	48.15	-8.31
2.28	48.15	-8.31
2.6	48.41	-8.47
2.6	48.41	-8.47
1.71	48.89	-9.56
1.71	48.89	-9.56
1.23	49.39	-10.63
1.23	49.39	-10.63
0.71	49.59	-12.48
0.71	49.59	-12.48
0.19	49.48	-15.30
0.19	49.48	-15.30
0.19	49.14	-16.12
0.19	49.14	-16.12
0.19	49.14	-19.99
0.79	48.52	-19.99
0.79	48.52	-19.99
-1.24	47.58	-20.66
-1.24	47.58	-20.66
-1.55	46.61	-22.88
-1.55	46.61	-22.88
-1.67	45.96	-23.19
-1.67	45.96	-23.19
-1.73	45.17	-24.38
-1.73	45.17	-24.38
-1.72	44.0	-25.14
-1.72	44.0	-25.14
-1.72	43.57	-25.54
-1.89	43.57	-25.54
-1.89	43.57	-25.54
-1.95	43.24	-26.32
-1.95	43.24	-26.32
-2.7	42.76	-26.31
-2.7	42.76	-26.31
-2.53	42.47	-27.7
-2.53	42.47	-27.7
-2.89	42.35	-26.87
-2.89	42.35	-26.87
-3.39	42.31	-28.51
-3.39	42.31	-28.51
-4.62	42.95	-29.44
-4.62	42.95	-29.44
-4.62	43.3	-30.56
-6.4	43.3	-30.56
-6.4	43.3	-30.56
-7.46	42.75	-31.1
-7.46	42.75	-31.1
-9.53	42.95	-32.35
-9.53	42.95	-32.35
-12.40	43.79	-33.32
-12.40	43.79	-33.32
-15.79	44.1	-35.59
-15.79	44.1	-35.59
-18.44	43.75	-35.0
-18.44	43.75	-35.0
-21.3	43.35	-36.97
-21.3	43.35	-36.97
-21.3	42.51	-36.72
-24.2	42.51	-36.72
-24.2	42.51	-36.72
-27.4	42.3	-37.39
-27.4	42.3	-37.39
-30.12	41.45	-37.15
-30.12	41.45	-37.15
-33.31	40.42	-37.15
-33.31	40.42	-37.15
-36.15	38.52	-37.19
-36.15	38.52	-37.19
-38.82	36.74	-36.62
-38.82	36.74	-36.62
-41.0	35.4	-36.96
-41.0	35.4	-36.96
-41.0	33.27	-35.85
-42.98	33.27	-35.85
-42.98	33.27	-35.85
-44.31	31.84	-35.90
-44.31	31.84	-35.90
-45.75	30.79	-34.77
-45.75	30.79	-34.77
-47.49	29.62	-33.48
-47.49	29.62	-33.48
-49.30	28.15	-32.26
-49.30	28.15	-32.26
-50.68	26.67	-31.49
-50.68	26.67	-31.49
-51.85	26.19	-30.71
-51.85	26.19	-30.71
-53.10	26.0	-30.44
-53.10	26.0	-30.44
-53.10	26.0	-28.23
-54.14	24.89	-28.23
-54.14	24.89	-28.23
-54.96	23.99	-27.41
-54.96	23.99	-27.41
-55.86	23.63	-26.3
-55.86	23.63	-26.3
-56.63	22.87	-25.90
-56.63	22.87	-25.90
-57.39	21.59	-23.40
-57.39	21.59	-23.40
-58.39	20.93	-22.83
-58.39	20.93	-22.83
-59.37	21.42	-22.56
-59.37	21.42	-22.56
-59.37	21.94	-20.61
-60.24	21.94	-20.61
-60.24	21.94	-20.61
-60.76	21.39	-19.23
-60.76	21.39	-19.23
-61.10	20.11	-17.72
-61.10	20.11	-17.72
-61.87	19.47	-15.62
-61.87	19.47	-15.62
-62.18	18.49	-14.93
-62.18	18.49	-14.93
-62.26	17.47	-14.4
-62.26	17.47	-14.4
-62.48	17.0	-12.34
-62.48	17.0	-12.34
-62.48	17.52	-11.47
-62.99	17.52	-11.47
-62.99	17.52	-9.93
-63.36	18.22	-9.93
-63.36	18.22	-9.93
-63.63	18.71	-8.8
-63.63	18.71	-8.8
-63.74	18.65	-7.74
-63.74	18.65	-7.74
-63.59	17.83	-7.45
-63.59	17.83	-7.45
-63.40	16.70	-7.51
-63.40	16.70	-7.51
-63.34	16.39	-7.42
-63.34	16.39	-7.42
-63.34	16.11	-7.65
-63.28	16.11	-7.65
-63.28	16.11	-7.10
-63.33	15.55	-7.10
-63.33	15.55	-7.10
-63.13	14.95	-7.36
-63.13	14.95	-7.36
-62.73	13.81	-8.66
-62.73	13.81	-8.66
-62.16	12.52	-9.60
-62.16	12.52	-9.60
-61.56	11.7	-9.87
-61.56	11.7	-9.87
-60.88	9.60	-8.96
-60.88	9.60	-8.96
-60.88	8.13	-10.6
-60.25	8.13	-10.6
-60.25	8.13	-10.6
-59.75	7.24	-9.91
-59.75	7.24	-9.91
-59.65	7.38	-9.42
-59.65	7.38	-9.42
-59.71	7.7	-8.72
-59.71	7.7	-8.72
-59.27	6.11	-8.19
-59.27	6.11	-8.19
-58.36	5.48	-9.19
-58.36	5.48	-9.19
-57.90	4.90	-10.75
-57.90	4.90	-10.75
-57.90	4.90	-9.95
-57.62	4.66	-9.95
-57.62	4.66	-9.95
-57.44	4.59	-10.62
-57.44	4.59	-10.62
-57.35	4.85	-11.54
-57.35	4.85	-11.54
-57.57	5.42	-12.19
-57.57	5.42	-12.19
-58.0	5.91	-11.39
-58.0	5.91	-11.39
-57.63	5.58	-13.0
-57.63	5.58	-13.0
-57.63	4.54	-13.84
-56.58	4.54	-13.84
-56.58	4.54	-13.87
-56.11	4.9	-13.87
-56.11	4.9	-13.87
-55.65	3.79	-13.23
-55.65	3.79	-13.23
-54.30	2.64	-14.14
-54.30	2.64	-14.14
-52.68	0.95	-13.74
-52.68	0.95	-13.74
-51.70	0.7	-12.96
-51.70	0.7	-12.96
-51.6	0.63	-11.86
-51.6	0.63	-11.86
-51.6	0.63	-11.96
-50.22	-1.41	-11.96
-50.22	-1.41	-11.96
-49.39	-2.16	-11.31
-49.39	-2.16	-11.31
-48.69	-2.52	-12.69
-48.69	-2.52	-12.69
-48.19	-2.73	-11.0
-48.19	-2.73	-11.0
-47.72	-3.30	-11.25
-47.72	-3.30	-11.25
-47.23	-3.91	-9.21
-47.23	-3.91	-9.21
-46.38	-4.51	-8.19
-46.38	-4.51	-8.19
-46.38	-4.51	-6.93
-45.65	-5.3	-6.93
-45.65	-5.3	-6.93
-45.27	-5.15	-8.17
-45.27	-5.15	-8.17
-45.92	-4.51	-10.38
-45.92	-4.51	-10.38
-47.11	-3.30	-12.75
-47.11	-3.30	-12.75
-46.40	-3.38	-12.80
-46.40	-3.38	-12.80
-44.9	-5.8	-12.5
-44.9	-5.8	-12.5
-44.9	-6.13	-10.74
-42.20	-6.13	-10.74
-42.20	-6.13	-10.32
-41.86	-6.20	-10.32
-41.86	-6.20	-10.32
-42.3	-6.16	-9.81
-42.3	-6.16	-9.81
-42.7	-6.23	-10.3
-42.7	-6.23	-10.3
-41.68	-6.32	-9.51
-41.68	-6.32	-9.51
-41.44	-6.33	-10.21
-41.44	-6.33	-10.21
-41.30	-6.39	-9.48
-41.30	-6.39	-9.48
-41.30	-6.48	-10.77
-41.1	-6.48	-10.77
-41.1	-6.48	-10.77
-40.77	-6.39	-10.82
-40.77	-6.39	-10.82
-40.25	-6.58	-11.38
-40.25	-6.58	-11.38
-39.72	-6.64	-11.2
-39.72	-6.64	-11.2
-39.35	-6.96	-10.67
-39.35	-6.96	-10.67
-39.10	-7.8	-9.28
-39.10	-7.8	-9.28
-39.0	-7.26	-10.8
-39.0	-7.26	-10.8
-39.0	-7.26	-9.17
-38.88	-7.26	-9.17
-38.88	-7.26	-9.17
-38.80	-7.37	-9.19
-38.80	-7.37	-9.19
-38.37	-7.54	-8.69
-38.37	-7.54	-8.69
-38.8	-7.54	-8.84
-38.8	-7.54	-8.84
-38.15	-7.40	-9.31
-38.15	-7.40	-9.31
-37.98	-7.37	-10.17
-37.98	-7.37	-10.17
-37.98	-7.46	-9.92
-37.55	-7.46	-9.92
-37.55	-7.46	-10.63
-37.27	-7.55	-10.63
-37.27	-7.55	-10.63
-36.91	-7.41	-10.50
-36.91	-7.41	-10.50
-36.89	-7.45	-11.57
-36.89	-7.45	-11.57
-36.93	-7.49	-11.27
-36.93	-7.49	-11.27
-36.83	-7.55	-10.86
-36.83	-7.55	-10.86
-36.70	-7.35	-12.67
-36.70	-7.35	-12.67
-36.35	-7.40	-10.92
-36.35	-7.40	-10.92
-36.35	-7.40	-12.13
-36.7	-7.49	-12.13
-36.7	-7.49	-12.13
-35.72	-7.74	-10.97
-35.72	-7.74	-10.97
-35.46	-7.88	-10.60
-35.46	-7.88	-10.60
-35.45	-7.91	-10.45
-35.45	-7.91	-10.45
-35.46	-7.84	-11.13
-35.46	-7.84	-11.13
-35.23	-7.90	-11.21
-35.23	-7.90	-11.21
-34.79	-7.94	-9.43
-34.79	-7.94	-9.43
-34.79	-7.94	-10.11
-34.46	-8.13	-10.11
-34.46	-8.13	-10.11
-33.95	-8.26	-10.23
-33.95	-8.26	-10.23
-33.47	-8.39	-9.11
-33.47	-8.39	-9.11
-32.74	-8.28	-9.56
-32.74	-8.28	-9.56
-31.90	-8.50	-9.68
-31.90	-8.50	-9.68
-31.20	-8.43	-9.49
-31.20	-8.43	-9.49
-31.20	-8.55	-9.47
-30.54	-8.55	-9.47
-30.54	-8.55	-9.50
-29.52	-8.63	-9.50
-29.52	-8.63	-9.50
-28.30	-8.31	-9.40
-28.30	-8.31	-9.40
-27.33	-8.19	-9.78
-27.33	-8.19	-9.78
-26.35	-8.12	-10.36
-26.35	-8.12	-10.36
-25.53	-7.99	-10.80
-25.53	-7.99	-10.80
-24.78	-7.86	-11.82
-24.78	-7.86	-11.82
-24.78	-7.51	-10.93
-24.0	-7.51	-10.93
-24.0	-7.51	-10.93
-23.37	-7.23	-12.55
-23.37	-7.23	-12.55
-22.33	-6.77	-13.3
-22.33	-6.77	-13.3
-21.44	-6.35	-14.59
-21.44	-6.35	-14.59
-20.69	-5.75	-15.55
-20.69	-5.75	-15.55
-19.87	-5.17	-16.36
-19.87	-5.17	-16.36
-19.23	-4.82	-17.21
-19.23	-4.82	-17.21
-19.23	-4.44	-16.69
-19.1	-4.44	-16.69
-19.1	-4.44	-16.69
-19.2	-3.96	-18.76
-19.2	-3.96	-18.76
-18.86	-3.46	-19.45
-18.86	-3.46	-19.45
-18.56	-2.91	-19.91
-18.56	-2.91	-19.91
-18.24	-2.76	-20.1
-18.24	-2.76	-20.1
-17.81	-2.69	-19.80
-17.81	-2.69	-19.80
-18.2	-2.50	-20.10
-18.2	-2.50	-20.10
-18.2	-2.42	-20.69
-18.23	-2.42	-20.69
-18.23	-2.42	-20.69
-18.65	-2.21	-21.35
-18.65	-2.21	-21.35
-18.88	-1.76	-22.28
-18.88	-1.76	-22.28
-18.98	-1.55	-22.28
-18.98	-1.55	-22.28
-18.76	-1.49	-22.21
-18.76	-1.49	-22.21
-18.63	-1.45	-22.52
-18.63	-1.45	-22.52
-18.59	-1.6	-23.76
-18.59	-1.6	-23.76
-18.59	0.74	-23.85
-18.97	0.74	-23.85
-18.97	0.74	-23.85
-19.9	0.22	-23.75
-19.9	0.22	-23.75
-18.94	0.44	-24.67
-18.94	0.44	-24.67
-18.15	1.29	-25.43
-18.15	1.29	-25.43
-17.79	1.63	-25.59
-17.79	1.63	-25.59
-17.84	1.51	-24.89
-17.84	1.51	-24.89
-17.88	1.64	-24.64
-17.88	1.64	-24.64
-17.88	1.64	-25.30
-17.38	2.6	-25.30
-17.38	2.6	-25.30
-17.9	2.59	-26.4
-17.9	2.59	-26.4
-17.5	2.90	-25.95
-17.5	2.90	-25.95
-17.2	2.67	-26.23
-17.2	2.67	-26.23
-17.15	2.96	-26.21
-17.15	2.96	-26.21
-16.95	3.87	-26.67
-16.95	3.87	-26.67
-16.95	5.8	-28.54
-16.50	5.8	-28.54
-16.50	5.8	-27.71
-16.33	6.21	-27.71
-16.33	6.21	-27.71
-16.8	7.1	-29.19
-16.8	7.1	-29.19
-15.79	7.81	-30.21
-15.79	7.81	-30.21
-15.54	8.49	-30.78
-15.54	8.49	-30.78
-15.35	9.46	-30.75
-15.35	9.46	-30.75
-15.18	9.98	-31.15
-15.18	9.98	-31.15
-15.18	10.58	-31.52
-15.14	10.58	-31.52
-15.14	10.58	-31.52
-15.6	11.34	-31.79
-15.6	11.34	-31.79
-14.62	11.88	-31.68
-14.62	11.88	-31.68
-14.59	11.67	-31.85
-14.59	11.67	-31.85
-14.51	11.43	-31.80
-14.51	11.43	-31.80
-14.1	11.59	-30.96
-14.1	11.59	-30.96
-13.88	12.2	-31.53
-13.88	12.2	-31.53
-13.88	12.15	-31.40
-13.72	12.15	-31.40
-13.72	12.15	-31.97
-13.38	12.44	-31.97
-13.38	12.44	-31.97
-12.55	13.39	-31.49
-12.55	13.39	-31.49
-11.31	14.40	-31.17
-11.31	14.40	-31.17
-10.54	15.41	-31.60
-10.54	15.41	-31.60
-10.39	16.93	-31.63
-10.39	16.93	-31.63
-9.87	18.27	-31.85
-9.87	18.27	-31.85
-9.23	19.39	-32.37
-9.23	19.39	-32.37
-9.23	19.39	-32.51
-8.59	21.14	-32.51
-8.59	21.14	-32.51
-8.39	22.89	-33.70
-8.39	22.89	-33.70
-8.48	24.55	-33.67
-8.48	24.55	-33.67
-8.59	26.63	-33.90
-8.59	26.63	-33.90
-7.92	29.37	-33.59
-7.92	29.37	-33.59
-7.88	31.59	-33.4
-7.88	31.59	-33.4
-7.78	33.34	-33.20
-7.78	33.34	-33.20
-7.78	33.34	-34.19
-7.61	34.98	-34.19
-7.61	34.98	-34.19
-7.43	37.2	-32.75
-7.43	37.2	-32.75
-7.19	39.9	-31.85
-7.19	39.9	-31.85
-7.10	40.83	-31.68
-7.10	40.83	-31.68
-7.19	42.81	-31.58
-7.19	42.81	-31.58
-6.95	44.46	-29.47
-6.95	44.46	-29.47
-6.95	46.1	-28.91
-7.0	46.1	-28.91
-7.0	46.1	-26.3
-6.70	47.90	-26.3
-6.70	47.90	-26.3
-6.25	50.5	-25.95
-6.25	50.5	-25.95
-6.30	51.72	-23.79
-6.30	51.72	-23.79
-6.37	53.4	-22.60
-6.37	53.4	-22.60
-6.63	54.25	-21.40
-6.63	54.25	-21.40
-7.31	55.43	-21.0
-7.31	55.43	-21.0
-7.31	56.43	-19.99
-8.11	56.43	-19.99
-8.11	56.43	-19.99
-7.88	57.30	-17.49
-7.88	57.30	-17.49
-7.4	57.36	-15.23
-7.4	57.36	-15.23
-6.53	57.51	-14.22
-6.53	57.51	-14.22
-5.93	57.53	-13.66
-5.93	57.53	-13.66
-5.33	57.51	-12.36
-5.33	57.51	-12.36
-4.80	57.46	-9.59
-4.80	57.46	-9.59
-4.80	57.2	-6.18
-4.11	57.2	-6.18
-4.11	57.2	-6.18
-3.47	56.23	-2.48
-3.47	56.23	-2.48
-3.37	55.48	0.12
-3.37	55.48	0.12
-3.42	54.87	1.64
-3.42	54.87	1.64
-3.16	53.52	5.15
-3.16	53.52	5.15
-2.71	51.96	6.67
-2.71	51.96	6.67
-2.71	50.40	8.24
-2.53	50.40	8.24
-2.53	50.40	11.1
-2.56	49.12	11.1
-2.56	49.12	11.1
-2.68	47.70	11.71
-2.68	47.70	11.71
-2.64	46.36	12.65
-2.64	46.36	12.65
-2.63	44.87	14.46
-2.63	44.87	14.46
-3.16	43.10	15.39
-3.16	43.10	15.39
-3.52	41.78	16.51
-3.52	41.78	16.51
-3.52	40.14	17.80
-3.24	40.14	17.80
-3.24	40.14	17.80
-3.39	36.89	18.72
-3.39	36.89	18.72
-3.64	33.93	19.75
-3.64	33.93	19.75
-4.8	31.41	19.85
-4.8	31.41	19.85
-4.95	29.1	20.96
-4.95	29.1	20.96
-5.11	26.35	21.57
-5.11	26.35	21.57
-4.80	23.13	20.67
-4.80	23.13	20.67
-4.80	23.13	19.89
-4.59	19.40	19.89
-4.59	19.40	19.89
-4.49	15.33	17.84
-4.49	15.33	17.84
-4.54	11.77	16.39
-4.54	11.77	16.39
-4.46	9.35	13.49
-4.46	9.35	13.49
-4.29	7.44	12.78
-4.29	7.44	12.78
-4.15	5.84	10.20
-4.15	5.84	10.20
-4.15	4.62	8.3
-4.14	4.62	8.3
-4.14	4.62	8.3
-4.36	3.42	7.28
-4.36	3.42	7.28
-4.57	2.11	4.44
-4.57	2.11	4.44
-5.8	1.5	0.90
-5.8	1.5	0.90
-5.31	0.22	-1.91
-5.31	0.22	-1.91
-5.90	0.30	-5.2
-5.90	0.30	-5.2
-5.90	0.30	-6.19
-6.88	-1.19	-6.19
-6.88	-1.19	-6.19
-7.77	-1.85	-7.43
-7.77	-1.85	-7.43
-8.67	-2.20	-8.81
-8.67	-2.20	-8.81
-9.65	-2.70	-10.28
-9.65	-2.70	-10.28
-10.39	-3.12	-11.57
-10.39	-3.12	-11.57
-11.68	-3.61	-12.12
-11.68	-3.61	-12.12
-11.68	-3.95	-12.96
-12.90	-3.95	-12.96
-12.90	-3.95	-14.25
-14.40	-4.34	-14.25
-14.40	-4.34	-14.25
-15.76	-4.44	-16.12
-15.76	-4.44	-16.12
-17.63	-4.36	-18.86
-17.63	-4.36	-18.86
-20.4	-3.27	-22.9
-20.4	-3.27	-22.9
-21.32	-1.59	-25.7
-21.32	-1.59	-25.7
-21.77	0.65	-25.66
-21.77	0.65	-25.66
-21.77	0.94	-28.31
-22.63	0.94	-28.31
-22.63	0.94	-28.31
-23.39	3.36	-31.55
-23.39	3.36	-31.55
-22.70	6.43	-34.24
-22.70	6.43	-34.24
-21.0	11.34	-35.67
-21.0	11.34	-35.67
-18.81	17.68	-38.92
-18.81	17.68	-38.92
-16.44	25.86	-39.59
-16.44	25.86	-39.59
-13.75	33.10	-38.49
-13.75	33.10	-38.49
-13.75	37.45	-37.78
-12.18	37.45	-37.78
-12.18	37.45	-37.78
-11.19	38.43	-37.40
-11.19	38.43	-37.40
-10.81	38.65	-36.46
-10.81	38.65	-36.46
-10.76	38.69	-36.56
-10.76	38.69	-36.56
-11.23	39.75	-37.2
-11.23	39.75	-37.2
-11.43	41.20	-36.58
-11.43	41.20	-36.58
-11.32	42.84	-34.69
-11.32	42.84	-34.69
-11.32	45.42	-34.93
-11.17	45.42	-34.93
-11.17	45.42	-32.72
-10.75	47.93	-32.72
-10.75	47.93	-32.72
-10.8	49.55	-31.15
-10.8	49.55	-31.15
-9.51	51.3	-29.99
-9.51	51.3	-29.99
-9.15	51.86	-29.26
-9.15	51.86	-29.26
-8.62	52.77	-27.20
-8.62	52.77	-27.20
-8.59	54.15	-25.63
-8.59	54.15	-25.63
-8.72	55.87	-24.14
-8.72	55.87	-24.14
-8.72	55.87	-21.80
-9.7	57.60	-21.80
-9.7	57.60	-21.80
-9.34	58.40	-20.44
-9.34	58.40	-20.44
-10.0	59.45	-19.42
-10.0	59.45	-19.42
-11.27	60.76	-16.84
-11.27	60.76	-16.84
-12.62	61.99	-14.28
-12.62	61.99	-14.28
-14.23	63.5	-12.68
-14.23	63.5	-12.68
-16.84	63.96	-9.9
-16.84	63.96	-9.9
-16.84	63.96	-8.14
-19.83	64.56	-8.14
-19.83	64.56	-8.14
-22.55	64.94	-6.84
-22.55	64.94	-6.84
-25.37	64.91	-5.84
-25.37	64.91	-5.84
-27.63	64.84	-4.58
-27.63	64.84	-4.58
-29.34	64.55	-3.45
-29.34	64.55	-3.45
-30.99	64.44	-2.21
-30.99	64.44	-2.21
-32.95	63.88	-1.47
-32.95	63.88	-1.47
-32.95	63.88	-2.67
-34.59	63.71	-2.67
-34.59	63.71	-2.67
-35.68	63.38	-3.39
-35.68	63.38	-3.39
-37.8	63.11	-4.63
-37.8	63.11	-4.63
-38.39	62.68	-5.26
-38.39	62.68	-5.26
-40.3	61.95	-7.23
-40.3	61.95	-7.23
-41.39	61.50	-8.50
-41.39	61.50	-8.50
-42.8	61.17	-8.53
-42.8	61.17	-8.53
-42.8	61.17	-9.42
-42.71	60.84	-9.42
-42.71	60.84	-9.42
-44.0	60.13	-9.87
-44.0	60.13	-9.87
-45.87	58.94	-10.81
-45.87	58.94	-10.81
-47.39	57.87	-10.99
-47.39	57.87	-10.99
-48.39	57.7	-11.36
-48.39	57.7	-11.36
-49.25	56.34	-13.37
-49.25	56.34	-13.37
-50.10	55.47	-13.84
-50.10	55.47	-13.84
-50.10	55.47	-14.18
-50.95	54.79	-14.18
-50.95	54.79	-14.18
-51.73	53.71	-15.11
-51.73	53.71	-15.11
-52.90	52.45	-15.41
-52.90	52.45	-15.41
-54.20	51.4	-15.76
-54.20	51.4	-15.76
-54.87	49.74	-16.1
-54.87	49.74	-16.1
-55.2	48.64	-17.56
-55.2	48.64	-17.56
-55.50	47.38	-18.82
-55.50	47.38	-18.82
-55.50	45.94	-19.52
-55.91	45.94	-19.52
-55.91	45.94	-20.15
-56.51	44.6	-20.15
-56.51	44.6	-20.15
-56.93	41.73	-21.38
-56.93	41.73	-21.38
-57.42	38.93	-21.36
-57.42	38.93	-21.36
-57.59	36.50	-21.74
-57.59	36.50	-21.74
-57.88	34.15	-23.0
-57.88	34.15	-23.0
-57.97	31.72	-22.58
-57.97	31.72	-22.58
-58.19	28.90	-23.27
-58.19	28.90	-23.27
-58.19	28.90	-22.81
-58.38	26.7	-22.81
-58.38	26.7	-22.81
-58.56	23.19	-21.18
-58.56	23.19	-21.18
-58.34	20.45	-21.51
-58.34	20.45	-21.51
-58.16	18.34	-20.90
-58.16	18.34	-20.90
-58.7	16.15	-20.52
-58.7	16.15	-20.52
-57.71	13.80	-18.96
-57.71	13.80	-18.96
-57.35	11.71	-17.44
-57.35	11.71	-17.44
-57.35	10.73	-16.69
-57.33	10.73	-16.69
-57.33	10.73	-16.69
-57.7	9.35	-15.42
-57.7	9.35	-15.42
-56.83	8.3	-14.29
-56.83	8.3	-14.29
-56.86	7.0	-12.92
-56.86	7.0	-12.92
-56.58	6.7	-11.47
-56.58	6.7	-11.47
-56.31	5.17	-10.55
-56.31	5.17	-10.55
-56.14	4.51	-8.19
-56.14	4.51	-8.19
-56.14	4.51	-5.51
-55.91	4.1	-5.51
-55.91	4.1	-5.51
-55.54	3.31	-3.31
-55.54	3.31	-3.31
-55.36	3.17	-1.1
-55.36	3.17	-1.1
-55.20	3.9	0.22
-55.20	3.9	0.22
-54.94	3.14	2.5
-54.94	3.14	2.5
-54.89	3.19	2.87
-54.89	3.19	2.87
-54.89	3.28	3.75
-54.71	3.28	3.75
-54.71	3.28	3.75
-54.67	3.19	3.83
-54.67	3.19	3.83
-54.22	3.16	4.63
-54.22	3.16	4.63
-53.89	3.7	6.4
-53.89	3.7	6.4
-53.65	2.91	6.40
-53.65	2.91	6.40
-53.92	3.7	5.52
-53.92	3.7	5.52
-53.92	3.22	6.22
-54.31	3.22	6.22
-54.31	3.22	6.22
-54.87	3.41	4.90
-54.87	3.41	4.90
-55.52	3.54	3.26
-55.52	3.54	3.26
-55.77	3.19	1.94
-55.77	3.19	1.94
-56.8	2.97	0.35
-56.8	2.97	0.35
-56.12	2.74	0.49
-56.12	2.74	0.49
-56.12	2.43	-2.15
-56.5	2.43	-2.15
-56.5	2.43	-2.41
-56.2	2.24	-2.41
-56.2	2.24	-2.41
-56.2	2.5	-3.39
-56.2	2.5	-3.39
-56.22	2.4	-4.63
-56.22	2.4	-4.63
-56.3	1.91	-7.35
-56.3	1.91	-7.35
-55.91	2.9	-10.13
-55.91	2.9	-10.13
-55.80	2.56	-12.80
-55.80	2.56	-12.80
-55.80	2.56	-13.78
-55.87	3.15	-13.78
-55.87	3.15	-13.78
-55.73	3.68	-15.55
-55.73	3.68	-15.55
-55.24	3.77	-15.81
-55.24	3.77	-15.81
-54.92	3.56	-16.83
-54.92	3.56	-16.83
-54.39	3.75	-17.27
-54.39	3.75	-17.27
-53.79	5.20	-20.55
-53.79	5.20	-20.55
-53.13	6.98	-22.76
-53.13	6.98	-22.76
-53.13	6.98	-24.30
-52.65	8.51	-24.30
-52.65	8.51	-24.30
-52.8	10.3	-25.39
-52.8	10.3	-25.39
-51.57	11.55	-27.6
-51.57	11.55	-27.6
-51.23	11.92	-26.87
-51.23	11.92	-26.87
-51.34	13.7	-27.19
-51.34	13.7	-27.19
-51.42	14.68	-26.93
-51.42	14.68	-26.93
-51.40	15.42	-27.46
-51.40	15.42	-27.46
-51.40	15.42	-26.61
-51.84	16.76	-26.61
-51.84	16.76	-26.61
-52.69	18.42	-26.46
-52.69	18.42	-26.46
-53.83	19.44	-24.77
-53.83	19.44	-24.77
-55.14	20.97	-24.55
-55.14	20.97	-24.55
-55.31	22.4	-24.33
-55.31	22.4	-24.33
-54.87	23.47	-24.70
-54.87	23.47	-24.70
-55.6	25.26	-22.44
-55.6	25.26	-22.44
-55.6	26.64	-22.87
-55.56	26.64	-22.87
-55.56	26.64	-22.87
-56.7	26.83	-20.97
-56.7	26.83	-20.97
-56.32	26.30	-20.68
-56.32	26.30	-20.68
-56.47	26.7	-20.78
-56.47	26.7	-20.78
-56.4	27.37	-20.52
-56.4	27.37	-20.52
-55.67	28.38	-20.77
-55.67	28.38	-20.77
-55.49	28.94	-21.2
-55.49	28.94	-21.2
-55.49	28.75	-19.44
-55.47	28.75	-19.44
-55.47	28.75	-20.43
-55.68	28.21	-20.43
-55.68	28.21	-20.43
-55.23	28.11	-21.69
-55.23	28.11	-21.69
-54.97	27.49	-21.65
-54.97	27.49	-21.65
-55.44	25.70	-21.46
-55.44	25.70	-21.46
-56.12	24.10	-20.71
-56.12	24.10	-20.71
-56.18	22.99	-20.5
-56.18	22.99	-20.5
-56.7	22.15	-19.64
-56.7	22.15	-19.64
-56.7	20.60	-19.69
-56.13	20.60	-19.69
-56.13	20.60	-19.69
-56.7	18.42	-19.42
-56.7	18.42	-19.42
-55.75	16.52	-20.34
-55.75	16.52	-20.34
-55.61	14.88	-18.71
-55.61	14.88	-18.71
-55.74	13.56	-17.59
-55.74	13.56	-17.59
-55.69	11.84	-16.91
-55.69	11.84	-16.91
-55.32	9.76	-14.64
-55.32	9.76	-14.64
-55.32	8.27	-13.40
-55.13	8.27	-13.40
-55.13	8.27	-13.40
-55.60	7.97	-12.74
-55.60	7.97	-12.74
-56.9	8.16	-11.41
-56.9	8.16	-11.41
-56.5	7.82	-11.82
-56.5	7.82	-11.82
-56.19	7.58	-10.31
-56.19	7.58	-10.31
-56.69	8.34	-10.81
-56.69	8.34	-10.81
-57.70	9.87	-9.58
-57.70	9.87	-9.58
-57.70	11.63	-9.70
-58.57	11.63	-9.70
-58.57	11.63	-9.70
-59.34	13.53	-8.91
-59.34	13.53	-8.91
-59.92	15.54	-8.21
-59.92	15.54	-8.21
-60.35	17.5	-7.74
-60.35	17.5	-7.74
-60.28	17.79	-8.39
-60.28	17.79	-8.39
-60.31	18.38	-8.20
-60.31	18.38	-8.20
-60.60	19.58	-8.44
-60.60	19.58	-8.44
-60.60	21.7	-6.78
-60.79	21.7	-6.78
-60.79	21.7	-6.78
-61.8	22.86	-5.20
-61.8	22.86	-5.20
-61.19	23.22	-3.46
-61.19	23.22	-3.46
-61.18	21.88	-3.45
-61.18	21.88	-3.45
-61.19	21.1	-2.47
-61.19	21.1	-2.47
-61.11	20.87	0.56
-61.11	20.87	0.56
-60.95	20.52	1.93
-60.95	20.52	1.93
-60.95	20.52	3.35
-60.48	18.89	3.35
-60.48	18.89	3.35
-59.88	17.19	5.31
-59.88	17.19	5.31
-59.9	16.12	7.20
-59.9	16.12	7.20
-58.35	15.37	9.65
-58.35	15.37	9.65
-57.31	13.80	10.67
-57.31	13.80	10.67
-55.28	11.33	13.58
-55.28	11.33	13.58
-52.63	8.35	15.33
-52.63	8.35	15.33
-52.63	8.35	16.75
-49.74	6.14	16.75
-49.74	6.14	16.75
-46.81	4.48	18.72
-46.81	4.48	18.72
-43.98	2.75	18.18
-43.98	2.75	18.18
-40.61	1.89	19.85
-40.61	1.89	19.85
-37.12	2.22	21.84
-37.12	2.22	21.84
-34.53	2.81	21.51
-34.53	2.81	21.51
-34.53	4.1	22.50
-32.79	4.1	22.50
-32.79	4.1	24.54
-31.21	5.40	24.54
-31.21	5.40	24.54
-30.31	6.40	25.0
-30.31	6.40	25.0
-28.84	7.25	25.32
-28.84	7.25	25.32
-27.5	8.44	26.48
-27.5	8.44	26.48
-25.39	9.41	25.95
-25.39	9.41	25.95
-24.6	9.47	26.80
-24.6	9.47	26.80
-24.6	9.89	26.21
-21.87	9.89	26.21
-21.87	9.89	26.21
-19.99	10.66	27.11
-19.99	10.66	27.11
-18.86	11.29	25.82
-18.86	11.29	25.82
-17.50	11.58	25.79
-17.50	11.58	25.79
-15.32	11.42	25.15
-15.32	11.42	25.15
-12.79	11.2	23.19
-12.79	11.2	23.19
-10.27	10.44	21.75
-10.27	10.44	21.75
-10.27	10.13	20.57
-8.7	10.13	20.57
-8.7	10.13	20.57
-6.34	9.69	18.3
-6.34	9.69	18.3
-5.6	9.0	16.74
-5.6	9.0	16.74
-4.23	8.61	14.95
-4.23	8.61	14.95
-3.66	7.86	13.92
-3.66	7.86	13.92
-3.48	7.12	11.93
-3.48	7.12	11.93
-3.48	6.55	7.94
-3.1	6.55	7.94
-3.1	6.55	7.94
-3.12	6.3	5.43
-3.12	6.3	5.43
-3.39	5.47	5.42
-3.39	5.47	5.42
-3.7	5.82	4.29
-3.7	5.82	4.29
-2.27	6.39	2.74
-2.27	6.39	2.74
-1.48	6.98	0.40
-1.48	6.98	0.40
-1.48	7.16	0.47
-1.4	7.16	0.47
-1.4	7.16	0.47
-1.12	6.59	-2.46
-1.12	6.59	-2.46
-2.42	4.69	-5.90
-2.42	4.69	-5.90
-4.59	2.83	-8.63
-4.59	2.83	-8.63
-5.11	2.79	-11.15
-5.11	2.79	-11.15
-4.32	4.10	-13.49
-4.32	4.10	-13.49
-4.32	6.3	-13.40
-2.91	6.3	-13.40
-2.91	6.3	-13.40
-1.58	7.54	-13.87
-1.58	7.54	-13.87
0.44	8.93	-14.76
0.44	8.93	-14.76
0.39	10.31	-14.85
0.39	10.31	-14.85
1.15	11.66	-14.48
1.15	11.66	-14.48
1.88	13.34	-14.63
1.88	13.34	-14.63
1.88	15.0	-15.84
2.90	15.0	-15.84
2.90	15.0	-15.72
3.43	16.47	-15.72
3.43	16.47	-15.72
4.0	17.52	-15.24
4.0	17.52	-15.24
4.69	19.74	-15.19
4.69	19.74	-15.19
5.49	22.53	-15.11
5.49	22.53	-15.11
6.0	25.13	-15.43
6.0	25.13	-15.43
6.43	27.12	-14.72
6.43	27.12	-14.72
6.43	28.79	-15.35
6.24	28.79	-15.35
6.24	28.79	-15.35
6.22	30.68	-17.12
6.22	30.68	-17.12
6.27	32.70	-15.31
6.27	32.70	-15.31
6.39	35.11	-14.36
6.39	35.11	-14.36
6.19	36.67	-13.53
6.19	36.67	-13.53
5.96	38.31	-13.87
5.96	38.31	-13.87
5.37	40.41	-13.30
5.37	40.41	-13.30
5.37	40.41	-12.71
4.68	42.88	-12.71
4.68	42.88	-12.71
3.51	45.42	-11.42
3.51	45.42	-11.42
2.47	47.66	-10.39
2.47	47.66	-10.39
1.38	49.41	-7.22
1.38	49.41	-7.22
0.44	50.56	-4.43
0.44	50.56	-4.43
0.64	51.84	-5.18
0.64	51.84	-5.18
0.64	52.90	-3.24
-1.60	52.90	-3.24
-1.60	52.90	-3.24
-2.57	53.56	-2.90
-2.57	53.56	-2.90
-4.7	54.46	-1.48
-4.7	54.46	-1.48
-6.25	55.48	0.50
-6.25	55.48	0.50
-8.33	55.95	3.3
-8.33	55.95	3.3
-11.67	56.19	6.47
-11.67	56.19	6.47
-16.19	56.0	9.79
-16.19	56.0	9.79
-16.19	56.0	13.81
-18.55	55.15	13.81
-18.55	55.15	13.81
-19.53	54.1	13.84
-19.53	54.1	13.84
-20.34	51.65	16.81
-20.34	51.65	16.81
-21.75	47.68	19.79
-21.75	47.68	19.79
-23.60	44.21	23.21
-23.60	44.21	23.21
-23.96	42.18	23.51
-23.96	42.18	23.51
-23.51	40.15	24.33
-23.51	40.15	24.33
-23.51	40.15	25.84
-23.25	36.57	25.84
-23.25	36.57	25.84
-23.76	31.20	26.74
-23.76	31.20	26.74
-23.69	26.19	27.59
-23.69	26.19	27.59
-23.9	22.0	26.78
-23.9	22.0	26.78
-22.88	18.19	26.23
-22.88	18.19	26.23
-23.8	14.35	25.4
-23.8	14.35	25.4
-23.45	10.88	23.37
-23.45	10.88	23.37
-23.45	10.88	22.15
-23.47	7.92	22.15
-23.47	7.92	22.15
-23.76	4.63	20.5
-23.76	4.63	20.5
-24.32	1.23	17.4
-24.32	1.23	17.4
-24.75	-1.86	13.20
-24.75	-1.86	13.20
-24.96	-4.37	9.95
-24.96	-4.37	9.95
-25.45	-6.48	5.10
-25.45	-6.48	5.10
-25.45	-7.74	-1.31
-26.71	-7.74	-1.31
-26.71	-7.74	-2.11
-28.7	-8.41	-2.11
-28.7	-8.41	-2.11
-28.56	-8.27	-7.38
-28.56	-8.27	-7.38
-28.71	-7.85	-11.53
-28.71	-7.85	-11.53
-29.4	-6.99	-15.36
-29.4	-6.99	-15.36
-29.33	-6.8	-16.93
-29.33	-6.8	-16.93
-29.80	-4.58	-19.92
-29.80	-4.58	-19.92
-29.80	-2.54	-23.96
-30.12	-2.54	-23.96
-30.12	-2.54	-23.96
-29.95	0.69	-26.74
-29.95	0.69	-26.74
-29.76	1.6	-28.46
-29.76	1.6	-28.46
-29.64	3.2	-30.97
-29.64	3.2	-30.97
-29.38	5.31	-32.27
-29.38	5.31	-32.27
-28.88	7.65	-33.45
-28.88	7.65	-33.45
-28.43	9.73	-34.92
-28.43	9.73	-34.92
-28.43	11.39	-36.49
-28.26	11.39	-36.49
-28.26	11.39	-36.49
-28.51	12.80	-37.34
-28.51	12.80	-37.34
-28.29	13.85	-37.29
-28.29	13.85	-37.29
-27.91	15.15	-38.60
-27.91	15.15	-38.60
-27.81	16.75	-38.52
-27.81	16.75	-38.52
-27.96	18.79	-38.68
-27.96	18.79	-38.68
-27.97	20.93	-40.27
-27.97	20.93	-40.27
-27.97	22.96	-40.39
-27.77	22.96	-40.39
-27.77	22.96	-40.24
-27.43	24.91	-40.24
-27.43	24.91	-40.24
-27.22	26.24	-40.63
-27.22	26.24	-40.63
-27.2	27.16	-40.73
-27.2	27.16	-40.73
-27.15	28.52	-40.59
-27.15	28.52	-40.59
-26.97	30.7	-40.9
-26.97	30.7	-40.9
-26.56	31.97	-40.75
-26.56	31.97	-40.75
-26.42	34.10	-39.90
-26.42	34.10	-39.90
-26.42	34.10	-39.30
-26.13	36.39	-39.30
-26.13	36.39	-39.30
-26.7	38.50	-39.30
-26.7	38.50	-39.30
-25.92	39.99	-39.45
-25.92	39.99	-39.45
-25.97	41.27	-37.63
-25.97	41.27	-37.63
-25.96	43.36	-37.7
-25.96	43.36	-37.7
-25.60	45.55	-35.40
-25.60	45.55	-35.40
-25.7	47.31	-34.88
-25.7	47.31	-34.88
-25.7	49.49	-33.64
-24.85	49.49	-33.64
-24.85	49.49	-33.64
-24.69	52.11	-32.34
-24.69	52.11	-32.34
-24.39	54.72	-29.31
-24.39	54.72	-29.31
-23.69	57.91	-25.57
-23.69	57.91	-25.57
-23.24	60.71	-21.23
-23.24	60.71	-21.23
-22.73	61.89	-17.33
-22.73	61.89	-17.33
-22.80	62.51	-16.8
-22.80	62.51	-16.8
-23.0	62.45	-16.11
-23.0	62.45	-16.11
-23.0	62.45	-16.88
-22.95	62.18	-16.88
-22.95	62.18	-16.88
-22.79	62.15	-16.75
-22.79	62.15	-16.75
-22.66	62.35	-16.40
-22.66	62.35	-16.40
-22.51	62.55	-15.6
-22.51	62.55	-15.6
-22.29	62.77	-14.16
-22.29	62.77	-14.16
-22.14	62.83	-12.65
-22.14	62.83	-12.65
-22.11	62.99	-12.83
-22.11	62.99	-12.83
-22.11	63.26	-10.27
-22.20	63.26	-10.27
-22.20	63.26	-10.27
-22.36	63.40	-6.31
-22.36	63.40	-6.31
-22.18	63.7	-2.60
-22.18	63.7	-2.60
-21.67	62.64	-1.6
-21.67	62.64	-1.6
-20.79	62.26	0.79
-20.79	62.26	0.79
-19.68	62.9	0.76
-19.68	62.9	0.76
-18.40	61.95	-1.61
-18.40	61.95	-1.61
-18.40	61.95	0.24
-17.7	61.46	0.24
-17.7	61.46	0.24
-16.13	60.88	0.27
-16.13	60.88	0.27
-14.87	60.10	0.97
-14.87	60.10	0.97
-13.84	59.47	2.0
-13.84	59.47	2.0
-12.86	59.3	1.77
-12.86	59.3	1.77
-12.17	58.60	3.18
-12.17	58.60	3.18
-12.17	58.8	1.53
-10.77	58.8	1.53
-10.77	58.8	1.53
-8.72	57.0	1.21
-8.72	57.0	1.21
-6.59	55.68	0.10
-6.59	55.68	0.10
-4.35	53.84	0.38
-4.35	53.84	0.38
-2.66	52.7	0.34
-2.66	52.7	0.34
0.99	50.32	0.19
0.99	50.32	0.19
0.99	50.32	0.3
0.60	48.29	0.3
0.60	48.29	0.3
1.93	46.27	0.64
1.93	46.27	0.64
3.24	44.2	0.27
3.24	44.2	0.27
3.92	41.70	0.52
3.92	41.70	0.52
4.36	40.19	0.79
4.36	40.19	0.79
4.36	39.96	-1.70
4.99	39.96	-1.70
4.99	39.96	-1.70
5.29	40.2	-4.97
5.29	40.2	-4.97
5.35	41.41	-5.92
5.35	41.41	-5.92
4.64	43.3	-7.49
4.64	43.3	-7.49
4.60	43.23	-7.88
4.60	43.23	-7.88
4.39	43.94	-7.77
4.39	43.94	-7.77
4.21	44.32	-9.24
4.21	44.32	-9.24
4.21	44.32	-7.45
4.15	44.23	-7.45
4.15	44.23	-7.45
4.12	44.23	-7.38
4.12	44.23	-7.38
4.21	44.31	-6.44
4.21	44.31	-6.44
4.39	43.60	-7.67
4.39	43.60	-7.67
4.81	42.55	-8.38
4.81	42.55	-8.38
5.20	41.17	-10.51
5.20	41.17	-10.51
5.20	40.80	-9.92
5.43	40.80	-9.92
5.43	40.80	-9.92
5.55	40.55	-10.3
5.55	40.55	-10.3
5.62	40.19	-9.61
5.62	40.19	-9.61
5.94	38.66	-11.82
5.94	38.66	-11.82
5.96	34.33	-14.37
5.96	34.33	-14.37
6.1	30.19	-16.36
6.1	30.19	-16.36
6.11	29.9	-15.95
6.11	29.9	-15.95
6.11	29.9	-14.67
6.6	28.33	-14.67
6.6	28.33	-14.67
6.33	27.53	-14.21
6.33	27.53	-14.21
6.71	26.62	-12.43
6.71	26.62	-12.43
6.80	25.86	-10.90
6.80	25.86	-10.90
6.95	25.36	-9.70
6.95	25.36	-9.70
6.95	24.92	-8.45
6.95	24.92	-8.45
6.95	24.21	-7.81
6.92	24.21	-7.81
6.92	24.21	-7.81
6.87	24.3	-6.87
6.87	24.3	-6.87
6.96	24.1	-6.15
6.96	24.1	-6.15
6.88	23.62	-5.96
6.88	23.62	-5.96
6.71	22.65	-6.91
6.71	22.65	-6.91
6.51	22.3	-7.39
6.51	22.3	-7.39
6.51	21.79	-5.43
6.48	21.79	-5.43
6.48	21.79	-2.59
6.50	22.7	-2.59
6.50	22.7	-2.59
6.27	22.47	-1.59
6.27	22.47	-1.59
5.93	22.64	0.13
5.93	22.64	0.13
5.56	22.99	1.84
5.56	22.99	1.84
5.39	23.63	3.97
5.39	23.63	3.97
4.97	24.20	5.43
4.97	24.20	5.43
4.97	24.20	5.45
4.39	24.90	5.45
4.39	24.90	5.45
3.75	26.35	8.22
3.75	26.35	8.22
2.74	28.10	10.80
2.74	28.10	10.80
1.65	29.84	12.28
1.65	29.84	12.28
0.71	31.13	13.30
0.71	31.13	13.30
0.21	31.82	15.43
0.21	31.82	15.43
0.21	33.7	16.51
-1.49	33.7	16.51
-1.49	33.7	16.51
-2.87	34.64	17.31
-2.87	34.64	17.31
-4.24	37.6	17.84
-4.24	37.6	17.84
-5.64	39.11	18.32
-5.64	39.11	18.32
-7.7	40.56	18.6
-7.7	40.56	18.6
-8.58	42.21	19.24
-8.58	42.21	19.24
-8.58	44.41	19.50
-10.28	44.41	19.50
-10.28	44.41	18.23
-12.2	46.50	18.23
-12.2	46.50	18.23
-13.51	48.31	18.10
-13.51	48.31	18.10
-14.75	49.40	17.90
-14.75	49.40	17.90
-15.92	50.48	17.55
-15.92	50.48	17.55
-17.26	51.34	17.64
-17.26	51.34	17.64
-18.41	51.77	16.7
-18.41	51.77	16.7
-19.14	52.75	17.9
-19.14	52.75	17.9
-19.14	52.75	15.95
-19.71	53.84	15.95
-19.71	53.84	15.95
-20.58	54.87	14.38
-20.58	54.87	14.38
-21.37	55.98	12.52
-21.37	55.98	12.52
-22.32	57.10	10.82
-22.32	57.10	10.82
-23.6	58.11	11.3
-23.6	58.11	11.3
-23.67	58.91	7.95
-23.67	58.91	7.95
-24.61	59.37	8.60
-24.61	59.37	8.60
-24.61	59.37	7.55
-25.65	59.90	7.55
-25.65	59.90	7.55
-26.15	60.47	5.45
-26.15	60.47	5.45
-27.19	60.68	5.78
-27.19	60.68	5.78
-28.17	60.81	5.23
-28.17	60.81	5.23
-29.39	60.93	3.10
-29.39	60.93	3.10
-30.52	61.38	2.5
-30.52	61.38	2.5
-30.52	61.83	0.1
-31.75	61.83	0.1
-31.75	61.83	-1.92
-33.31	62.0	-1.92
-33.31	62.0	-1.92
-34.66	62.7	-2.83
-34.66	62.7	-2.83
-35.91	61.92	-3.75
-35.91	61.92	-3.75
-36.69	61.72	-4.55
-36.69	61.72	-4.55
-37.52	61.55	-5.16
-37.52	61.55	-5.16
-38.63	61.23	-6.5
-38.63	61.23	-6.5
-38.63	60.73	-5.9
-39.98	60.73	-5.9
-39.98	60.73	-5.9
-41.60	59.95	-3.14
-41.60	59.95	-3.14
-43.58	58.92	-2.33
-43.58	58.92	-2.33
-45.60	57.56	0.27
-45.60	57.56	0.27
-47.89	55.69	0.68
-47.89	55.69	0.68
-49.83	53.51	2.54
-49.83	53.51	2.54
-51.50	51.49	4.3
-51.50	51.49	4.3
-51.50	51.49	5.52
-52.82	49.33	5.52
-52.82	49.33	5.52
-54.34	46.67	8.17
-54.34	46.67	8.17
-56.2	43.55	8.51
-56.2	43.55	8.51
-57.61	40.34	8.47
-57.61	40.34	8.47
-59.0	38.44	8.26
-59.0	38.44	8.26
-60.3	37.67	6.58
-60.3	37.67	6.58
-60.97	37.19	6.11
-60.97	37.19	6.11
-60.97	37.19	3.38
-61.79	36.62	3.38
-61.79	36.62	3.38
-62.53	35.84	3.29
-62.53	35.84	3.29
-63.18	35.0	0.43
-63.18	35.0	0.43
-63.66	34.7	0.3
-63.66	34.7	0.3
-64.22	32.45	-1.48
-64.22	32.45	-1.48
-64.59	30.5	-1.42
-64.59	30.5	-1.42
-64.59	27.19	-1.26
-64.95	27.19	-1.26
-64.95	27.19	-1.26
-64.95	24.28	-1.15
-64.95	24.28	-1.15
-64.65	21.47	0.3
-64.65	21.47	0.3
-64.19	18.75	0.63
-64.19	18.75	0.63
-63.28	16.4	0.29
-63.28	16.4	0.29
-62.43	14.28	2.35
-62.43	14.28	2.35
-62.43	13.8	3.27
-61.95	13.8	3.27
-61.95	13.8	3.8
-61.15	11.79	3.8
-61.15	11.79	3.8
-59.59	9.78	5.14
-59.59	9.78	5.14
-57.72	7.50	7.27
-57.72	7.50	7.27
-56.5	5.83	7.9
-56.5	5.83	7.9
-54.52	4.11	7.42
-54.52	4.11	7.42
-53.44	2.96	6.35
-53.44	2.96	6.35
-53.44	2.96	6.28
-52.23	1.67	6.28
-52.23	1.67	6.28
-50.28	0.30	6.28
-50.28	0.30	6.28
-48.68	0.71	6.83
-48.68	0.71	6.83
-47.73	-1.15	7.74
-47.73	-1.15	7.74
-47.57	-1.2	8.74
-47.57	-1.2	8.74
-46.87	-1.3	9.7
-46.87	-1.3	9.7
-46.87	-1.3	10.71
-45.35	-1.51	10.71
-45.35	-1.51	10.71
-42.86	-1.77	11.30
-42.86	-1.77	11.30
-40.17	-1.79	12.26
-40.17	-1.79	12.26
-37.24	-1.88	14.0
-37.24	-1.88	14.0
-33.91	-1.87	15.31
-33.91	-1.87	15.31
-31.42	-1.45	15.31
-31.42	-1.45	15.31
-30.7	0.63	16.20
-30.7	0.63	16.20
-30.7	0.63	16.81
-29.23	0.35	16.81
-29.23	0.35	16.81
-28.15	0.78	18.76
-28.15	0.78	18.76
-26.76	0.95	18.0
-26.76	0.95	18.0
-25.92	1.9	17.78
-25.92	1.9	17.78
-25.56	1.33	17.76
-25.56	1.33	17.76
-25.95	2.28	20.29
-25.95	2.28	20.29
-25.95	2.28	20.90
-26.65	3.72	20.90
-26.65	3.72	20.90
-26.71	4.29	21.31
-26.71	4.29	21.31
-26.19	4.30	20.36
-26.19	4.30	20.36
-26.34	4.55	21.43
-26.34	4.55	21.43
-27.28	5.35	21.77
-27.28	5.35	21.77
-28.24	6.47	23.44
-28.24	6.47	23.44
-28.69	8.22	24.23
-28.69	8.22	24.23
-28.69	8.22	25.88
-28.55	9.80	25.88
-28.55	9.80	25.88
-28.26	11.3	25.97
-28.26	11.3	25.97
-27.99	11.84	26.22
-27.99	11.84	26.22
-27.71	12.66	26.45
-27.71	12.66	26.45
-26.82	13.79	26.70
-26.82	13.79	26.70
-25.96	14.92	27.81
-25.96	14.92	27.81
-25.15	16.39	27.55
-25.15	16.39	27.55
-25.15	16.39	29.0
-24.56	18.85	29.0
-24.56	18.85	29.0
-23.82	20.77	29.4
-23.82	20.77	29.4
-23.50	22.15	29.6
-23.50	22.15	29.6
-23.18	22.92	29.99
-23.18	22.92	29.99
-22.92	22.99	29.48
-22.92	22.99	29.48
-22.86	22.72	28.26
-22.86	22.72	28.26
-23.19	22.53	29.39
-23.19	22.53	29.39
-23.19	22.51	30.15
-23.58	22.51	30.15
-23.58	22.51	30.15
-23.90	22.27	29.21
-23.90	22.27	29.21
-23.43	21.98	29.10
-23.43	21.98	29.10
-22.87	21.86	29.7
-22.87	21.86	29.7
-21.90	21.31	29.48
-21.90	21.31	29.48
-20.55	18.82	28.59
-20.55	18.82	28.59
-20.51	18.0	28.39
-20.51	18.0	28.39
-20.51	17.46	28.76
-20.94	17.46	28.76
-20.94	17.46	28.76
-21.33	17.20	28.75
-21.33	17.20	28.75
-22.30	17.27	28.92
-22.30	17.27	28.92
-23.62	17.61	29.6
-23.62	17.61	29.6
-25.19	18.64	29.15
-25.19	18.64	29.15
-27.15	19.56	29.30
-27.15	19.56	29.30
-28.6	20.29	30.11
-28.6	20.29	30.11
-28.6	19.47	28.70
-28.52	19.47	28.70
-28.52	19.47	28.40
-28.74	18.51	28.40
-28.74	18.51	28.40
-28.75	17.64	29.15
-28.75	17.64	29.15
-28.94	17.38	29.42
-28.94	17.38	29.42
-29.31	18.10	29.22
-29.31	18.10	29.22
-29.27	18.69	28.25
-29.27	18.69	28.25
-29.26	19.79	29.60
-29.26	19.79	29.60
-29.26	20.15	28.41
-29.50	20.15	28.41
-29.50	20.15	28.78
-30.85	19.94	28.78
-30.85	19.94	28.78
-32.12	19.85	28.23
-32.12	19.85	28.23
-31.4	20.84	28.90
-31.4	20.84	28.90
-28.59	22.50	29.28
-28.59	22.50	29.28
-27.69	24.45	29.66
-27.69	24.45	29.66
-27.69	26.76	29.15
-27.69	26.76	29.15
-28.88	26.81	29.87
-28.88	26.81	29.87
-28.88	26.81	29.48
-30.42	27.65	29.48
-30.42	27.65	29.48
-30.34	28.35	29.96
-30.34	28.35	29.96
-29.51	28.69	29.61
-29.51	28.69	29.61
-29.87	28.41	30.20
-29.87	28.41	30.20
-30.92	28.63	29.43
-30.92	28.63	29.43
-30.90	29.97	29.14
-30.90	29.97	29.14
-30.59	29.87	28.39
-30.59	29.87	28.39
-30.59	28.95	29.51
-30.67	28.95	29.51
-30.67	28.95	29.51
-31.55	28.18	28.59
-31.55	28.18	28.59
-32.8	27.49	28.98
-32.8	27.49	28.98
-31.15	27.95	29.32
-31.15	27.95	29.32
-31.29	25.40	29.67
-31.29	25.40	29.67
-31.79	24.4	28.86
-31.79	24.4	28.86
-32.14	24.43	29.23
-32.14	24.43	29.23
-32.14	23.34	29.7
-31.84	23.34	29.7
-31.84	23.34	29.57
-30.94	21.79	29.57
-30.94	21.79	29.57
-30.33	20.63	28.72
-30.33	20.63	28.72
-30.19	19.74	29.4
-30.19	19.74	29.4
-30.36	19.0	28.67
-30.36	19.0	28.67
-30.58	18.23	28.44
-30.58	18.23	28.44
-31.4	16.76	28.35
-31.4	16.76	28.35
-31.4	13.87	26.96
-31.52	13.87	26.96
-31.52	13.87	23.97
-31.95	10.29	23.97
-31.95	10.29	23.97
-33.0	10.31	25.13
-33.0	10.31	25.13
-33.63	10.19	25.5
-33.63	10.19	25.5
-33.47	9.51	24.78
-33.47	9.51	24.78
-32.84	8.42	24.63
-32.84	8.42	24.63
-32.18	7.80	24.3
-32.18	7.80	24.3
-32.18	7.36	23.78
-31.66	7.36	23.78
-31.66	7.36	23.53
-31.20	6.77	23.53
-31.20	6.77	23.53
-30.54	6.29	23.12
-9.51	41.10	20.23
-9.51	41.10	20.23
-9.51	42.33	20.68
-9.31	42.33	20.68
-9.31	42.33	20.68
-8.89	43.95	18.89
-8.89	43.95	18.89
-8.55	46.10	17.22
-8.55	46.10	17.22
-8.63	47.81	14.91
-8.63	47.81	14.91
-8.53	49.15	14.63
-8.53	49.15	14.63
-7.94	50.31	11.66
-7.94	50.31	11.66
-7.27	51.59	9.35
-7.27	51.59	9.35
-7.27	52.71	8.23
-7.57	52.71	8.23
-7.57	52.71	8.23
-8.75	54.4	7.36
-8.75	54.4	7.36
-9.76	55.23	6.96
-9.76	55.23	6.96
-10.89	56.40	4.77
-10.89	56.40	4.77
-11.90	57.33	3.73
-11.90	57.33	3.73
-12.80	58.4	3.17
-12.80	58.4	3.17
-12.80	58.54	1.75
-13.85	58.54	1.75
-13.85	58.54	0.3
-15.15	59.26	0.3
-15.15	59.26	0.3
-16.79	59.71	-1.74
-16.79	59.71	-1.74
-18.48	60.7	-2.66
-18.48	60.7	-2.66
-20.3	60.8	-2.69
-20.3	60.8	-2.69
-21.8	59.81	-4.59
-21.8	59.81	-4.59
-21.85	59.55	-5.0
-21.85	59.55	-5.0
-21.85	59.55	-7.86
-22.25	59.26	-7.86
-22.25	59.26	-7.86
-22.68	58.91	-8.33
-22.68	58.91	-8.33
-22.71	58.37	-9.63
-22.71	58.37	-9.63
-22.91	58.0	-10.39
-22.91	58.0	-10.39
-22.91	57.61	-11.67
-22.91	57.61	-11.67
-23.14	57.8	-11.59
-23.14	57.8	-11.59
-23.45	56.96	-12.98
-23.45	56.96	-12.98
-23.45	56.84	-13.8
-24.13	56.84	-13.8
-24.13	56.84	-13.8
-24.91	56.83	-13.0
-24.91	56.83	-13.0
-25.52	56.95	-12.96
-25.52	56.95	-12.96
-26.18	57.18	-12.95
-26.18	57.18	-12.95
-26.53	57.49	-12.4
-26.53	57.49	-12.4
-27.3	57.95	-10.5
-27.3	57.95	-10.5
-27.65	58.32	-7.63
-27.65	58.32	-7.63
-27.65	58.55	-5.59
-28.20	58.55	-5.59
-28.20	58.55	-5.59
-28.71	58.84	-4.36
-28.71	58.84	-4.36
-28.75	59.23	-3.91
-28.75	59.23	-3.91
-28.59	59.88	-4.37
-28.59	59.88	-4.37
-28.4	60.36	-5.71
-28.4	60.36	-5.71
-27.49	60.84	-5.4
-27.49	60.84	-5.4
-26.58	61.31	-4.88
-26.58	61.31	-4.88
-26.58	61.44	-5.19
-25.95	61.44	-5.19
-25.95	61.44	-5.19
-25.52	61.39	-5.59
-25.52	61.39	-5.59
-25.59	61.46	-3.89
-25.59	61.46	-3.89
-26.2	61.25	-2.82
-26.2	61.25	-2.82
-26.58	61.13	-2.6
-26.58	61.13	-2.6
-26.80	60.99	0.83
-26.80	60.99	0.83
-26.88	60.78	0.20
-26.88	60.78	0.20
-26.88	60.78	0.67
-26.44	60.76	0.67
-26.44	60.76	0.67
-26.9	60.95	0.9
-26.9	60.95	0.9
-25.76	61.4	0.19
-25.76	61.4	0.19
-26.7	61.25	1.50
-26.7	61.25	1.50
-26.96	61.79	2.75
-26.96	61.79	2.75
-27.89	62.36	3.42
-27.89	62.36	3.42
-27.89	62.95	3.10
-29.7	62.95	3.10
-29.7	62.95	3.10
-30.35	63.40	3.64
-30.35	63.40	3.64
-31.56	64.6	4.11
-31.56	64.6	4.11
-32.84	65.12	2.30
-32.84	65.12	2.30
-33.92	66.31	0.66
-33.92	66.31	0.66
-35.12	66.90	-3.72
-35.12	66.90	-3.72
-36.57	67.5	-4.40
-36.57	67.5	-4.40
-36.57	67.5	-2.15
-37.50	66.84	-2.15
-37.50	66.84	-2.15
-38.14	67.4	-1.20
-38.14	67.4	-1.20
-38.23	67.46	-2.29
-38.23	67.46	-2.29
-37.81	67.85	-1.83
-37.81	67.85	-1.83
-37.6	68.22	0.80
-37.6	68.22	0.80
-36.26	68.47	0.35
-36.26	68.47	0.35
-36.26	68.78	-1.55
-35.85	68.78	-1.55
-35.85	68.78	-1.86
-35.65	68.94	-1.86
-35.65	68.94	-1.86
-35.66	68.87	0.13
-35.66	68.87	0.13
-35.80	68.73	0.25
-35.80	68.73	0.25
-35.75	68.26	1.38
-35.75	68.26	1.38
-34.69	68.38	1.99
-34.69	68.38	1.99
-33.61	68.59	1.60
-33.61	68.59	1.60
-33.61	69.13	2.15
-32.68	69.13	2.15
-32.68	69.13	2.15
-31.77	69.19	1.51
-31.77	69.19	1.51
-31.0	69.26	1.71
-31.0	69.26	1.71
-30.58	69.30	3.20
-30.58	69.30	3.20
-30.40	69.6	4.22
-30.40	69.6	4.22
-30.51	68.85	4.81
-30.51	68.85	4.81
-30.75	68.96	3.48
-30.75	68.96	3.48
-30.75	68.96	4.76
-31.27	68.95	4.76
-31.27	68.95	4.76
-31.74	68.98	3.55
-31.74	68.98	3.55
-32.34	68.98	3.39
-32.34	68.98	3.39
-32.91	69.0	2.84
-32.91	69.0	2.84
-33.28	68.91	2.39
-33.28	68.91	2.39
-34.29	68.83	3.50
-34.29	68.83	3.50
-35.92	68.70	2.79
-35.92	68.70	2.79
-35.92	68.70	1.52
-37.62	68.64	1.52
-37.62	68.64	1.52
-39.51	68.33	2.12
-39.51	68.33	2.12
-41.3	67.94	1.91
-41.3	67.94	1.91
-42.57	67.55	1.72
-42.57	67.55	1.72
-42.83	67.68	2.49
-42.83	67.68	2.49
-42.93	67.71	2.34
-42.93	67.71	2.34
-42.90	67.73	1.76
-42.90	67.73	1.76
-42.90	67.73	0.88
-42.86	67.64	0.88
-42.86	67.64	0.88
-42.85	67.63	1.32
-42.85	67.63	1.32
-42.79	67.68	2.34
-42.79	67.68	2.34
-42.95	67.74	1.55
-42.95	67.74	1.55
-42.90	67.73	1.71
-42.90	67.73	1.71
-42.78	67.74	2.2
-42.78	67.74	2.2
-42.78	67.72	1.31
-42.83	67.72	1.31
-42.83	67.72	2.86
-42.94	67.74	2.86
-42.94	67.74	2.86
-42.91	67.73	2.51
-42.91	67.73	2.51
-42.88	67.62	1.62
-42.88	67.62	1.62
-42.85	67.61	1.48
-42.85	67.61	1.48
-42.85	67.71	1.36
-42.85	67.71	1.36
-42.91	67.68	1.59
-42.91	67.68	1.59
-42.91	67.61	2.3
-42.88	67.61	2.3
-42.88	67.61	2.3
-42.89	67.71	2.0
-42.89	67.71	2.0
-42.87	67.69	2.13
-42.87	67.69	2.13
-42.95	67.72	1.91
-42.95	67.72	1.91
-42.75	67.71	2.27
-42.75	67.71	2.27
-42.86	67.76	1.16
-42.86	67.76	1.16
-42.78	67.82	2.53
-42.78	67.82	2.53
-42.78	67.72	1.70
-42.79	67.72	1.70
-42.79	67.72	1.70
-42.78	67.58	2.93
-42.78	67.58	2.93
-42.79	67.75	1.97
-42.79	67.75	1.97
-42.92	67.59	1.63
-42.92	67.59	1.63
-42.87	67.69	1.98
-42.87	67.69	1.98
-42.89	67.76	1.51
-42.89	67.76	1.51
-42.80	67.87	2.51
-42.80	67.87	2.51
-42.80	67.79	1.26
-42.72	67.79	1.26
-42.72	67.79	1.26
-42.75	67.70	1.67
-42.75	67.70	1.67
-42.82	67.75	1.94
-42.82	67.75	1.94
-42.80	67.59	1.52
-42.80	67.59	1.52
-42.78	67.69	2.12
-42.78	67.69	2.12
-42.87	67.66	1.15
-42.87	67.66	1.15
-42.87	67.63	1.83
-42.87	67.63	1.83
-42.87	67.63	1.43
-42.94	67.63	1.43
-42.94	67.63	1.43
-42.85	67.67	2.15
-42.85	67.67	2.15
-42.87	67.72	2.13
-42.87	67.72	2.13
-42.85	67.71	2.20
-42.85	67.71	2.20
-42.81	67.68	2.2
-42.81	67.68	2.2
-42.74	67.63	2.7
-42.74	67.63	2.7
-42.87	67.61	2.32
-42.87	67.61	2.32
-42.87	67.61	1.74
-42.78	67.79	1.74
-42.78	67.79	1.74
-42.78	67.88	1.89
-42.78	67.88	1.89
-42.76	67.64	1.15
-42.76	67.64	1.15
-42.79	67.68	1.56
-42.79	67.68	1.56
-42.79	67.64	1.92
-42.79	67.64	1.92
-42.72	67.76	2.25
-42.72	67.76	2.25
-42.76	67.59	1.85
-42.76	67.59	1.85
-42.76	67.59	2.41
-42.84	67.75	2.41
-42.84	67.75	2.41
-42.83	67.76	1.31
-42.83	67.76	1.31
-42.74	67.70	1.71
-42.74	67.70	1.71
-42.82	67.73	2.61
-42.82	67.73	2.61
-42.91	67.72	2.17
-42.91	67.72	2.17
-42.83	67.79	0.87
-42.83	67.79	0.87
-42.83	67.62	1.42
-42.78	67.62	1.42
-42.78	67.62	1.28
-42.82	67.73	1.28
-42.82	67.73	1.28
-42.77	67.79	1.47
-42.77	67.79	1.47
-42.87	67.63	1.98
-42.87	67.63	1.98
-42.83	67.78	1.78
-42.83	67.78	1.78
-42.77	67.84	1.79
-42.77	67.84	1.79
-42.82	67.82	1.81
-42.82	67.82	1.81
-42.82	67.87	1.51
-42.78	67.87	1.51
-42.78	67.87	1.66
-42.81	67.74	1.66
-42.81	67.74	1.66
-42.81	67.84	2.30
-42.81	67.84	2.30
-42.74	67.82	1.60
-42.74	67.82	1.60
-42.88	67.79	1.33
-42.88	67.79	1.33
-42.82	67.88	1.50
-42.82	67.88	1.50
-42.77	67.71	0.95
-42.77	67.71	0.95
-42.77	67.79	2.47
-42.79	67.79	2.47
-42.79	67.79	1.52
-42.77	67.89	1.52
-42.77	67.89	1.52
-42.77	67.76	1.81
-42.77	67.76	1.81
-42.75	67.87	1.52
-42.75	67.87	1.52
-42.67	67.90	1.64
-42.67	67.90	1.64
-42.75	67.83	1.35
-42.75	67.83	1.35
-42.80	67.81	2.2
-42.80	67.81	2.2
-42.80	67.84	1.35
-42.71	67.84	1.35
-42.71	67.84	1.35
-42.80	67.76	1.36
-42.80	67.76	1.36
-42.75	67.81	2.16
-42.75	67.81	2.16
-42.85	67.66	1.59
-42.85	67.66	1.59
-42.83	67.75	2.1
-42.83	67.75	2.1
-42.77	67.79	0.99
-42.77	67.79	0.99
-42.81	67.97	0.82
-42.81	67.97	0.82
-42.81	67.97	1.38
-42.89	67.85	1.38
-42.89	67.85	1.38
-42.76	67.79	1.55
-42.76	67.79	1.55
-42.80	67.95	1.84
-42.80	67.95	1.84
-42.89	67.86	1.69
-42.89	67.86	1.69
-42.90	67.81	2.16
-42.90	67.81	2.16
-42.90	67.93	2.43
-42.90	67.93	2.43
-42.83	67.89	1.81
-42.83	67.89	1.81
-42.83	67.89	1.56
-42.73	67.77	1.56
-42.73	67.77	1.56
-42.78	67.87	1.31
-42.78	67.87	1.31
-42.71	67.91	1.13
-42.71	67.91	1.13
-42.78	67.81	1.81
-42.78	67.81	1.81
-42.78	67.83	1.29
-42.78	67.83	1.29
-42.87	67.87	2.13
-42.87	67.87	2.13
-42.86	67.83	1.86
-42.86	67.83	1.86
-42.86	67.83	1.55
-42.80	67.80	1.55
-42.80	67.80	1.55
-42.86	67.80	1.91
-42.86	67.80	1.91
-42.81	67.81	1.49
-42.81	67.81	1.49
-42.81	67.86	1.86
-42.81	67.86	1.86
-42.80	67.71	1.84
-42.80	67.71	1.84
-42.84	67.71	0.86
-42.84	67.71	0.86
-43.2	67.79	1.48
-43.2	67.79	1.48
-43.2	67.79	1.20
-42.83	67.90	1.20
-42.83	67.90	1.20
-42.86	67.79	2.30
-42.86	67.79	2.30
-42.91	67.71	1.96
-42.91	67.71	1.96
-42.86	67.79	1.23
-42.86	67.79	1.23
-42.83	67.73	1.66
-42.83	67.73	1.66
-42.83	67.72	1.53
-42.83	67.72	1.53
-42.83	67.75	1.45
-42.76	67.75	1.45
-42.76	67.75	1.93
-42.74	67.70	1.93
-42.74	67.70	1.93
-42.81	67.74	1.49
-42.81	67.74	1.49
-42.73	67.72	1.76
-42.73	67.72	1.76
-42.83	67.79	1.21
-42.83	67.79	1.21
-42.71	67.78	1.41
-42.71	67.78	1.41
-42.88	67.75	1.53
-42.88	67.75	1.53
-42.88	67.77	1.27
-42.79	67.77	1.27
-42.79	67.77	2.47
-42.83	67.91	2.47
-42.83	67.91	2.47
-42.81	67.75	1.21
-42.81	67.75	1.21
-42.75	67.87	2.37
-42.75	67.87	2.37
-42.87	67.68	1.51
-42.87	67.68	1.51
-42.71	67.76	1.9
-42.71	67.76	1.9
-42.90	67.78	1.20
-42.90	67.78	1.20
-42.90	67.79	1.22
-42.81	67.79	1.22
-42.81	67.79	1.22
-42.79	67.71	0.56
-42.79	67.71	0.56
-42.76	67.72	1.70
-42.76	67.72	1.70
-42.79	67.75	1.15
-42.79	67.75	1.15
-42.84	67.89	1.79
-42.84	67.89	1.79
-42.75	67.88	1.39
-42.75	67.88	1.39
-42.80	67.87	2.18
-42.80	67.87	2.18
-42.80	67.70	0.75
-42.83	67.70	0.75
-42.83	67.70	0.75
-42.75	67.73	1.50
-42.75	67.73	1.50
-42.86	67.72	1.71
-42.86	67.72	1.71
-42.85	67.80	1.10
-42.85	67.80	1.10
-42.64	67.68	1.48
-42.64	67.68	1.48