-10.65	23.93	-12.29
-10.50	23.90	-12.23
-10.50	23.90	-12.23
-10.58	23.82	-12.22
-10.58	23.82	-12.22
-10.43	23.85	-12.55
-10.43	23.85	-12.55
-10.57	23.96	-12.43
-10.57	23.96	-12.43
-10.55	23.92	-12.70
-10.55	23.92	-12.70
-10.65	23.96	-12.45
-10.65	23.96	-12.45
-10.50	23.95	-12.03
-10.50	23.95	-12.03
-10.44	23.86	-12.42
-10.44	23.86	-12.42
-10.52	23.98	-11.83
-10.52	23.98	-11.83
-10.55	23.94	-12.22
-10.55	23.94	-12.22
-10.58	23.90	-12.71
-10.58	23.90	-12.71
-10.58	23.89	-12.46
-10.58	23.89	-12.46
-10.54	23.93	-12.51
-10.54	23.93	-12.51
-10.56	23.98	-12.19
-10.56	23.98	-12.19
-10.57	23.90	-12.41
-10.57	23.90	-12.41
-10.62	23.94	-12.20
-10.62	23.94	-12.20
-10.62	23.82	-11.93
-10.62	23.82	-11.93
-10.62	23.76	-12.05
-10.62	23.76	-12.05
-10.62	23.91	-12.05
-10.62	23.91	-12.05
-10.55	24.02	-11.74
-10.55	24.02	-11.74
-10.62	23.91	-12.23
-10.62	23.91	-12.23
-10.69	23.82	-12.59
-10.69	23.82	-12.59
-10.74	23.72	-12.04
-10.74	23.72	-12.04
-10.62	23.89	-12.32
-10.62	23.89	-12.32
-10.55	23.83	-12.74
-10.55	23.83	-12.74
-10.64	23.83	-12.42
-10.64	23.83	-12.42
-10.64	23.88	-12.67
-10.64	23.88	-12.67
-10.64	23.95	-12.14
-10.64	23.95	-12.14
-10.55	23.87	-12.22
-10.55	23.87	-12.22
-10.50	24.01	-12.10
-10.50	24.01	-12.10
-10.65	23.86	-12.31
-10.65	23.86	-12.31
-10.61	23.76	-12.63
-10.61	23.76	-12.63
-10.58	23.82	-11.96
-10.58	23.82	-11.96
-10.48	23.93	-12.12
-10.48	23.93	-12.12
-10.62	23.98	-12.38
-10.62	23.98	-12.38
-10.55	23.79	-12.22
-10.55	23.79	-12.22
-10.62	23.81	-12.02
-10.62	23.81	-12.02
-10.64	23.80	-11.82
-10.64	23.80	-11.82
-10.64	23.89	-12.58
-10.64	23.89	-12.58
-10.66	23.91	-11.78
-10.66	23.91	-11.78
-10.67	23.88	-12.45
-10.67	23.88	-12.45
-10.61	23.76	-12.12
-10.61	23.76	-12.12
-10.62	23.82	-11.87
-10.62	23.82	-11.87
-10.70	23.94	-11.90
-10.70	23.94	-11.90
-10.65	23.94	-12.13
-10.65	23.94	-12.13
-10.64	23.95	-12.38
-10.64	23.95	-12.38
-10.77	23.78	-12.68
-10.77	23.78	-12.68
-10.65	23.67	-12.18
-10.65	23.67	-12.18
-10.64	23.85	-12.58
-10.64	23.85	-12.58
-10.53	23.78	-12.22
-10.53	23.78	-12.22
-10.66	23.89	-12.57
-10.66	23.89	-12.57
-10.68	23.90	-12.06
-10.68	23.90	-12.06
-10.72	23.70	-12.42
-10.72	23.70	-12.42
-10.66	23.86	-12.21
-10.66	23.86	-12.21
-10.55	24.00	-11.79
-10.55	24.00	-11.79
-10.56	23.86	-12.62
-10.56	23.86	-12.62
-10.61	23.95	-12.48
-10.61	23.95	-12.48
-10.71	23.93	-11.89
-10.71	23.93	-11.89
-10.73	23.96	-11.85
-10.73	23.96	-11.85
-10.62	23.98	-11.78
-10.62	23.98	-11.78
-10.60	23.86	-11.84
-10.60	23.86	-11.84
-10.69	23.83	-11.98
-10.69	23.83	-11.98
-10.78	23.82	-11.65
-10.78	23.82	-11.65
-10.67	23.85	-12.48
-10.67	23.85	-12.48
-10.57	23.97	-11.62
-10.57	23.97	-11.62
-10.63	23.84	-11.54
-10.63	23.84	-11.54
-10.72	23.93	-12.18
-10.72	23.93	-12.18
-10.72	23.72	-12.71
-10.72	23.72	-12.71
-10.66	23.97	-11.90
-10.66	23.97	-11.90
-10.60	24.01	-12.19
-10.60	24.01	-12.19
-10.62	24.00	-11.63
-10.62	24.00	-11.63
-10.67	23.82	-12.30
-10.67	23.82	-12.30
-10.71	23.87	-12.13
-10.71	23.87	-12.13
-10.61	23.84	-12.38
-10.61	23.84	-12.38
-10.63	23.93	-11.83
-10.63	23.93	-11.83
-10.66	23.96	-11.88
-10.66	23.96	-11.88
-10.64	23.96	-11.46
-10.64	23.96	-11.46
-10.69	23.85	-11.89
-10.69	23.85	-11.89
-10.74	23.87	-12.07
-10.74	23.87	-12.07
-10.62	23.98	-12.59
-10.62	23.98	-12.59
-10.58	23.92	-12.27
-10.58	23.92	-12.27
-10.64	23.74	-11.98
-10.64	23.74	-11.98
-10.66	23.74	-12.21
-10.66	23.74	-12.21
-10.57	23.80	-12.42
-10.57	23.80	-12.42
-10.62	23.94	-12.13
-10.62	23.94	-12.13
-10.70	23.88	-12.10
-10.70	23.88	-12.10
-10.74	23.86	-11.50
-10.74	23.86	-11.50
-10.69	23.82	-12.05
-10.69	23.82	-12.05
-10.68	23.90	-11.57
-10.68	23.90	-11.57
-10.57	23.90	-12.14
-10.57	23.90	-12.14
-10.71	23.87	-12.18
-10.71	23.87	-12.18
-10.66	23.75	-11.74
-10.66	23.75	-11.74
-10.68	23.86	-12.54
-10.68	23.86	-12.54
-10.58	23.84	-11.65
-10.58	23.84	-11.65
-10.58	23.88	-11.62
-10.58	23.88	-11.62
-10.62	23.88	-11.77
-10.62	23.88	-11.77
-10.76	23.76	-12.13
-10.76	23.76	-12.13
-10.67	23.89	-12.07
-10.67	23.89	-12.07
-10.69	23.84	-12.29
-10.69	23.84	-12.29
-10.58	23.95	-12.31
-10.58	23.95	-12.31
-10.63	23.93	-12.34
-10.63	23.93	-12.34
-10.60	23.97	-11.93
-10.60	23.97	-11.93
-10.66	23.82	-12.86
-10.66	23.82	-12.86
-10.68	23.81	-11.30
-10.68	23.81	-11.30
-10.61	23.94	-11.69
-10.61	23.94	-11.69
-10.67	24.01	-12.54
-10.67	24.01	-12.54
-10.68	23.88	-11.73
-10.68	23.88	-11.73
-10.74	23.93	-11.90
-10.74	23.93	-11.90
-10.74	23.82	-11.56
-10.74	23.82	-11.56
-10.65	23.94	-12.91
-10.65	23.94	-12.91
-10.61	23.74	-11.51
-10.61	23.74	-11.51
-10.65	23.98	-13.05
-10.65	23.98	-13.05
-10.74	23.89	-11.84
-10.74	23.89	-11.84
-10.68	23.81	-12.10
-10.68	23.81	-12.10
-10.62	24.02	-11.83
-10.62	24.02	-11.83
-10.67	23.91	-11.88
-10.67	23.91	-11.88
-10.74	23.87	-11.70
-10.74	23.87	-11.70
-10.71	23.81	-12.01
-10.71	23.81	-12.01
-10.74	23.90	-12.73
-10.74	23.90	-12.73
-10.62	23.98	-12.97
-10.62	23.98	-12.97
-10.65	23.83	-12.06
-10.65	23.83	-12.06
-10.76	23.89	-12.35
-10.76	23.89	-12.35
-10.68	23.82	-12.64
-10.68	23.82	-12.64
-10.72	23.88	-11.38
-10.72	23.88	-11.38
-10.68	24.04	-12.02
-10.68	24.04	-12.02
-10.69	23.94	-11.74
-10.69	23.94	-11.74
-10.70	23.85	-11.35
-10.70	23.85	-11.35
-10.66	23.82	-11.74
-10.66	23.82	-11.74
-10.71	23.94	-11.74
-10.71	23.94	-11.74
-10.66	23.90	-11.74
-10.66	23.90	-11.74
-10.65	23.88	-11.68
-10.65	23.88	-11.68
-10.70	23.86	-12.26
-10.70	23.86	-12.26
-10.66	23.78	-12.27
-10.66	23.78	-12.27
-10.74	23.86	-11.85
-10.74	23.86	-11.85
-10.61	24.03	-12.59
-10.61	24.03	-12.59
-10.64	23.98	-11.88
-10.64	23.98	-11.88
-10.67	23.94	-12.39
-10.67	23.94	-12.39
-10.81	23.87	-12.30
-10.81	23.87	-12.30
-10.67	23.85	-11.88
-10.67	23.85	-11.88
-10.66	23.94	-10.83
-10.66	23.94	-10.83
-10.58	23.95	-12.08
-10.58	23.95	-12.08
-10.64	23.90	-12.06
-10.64	23.90	-12.06
-10.73	23.82	-12.38
-10.73	23.82	-12.38
-10.74	23.86	-11.50
-10.74	23.86	-11.50
-10.72	23.93	-11.86
-10.72	23.93	-11.86
-10.70	23.85	-12.01
-10.70	23.85	-12.01
-10.69	24.00	-12.30
-10.69	24.00	-12.30
-10.56	23.96	-11.92
-10.56	23.96	-11.92
-10.78	23.83	-12.55
-10.78	23.83	-12.55
-10.66	23.98	-11.70
-10.66	23.98	-11.70
-10.62	23.92	-11.70
-10.62	23.92	-11.70
-10.66	24.08	-11.87
-10.66	24.08	-11.87
-10.64	23.91	-11.94
-10.64	23.91	-11.94
-10.61	23.82	-11.34
-10.61	23.82	-11.34
-10.54	23.98	-12.28
-10.54	23.98	-12.28
-10.60	23.85	-11.78
-10.60	23.85	-11.78
-10.63	23.86	-12.01
-10.63	23.86	-12.01
-10.76	23.86	-11.94
-10.76	23.86	-11.94
-10.66	23.82	-11.99
-10.66	23.82	-11.99
-10.66	23.94	-12.74
-10.66	23.94	-12.74
-10.63	23.93	-12.06
-10.63	23.93	-12.06
-10.63	23.92	-11.85
-10.63	23.92	-11.85
-10.70	23.90	-11.90
-10.70	23.90	-11.90
-10.65	23.92	-11.80
-10.65	23.92	-11.80
-10.66	23.89	-12.22
-10.66	23.89	-12.22
-10.58	24.06	-12.05
-10.58	24.06	-12.05
-10.59	23.98	-12.98
-10.59	23.98	-12.98
-10.62	23.94	-12.23
-10.62	23.94	-12.23
-10.72	23.83	-10.84
-10.72	23.83	-10.84
-10.53	23.96	-12.05
-10.53	23.96	-12.05
-10.52	23.97	-12.44
-10.52	23.97	-12.44
-10.74	23.90	-11.63
-10.74	23.90	-11.63
-10.71	23.99	-11.42
-10.71	23.99	-11.42
-10.70	23.75	-12.07
-10.70	23.75	-12.07
-10.61	23.95	-11.19
-10.61	23.95	-11.19
-10.68	23.94	-11.46
-10.68	23.94	-11.46
-10.57	23.87	-11.30
-10.57	23.87	-11.30
-10.67	23.83	-11.42
-10.67	23.83	-11.42
-10.68	23.83	-12.02
-10.68	23.83	-12.02
-10.70	23.90	-11.97
-10.70	23.90	-11.97
-10.66	23.95	-11.96
-10.66	23.95	-11.96
-10.63	23.90	-11.01
-10.63	23.90	-11.01
-10.66	23.98	-11.95
-10.66	23.98	-11.95
-10.70	23.91	-11.65
-10.70	23.91	-11.65
-10.69	23.95	-12.30
-10.69	23.95	-12.30
-10.59	23.98	-12.06
-10.59	23.98	-12.06
-10.56	23.81	-12.01
-10.56	23.81	-12.01
-10.74	23.82	-12.27
-10.74	23.82	-12.27
-10.71	23.88	-11.53
-10.71	23.88	-11.53
-10.70	23.84	-11.20
-10.70	23.84	-11.20
-10.68	23.96	-12.59
-10.68	23.96	-12.59
-10.63	23.86	-12.62
-10.63	23.86	-12.62
-10.54	23.87	-12.18
-10.54	23.87	-12.18
-10.71	23.85	-11.78
-10.71	23.85	-11.78
-10.66	23.89	-11.44
-10.66	23.89	-11.44
-10.62	24.03	-11.86
-10.62	24.03	-11.86
-10.78	23.93	-11.90
-10.78	23.93	-11.90
-10.57	23.96	-12.18
-10.57	23.96	-12.18
-10.64	23.82	-11.92
-10.64	23.82	-11.92
-10.56	23.96	-11.99
-10.56	23.96	-11.99
-10.68	23.94	-11.33
-10.68	23.94	-11.33
-10.56	23.94	-12.06
-10.56	23.94	-12.06
-10.67	23.84	-11.94
-10.67	23.84	-11.94
-10.70	23.91	-11.91
-10.70	23.91	-11.91
-10.69	23.90	-11.93
-10.69	23.90	-11.97
-10.62	23.89	-11.97
-10.62	23.89	-11.91
-10.61	23.85	-11.91
-10.61	23.85	-11.79
-10.71	23.91	-11.79
-10.71	23.91	-12.22
-10.71	23.83	-12.22
-10.71	23.83	-11.49
-10.63	23.78	-11.49
-10.63	23.78	-11.73
-10.57	23.93	-11.73
-10.57	23.83	-11.71
-10.58	23.83	-11.71
-10.58	23.92	-11.13
-10.58	23.92	-11.13
-10.58	23.78	-12.02
-10.72	23.78	-12.02
-10.72	23.99	-11.91
-10.62	23.99	-11.91
-10.62	23.99	-12.30
-10.58	23.99	-12.30
-10.58	23.92	-11.98
-10.58	23.92	-11.98
-10.58	23.91	-11.48
-10.62	23.91	-11.48
-10.68	23.77	-11.94
-10.68	23.77	-11.94
-10.73	23.86	-11.64
-10.73	23.86	-11.64
-10.62	23.82	-11.62
-10.62	23.82	-11.62
-10.58	23.90	-11.90
-10.58	23.90	-11.90
-10.50	23.90	-12.06
-10.50	23.90	-12.06
-10.74	23.82	-11.54
-10.74	23.82	-11.54
-10.60	23.84	-11.61
-10.60	23.84	-11.61
-10.58	23.70	-11.58
-10.58	23.70	-11.58
-10.50	23.94	-12.09
-10.50	23.94	-12.09
-10.58	23.97	-11.93
-10.58	23.97	-11.93
-10.58	23.83	-11.45
-10.58	23.83	-11.45
-10.54	23.95	-11.26
-10.54	23.95	-11.26
-10.66	24.00	-11.72
-10.66	24.00	-11.72
-10.56	23.94	-11.90
-10.56	23.94	-11.90
-10.58	23.86	-11.87
-10.58	23.86	-11.87
-10.65	23.82	-11.93
-10.65	23.82	-11.93
-10.49	23.93	-11.50
-10.49	23.93	-11.50
-10.67	23.86	-12.19
-10.67	23.86	-12.19
-10.62	23.97	-12.12
-10.62	23.97	-12.12
-10.56	23.90	-11.39
-10.56	23.90	-11.39
-10.62	23.80	-12.06
-10.62	23.80	-12.06
-10.62	23.94	-12.17
-10.62	23.94	-12.17
-10.71	23.93	-12.11
-10.71	23.93	-12.11
-10.47	23.79	-12.39
-10.47	23.79	-12.39
-10.55	23.90	-11.94
-10.55	23.90	-11.94
-10.53	23.83	-11.79
-10.53	23.83	-11.79
-10.66	24.09	-11.93
-10.66	24.09	-11.93
-10.68	24.14	-12.01
-10.68	24.14	-12.01
-10.55	24.09	-11.90
-10.55	24.09	-11.90
-10.53	24.17	-11.70
-10.53	24.17	-11.70
-10.50	23.98	-11.70
-10.50	23.98	-11.70
-10.54	23.63	-11.50
-10.54	23.63	-11.50
-10.53	23.34	-11.75
-10.53	23.34	-11.75
-10.51	23.21	-11.29
-10.51	23.21	-11.29
-10.46	23.18	-11.88
-10.46	23.18	-11.88
-10.62	23.88	-12.19
-10.62	23.88	-12.19
-10.55	24.01	-11.55
-10.55	24.01	-11.55
-10.58	23.54	-12.01
-10.58	23.54	-12.01
-10.50	23.06	-12.08
-10.50	23.06	-12.08
-10.56	22.44	-11.48
-10.56	22.44	-11.48
-10.50	22.10	-11.10
-10.50	22.10	-11.10
-10.67	21.83	-11.42
-10.67	21.83	-11.42
-10.73	21.64	-10.99
-10.73	21.64	-10.99
-11.02	20.94	-10.41
-11.02	20.94	-10.41
-11.22	19.79	-9.91
-11.22	19.79	-9.91
-11.55	18.45	-9.51
-11.55	18.45	-9.51
-11.86	17.58	-9.29
-11.86	17.58	-9.29
-11.90	16.81	-9.12
-11.90	16.81	-9.12
-11.90	16.14	-9.19
-11.90	16.14	-9.19
-11.88	15.62	-9.22
-11.88	15.62	-9.22
-11.94	15.06	-9.22
-11.94	15.06	-9.22
-11.82	14.38	-9.45
-11.82	14.38	-9.45
-11.84	13.86	-9.61
-11.84	13.86	-9.61
-11.82	13.53	-9.88
-11.82	13.53	-9.88
-11.77	12.92	-9.98
-11.77	12.92	-9.98
-11.90	12.34	-10.24
-11.90	12.34	-10.24
-12.09	11.76	-10.56
-12.09	11.76	-10.56
-11.88	11.26	-10.80
-11.88	11.26	-10.80
-11.75	10.78	-10.98
-11.75	10.78	-10.98
-11.85	10.22	-11.21
-11.85	10.22	-11.21
-11.98	9.60	-11.38
-11.98	9.60	-11.38
-12.26	9.14	-11.54
-12.26	9.14	-11.54
-12.11	8.46	-11.79
-12.11	8.46	-11.79
-11.86	8.07	-12.14
-11.86	8.07	-12.14
-11.76	7.62	-12.62
-11.76	7.62	-12.62
-11.73	7.13	-12.92
-11.73	7.13	-12.92
-11.90	6.66	-13.06
-11.90	6.66	-13.06
-12.05	6.40	-13.05
-12.05	6.40	-13.05
-12.24	6.29	-13.03
-12.24	6.29	-13.03
-12.39	6.02	-13.11
-12.39	6.02	-13.11
-12.64	5.62	-13.28
-12.64	5.62	-13.28
-12.87	5.50	-13.30
-12.87	5.50	-13.30
-13.12	5.38	-13.30
-13.12	5.38	-13.30
-13.13	5.40	-13.26
-13.13	5.40	-13.26
-13.37	5.36	-13.05
-13.37	5.36	-13.05
-13.70	5.69	-12.79
-13.70	5.69	-12.79
-14.10	6.32	-12.22
-14.10	6.32	-12.22
-14.36	7.05	-11.39
-14.36	7.05	-11.39
-14.66	7.78	-10.77
-14.66	7.78	-10.77
-14.89	8.26	-10.35
-14.89	8.26	-10.35
-15.19	8.54	-10.22
-15.19	8.54	-10.22
-15.56	8.99	-9.78
-15.56	8.99	-9.78
-15.78	9.59	-9.52
-15.78	9.59	-9.52
-15.65	10.39	-9.10
-15.65	10.39	-9.10
-15.41	11.33	-8.86
-15.41	11.33	-8.86
-15.54	11.89	-8.81
-15.54	11.89	-8.81
-15.38	12.33	-8.62
-15.38	12.33	-8.62
-15.34	12.79	-8.19
-15.34	12.79	-8.19
-15.38	13.49	-8.18
-15.38	13.49	-8.18
-15.62	13.82	-8.08
-15.62	13.82	-8.08
-15.62	13.93	-7.62
-15.62	13.93	-7.62
-15.36	13.67	-7.65
-15.36	13.67	-7.65
-15.34	13.53	-7.83
-15.34	13.53	-7.83
-15.18	13.52	-7.71
-15.18	13.52	-7.71
-15.10	13.55	-7.72
-15.10	13.55	-7.72
-14.94	13.53	-7.66
-14.94	13.53	-7.66
-14.66	13.51	-7.82
-14.66	13.51	-7.82
-14.62	13.27	-7.67
-14.62	13.27	-7.67
-14.66	13.01	-7.58
-14.66	13.01	-7.58
-14.61	12.70	-7.57
-14.61	12.70	-7.57
-14.63	12.45	-7.62
-14.63	12.45	-7.62
-15.14	12.06	-7.51
-15.14	12.06	-7.51
-15.26	11.94	-7.26
-15.26	11.94	-7.26
-15.33	12.05	-7.24
-15.33	12.05	-7.24
-15.49	12.10	-7.13
-15.49	12.10	-7.13
-15.45	12.02	-7.10
-15.45	12.02	-7.10
-15.32	11.98	-7.18
-15.32	11.98	-7.18
-15.22	12.06	-7.33
-15.22	12.06	-7.33
-15.10	12.09	-7.37
-15.10	12.09	-7.37
-15.06	12.16	-7.54
-15.06	12.16	-7.54
-15.03	11.93	-7.78
-15.03	11.93	-7.78
-15.10	11.79	-7.86
-15.10	11.79	-7.86
-15.21	11.55	-7.94
-15.21	11.55	-7.94
-15.18	11.43	-8.11
-15.18	11.43	-8.11
-15.08	11.35	-8.23
-15.08	11.35	-8.23
-15.02	11.18	-8.30
-15.02	11.18	-8.30
-14.98	11.26	-8.32
-14.98	11.26	-8.32
-15.10	11.20	-8.30
-15.10	11.20	-8.30
-14.92	11.06	-8.41
-14.92	11.06	-8.41
-14.88	11.06	-8.65
-14.88	11.06	-8.65
-14.85	10.69	-8.63
-14.85	10.69	-8.63
-14.90	10.52	-8.86
-14.90	10.52	-8.86
-15.10	10.30	-8.81
-15.10	10.30	-8.81
-15.06	10.28	-8.90
-15.06	10.28	-8.90
-15.13	10.42	-8.68
-15.13	10.42	-8.68
-15.28	10.43	-8.73
-15.28	10.43	-8.73
-15.34	10.46	-8.70
-15.34	10.46	-8.70
-15.58	10.22	-8.86
-15.58	10.22	-8.86
-15.77	9.84	-8.86
-15.77	9.84	-8.86
-15.90	9.47	-8.97
-15.90	9.47	-8.97
-16.19	9.27	-8.93
-16.19	9.27	-8.93
-16.46	9.18	-9.06
-16.46	9.18	-9.06
-16.82	9.00	-9.09
-16.82	9.00	-9.09
-17.09	9.01	-9.10
-17.09	9.01	-9.10
-17.28	8.90	-9.13
-17.28	8.90	-9.13
-17.59	8.52	-9.18
-17.59	8.52	-9.18
-18.02	8.37	-9.14
-18.02	8.37	-9.14
-18.26	8.34	-9.42
-18.26	8.34	-9.42
-18.59	8.11	-9.38
-18.59	8.11	-9.38
-18.80	7.91	-9.34
-18.80	7.91	-9.34
-18.82	7.98	-9.45
-18.82	7.98	-9.45
-19.10	7.85	-9.24
-19.10	7.85	-9.24
-19.28	7.62	-9.43
-19.28	7.62	-9.43
-19.26	7.66	-9.42
-19.26	7.66	-9.42
-19.20	7.62	-9.54
-19.20	7.62	-9.54
-19.19	7.47	-9.83
-19.19	7.47	-9.83
-19.18	7.51	-9.44
-19.18	7.51	-9.44
-19.18	7.50	-9.72
-19.18	7.50	-9.72
-19.14	7.38	-9.38
-19.14	7.38	-9.38
-18.98	7.52	-9.48
-18.98	7.52	-9.48
-18.73	7.58	-9.67
-18.73	7.58	-9.67
-18.29	7.73	-9.33
-18.29	7.73	-9.33
-17.93	8.02	-9.44
-17.93	8.02	-9.44
-17.33	8.20	-9.35
-17.33	8.20	-9.35
-16.88	8.24	-9.54
-16.88	8.24	-9.54
-16.22	8.52	-9.99
-16.22	8.52	-9.99
-15.86	8.85	-9.22
-15.86	8.85	-9.22
-15.53	8.89	-9.70
-15.53	8.89	-9.70
-15.38	9.09	-9.28
-15.38	9.09	-9.28
-15.12	9.32	-9.10
-15.12	9.32	-9.10
-14.92	9.50	-9.75
-14.92	9.50	-9.75
-14.63	10.04	-9.62
-14.63	10.04	-9.62
-14.55	10.54	-9.06
-14.55	10.54	-9.06
-14.38	10.85	-8.66
-14.38	10.85	-8.66
-14.09	11.16	-8.68
-14.09	11.16	-8.68
-13.67	11.68	-8.81
-13.67	11.68	-8.81
-13.34	12.18	-8.52
-13.34	12.18	-8.52
-12.82	12.94	-8.51
-12.82	12.94	-8.51
-12.47	13.69	-8.30
-12.47	13.69	-8.30
-12.07	14.23	-8.06
-12.07	14.23	-8.06
-11.67	14.50	-8.58
-11.67	14.50	-8.58
-11.46	14.43	-8.52
-11.46	14.43	-8.52
-11.36	14.77	-8.02
-11.36	14.77	-8.02
-11.22	15.11	-8.14
-11.22	15.11	-8.14
-11.13	15.30	-8.49
-11.13	15.30	-8.49
-11.02	15.70	-8.30
-11.02	15.70	-8.30
-10.95	16.02	-8.26
-10.95	16.02	-8.26
-10.98	16.18	-7.63
-10.98	16.18	-7.63
-10.90	16.23	-7.86
-10.90	16.23	-7.86
-10.94	16.22	-7.76
-10.94	16.22	-7.76
-10.88	16.38	-7.23
-10.88	16.38	-7.23
-10.90	16.45	-8.12
-10.90	16.45	-8.12
-10.84	16.26	-7.83
-10.84	16.26	-7.83
-11.00	16.22	-7.90
-11.00	16.22	-7.90
-10.89	16.14	-7.48
-10.89	16.14	-7.48
-10.93	16.18	-7.83
-10.93	16.18	-7.83
-10.90	15.66	-8.07
-10.90	15.66	-8.07
-11.04	15.40	-7.82
-11.04	15.40	-7.82
-11.33	15.07	-8.04
-11.33	15.07	-8.04
-11.35	15.02	-7.53
-11.35	15.02	-7.53
-11.30	14.82	-7.51
-11.30	14.82	-7.51
-11.32	14.89	-7.25
-11.32	14.89	-7.25
-11.26	15.04	-8.22
-11.26	15.04	-8.22
-11.04	15.12	-8.44
-11.04	15.12	-8.44
-10.75	15.34	-8.08
-10.75	15.34	-8.08
-10.43	15.55	-8.77
-10.43	15.55	-8.77
-10.09	15.74	-8.13
-10.09	15.74	-8.13
-10.02	15.63	-8.73
-10.02	15.63	-8.73
-9.96	15.67	-9.08
-9.96	15.67	-9.08
-9.77	15.90	-9.16
-9.77	15.90	-9.16
-9.43	16.04	-8.75
-9.43	16.04	-8.75
-9.39	16.31	-8.94
-9.39	16.31	-8.94
-9.34	16.22	-9.54
-9.34	16.22	-9.54
-9.43	16.24	-8.97
-9.43	16.24	-8.97
-9.31	16.22	-9.07
-9.31	16.22	-9.07
-9.31	16.22	-8.84
-9.31	16.22	-8.84
-9.54	16.39	-8.81
-9.54	16.39	-8.81
-9.64	16.63	-9.09
-9.64	16.63	-9.09
-9.50	16.44	-8.95
-9.50	16.44	-8.95
-9.54	16.58	-9.14
-9.54	16.58	-9.14
-9.42	16.68	-8.97
-9.42	16.68	-8.97
-9.42	16.73	-9.14
-9.42	16.73	-9.14
-9.38	16.91	-9.38
-9.38	16.91	-9.38
-9.23	17.09	-9.34
-9.23	17.09	-9.34
-9.12	17.33	-9.41
-9.12	17.33	-9.41
-9.17	17.69	-9.33
-9.17	17.69	-9.33
-9.25	17.62	-9.55
-9.25	17.62	-9.55
-9.25	17.63	-9.18
-9.25	17.63	-9.18
-9.32	17.86	-9.34
-9.32	17.86	-9.34
-9.50	17.86	-9.13
-9.50	17.86	-9.13
-9.47	18.02	-9.66
-9.47	18.02	-9.66
-9.57	18.15	-9.18
-9.57	18.15	-9.18
-9.63	18.31	-9.52
-9.63	18.31	-9.52
-9.80	18.43	-9.56
-9.80	18.43	-9.56
-9.83	18.53	-9.66
-9.83	18.53	-9.66
-10.08	18.74	-9.48
-10.08	18.74	-9.48
-10.14	18.98	-9.01
-10.14	18.98	-9.01
-9.80	19.14	-9.79
-9.80	19.14	-9.79
-9.75	18.73	-9.68
-9.75	18.73	-9.68
-9.46	18.70	-10.50
-9.46	18.70	-10.50
-9.26	18.71	-10.62
-9.26	18.71	-10.62
-9.37	18.54	-10.21
-9.37	18.54	-10.21
-9.54	18.53	-10.76
-9.54	18.53	-10.76
-9.80	18.44	-10.22
-9.80	18.44	-10.22
-9.70	18.76	-10.02
-9.70	18.76	-10.02
-9.75	18.83	-9.93
-9.75	18.83	-9.93
-9.88	18.94	-10.07
-9.88	18.94	-10.07
-10.01	19.15	-9.98
-10.01	19.15	-9.98
-9.81	19.51	-9.94
-9.81	19.51	-9.94
-9.54	20.21	-10.62
-9.54	20.21	-10.62
-9.59	20.94	-10.34
-9.59	20.94	-10.34
-9.53	21.34	-10.52
-9.53	21.34	-10.52
-9.58	21.69	-10.17
-9.58	21.69	-10.17
-9.66	21.96	-10.29
-9.66	21.96	-10.29
-9.73	22.60	-9.89
-9.73	22.60	-9.89
-9.87	23.00	-9.88
-9.87	23.00	-9.88
-10.01	23.52	-10.24
-10.01	23.52	-10.24
-10.02	23.98	-9.86
-10.02	23.98	-9.86
-10.16	24.10	-9.66
-10.16	24.10	-9.66
-10.46	24.50	-9.75
-10.46	24.50	-9.75
-10.50	24.80	-9.18
-10.50	24.80	-9.18
-10.83	25.21	-9.36
-10.83	25.21	-9.36
-11.10	25.62	-8.76
-11.10	25.62	-8.76
-11.39	25.75	-8.71
-11.39	25.75	-8.71
-11.42	26.57	-8.89
-11.42	26.57	-8.89
-11.49	27.18	-7.94
-11.49	27.18	-7.94
-11.82	27.41	-8.61
-11.82	27.41	-8.61
-11.96	27.67	-9.78
-11.96	27.67	-9.78
-12.30	27.89	-8.69
-12.30	27.89	-8.69
-12.58	28.03	-8.61
-12.58	28.03	-8.61
-12.86	28.26	-8.26
-12.86	28.26	-8.26
-13.10	28.34	-8.13
-13.10	28.34	-8.13
-13.39	28.40	-8.62
-13.39	28.40	-8.62
-13.91	28.30	-8.02
-13.91	28.30	-8.02
-14.43	28.83	-8.57
-14.43	28.83	-8.57
-15.02	29.24	-8.32
-15.02	29.24	-8.32
-15.18	29.67	-8.03
-15.18	29.67	-8.03
-15.42	29.99	-8.66
-15.42	29.99	-8.66
-15.47	29.96	-8.38
-15.47	29.96	-8.38
-15.64	30.13	-8.79
-15.64	30.13	-8.79
-15.51	30.10	-8.42
-15.51	30.10	-8.42
-15.46	30.30	-8.46
-15.46	30.30	-8.46
-15.31	30.20	-8.34
-15.31	30.20	-8.34
-15.30	30.22	-8.63
-15.30	30.22	-8.63
-15.10	30.62	-8.23
-15.10	30.62	-8.23
-15.11	31.15	-8.99
-15.11	31.15	-8.99
-14.95	31.65	-8.86
-14.95	31.65	-8.86
-15.11	32.08	-8.81
-15.11	32.08	-8.81
-15.56	32.07	-8.54
-15.56	32.07	-8.54
-15.92	32.30	-7.69
-15.92	32.30	-7.69
-16.11	33.17	-8.35
-16.11	33.17	-8.35
-16.23	34.18	-9.53
-16.23	34.18	-9.53
-16.36	34.90	-9.89
-16.36	34.90	-9.89
-16.55	35.69	-10.64
-16.55	35.69	-10.64
-16.58	36.00	-10.10
-16.58	36.00	-10.10
-16.43	36.77	-10.94
-16.43	36.77	-10.94
-16.44	37.35	-11.10
-16.44	37.35	-11.10
-16.62	37.72	-11.35
-16.62	37.72	-11.35
-16.86	38.33	-11.26
-16.86	38.33	-11.26
-16.89	38.80	-11.96
-16.89	38.80	-11.96
-16.94	39.25	-12.78
-16.94	39.25	-12.78
-17.13	39.50	-12.42
-17.13	39.50	-12.42
-17.18	39.91	-14.35
-17.18	39.91	-14.35
-17.30	40.22	-12.82
-17.30	40.22	-12.82
-17.42	40.58	-13.80
-17.42	40.58	-13.80
-17.34	41.06	-14.68
-17.34	41.06	-14.68
-17.22	41.50	-15.25
-17.22	41.50	-15.25
-17.36	41.78	-14.62
-17.36	41.78	-14.62
-17.42	42.01	-15.64
-17.42	42.01	-15.64
-17.40	42.39	-15.80
-17.40	42.39	-15.80
-17.33	42.74	-16.79
-17.33	42.74	-16.79
-17.51	43.11	-16.79
-17.51	43.11	-16.79
-17.60	43.41	-16.98
-17.60	43.41	-16.98
-17.68	43.67	-17.64
-17.68	43.67	-17.64
-17.64	43.98	-18.46
-17.64	43.98	-18.46
-17.68	44.20	-18.32
-17.68	44.20	-18.32
-17.74	44.50	-18.44
-17.74	44.50	-18.44
-17.70	44.59	-19.66
-17.70	44.59	-19.66
-17.73	44.80	-20.00
-17.73	44.80	-20.00
-17.68	44.78	-20.02
-17.68	44.78	-20.02
-17.54	45.04	-20.84
-17.54	45.04	-20.84
-17.58	45.21	-20.70
-17.58	45.21	-20.70
-17.74	45.30	-21.41
-17.74	45.30	-21.41
-17.90	45.54	-21.90
-17.90	45.54	-21.90
-17.93	45.48	-22.00
-17.93	45.48	-22.00
-17.77	45.63	-22.38
-17.77	45.63	-22.38
-17.78	45.85	-22.46
-17.78	45.85	-23.26
-17.70	45.80	-23.26
-17.70	45.80	-23.82
-17.74	45.93	-23.82
-17.74	45.93	-23.37
-17.91	46.16	-23.37
-17.91	46.16	-23.80
-17.91	46.17	-23.80
-17.91	46.17	-24.48
-17.66	46.34	-24.48
-17.66	46.34	-24.30
-17.62	46.41	-24.30
-17.62	46.41	-24.96
-17.75	46.29	-24.96
-17.75	46.29	-24.50
-17.60	46.26	-24.50
-17.60	46.26	-25.46
-17.54	46.58	-25.46
-17.54	46.50	-25.94
-17.50	46.50	-25.94
-17.50	46.52	-25.95
-17.44	46.52	-25.95
-17.44	46.55	-25.79
-17.52	46.55	-25.79
-17.52	46.47	-25.62
-17.46	46.47	-25.62
-17.46	46.54	-26.54
-17.39	46.54	-26.54
-17.39	46.77	-26.58
-17.32	46.77	-26.58
-17.32	46.69	-26.55
-17.24	46.69	-26.55
-17.48	46.70	-26.85
-17.48	46.70	-26.85
-17.50	46.77	-27.23
-17.50	46.77	-27.23
-17.60	46.83	-27.19
-17.60	46.83	-27.19
-17.56	46.74	-27.10
-17.56	46.74	-27.10
-17.64	46.81	-26.67
-17.64	46.81	-26.67
-17.67	46.85	-25.62
-17.67	46.85	-25.62
-17.74	46.70	-25.46
-17.74	46.70	-25.46
-17.42	46.55	-25.26
-17.42	46.55	-25.26
-17.05	46.55	-25.62
-17.05	46.55	-25.62
-16.74	46.46	-25.42
-16.74	46.46	-25.42
-16.68	46.48	-25.37
-16.68	46.48	-25.37
-16.86	46.35	-25.34
-16.86	46.35	-25.34
-16.91	46.39	-25.40
-16.91	46.39	-25.40
-16.90	46.52	-25.47
-16.90	46.52	-25.47
-16.83	46.50	-25.17
-16.83	46.50	-25.17
-17.05	46.46	-25.84
-17.05	46.46	-25.84
-17.01	46.34	-24.63
-17.01	46.34	-24.63
-17.10	46.46	-25.11
-17.10	46.46	-25.11
-17.13	46.15	-24.76
-17.13	46.15	-24.76
-17.33	46.16	-24.59
-17.33	46.16	-24.59
-17.39	46.13	-23.90
-17.39	46.13	-23.90
-17.53	46.05	-24.16
-17.53	46.05	-24.16
-17.62	45.94	-23.13
-17.62	45.94	-23.13
-17.75	45.74	-23.06
-17.75	45.74	-23.06
-17.79	45.72	-22.22
-17.79	45.72	-22.22
-17.95	45.38	-21.45
-17.95	45.38	-21.45
-18.23	45.21	-21.23
-18.23	45.21	-21.23
-18.30	44.98	-21.07
-18.30	44.98	-21.07
-18.27	44.82	-20.00
-18.27	44.82	-20.00
-18.19	44.29	-19.16
-18.19	44.29	-19.16
-18.01	43.82	-18.50
-18.01	43.82	-18.50
-18.05	43.30	-17.47
-18.05	43.30	-17.47
-17.86	42.80	-16.82
-17.86	42.80	-16.82
-17.67	42.22	-15.79
-17.67	42.22	-15.79
-17.43	41.44	-14.84
-17.43	41.44	-14.84
-17.08	40.57	-13.96
-17.08	40.57	-13.96
-16.69	39.50	-13.52
-16.69	39.50	-13.52
-16.39	38.38	-12.17
-16.39	38.38	-12.17
-16.11	37.25	-11.71
-16.11	37.25	-11.71
-16.05	36.23	-10.90
-16.05	36.23	-10.90
-16.06	35.11	-9.85
-16.06	35.11	-9.85
-16.05	33.75	-9.19
-16.05	33.75	-9.19
-15.94	32.61	-8.98
-15.94	32.61	-8.98
-15.74	31.76	-8.34
-15.74	31.76	-8.34
-15.64	30.95	-8.10
-15.64	30.95	-8.10
-15.58	30.22	-7.95
-15.58	30.22	-7.95
-15.50	29.29	-7.74
-15.50	29.29	-7.74
-15.41	28.45	-7.36
-15.41	28.45	-7.36
-15.18	27.75	-7.10
-15.18	27.75	-7.10
-14.91	27.10	-7.16
-14.91	27.10	-7.16
-14.84	26.42	-7.06
-14.84	26.42	-7.06
-14.62	25.74	-6.94
-14.62	25.74	-6.94
-14.46	24.89	-6.78
-14.46	24.89	-6.78
-14.33	24.30	-6.62
-14.33	24.30	-6.62
-14.32	23.73	-6.67
-14.32	23.73	-6.67
-14.26	23.18	-6.70
-14.26	23.18	-6.70
-14.29	22.58	-6.54
-14.29	22.58	-6.54
-14.08	21.96	-6.76
-14.08	21.96	-6.76
-14.02	21.34	-6.70
-14.02	21.34	-6.70
-13.81	20.68	-6.72
-13.81	20.68	-6.72
-13.77	20.12	-6.78
-13.77	20.12	-6.78
-13.70	19.22	-6.78
-13.70	19.22	-6.78
-13.76	18.58	-6.85
-13.76	18.58	-6.85
-13.64	17.98	-6.96
-13.64	17.98	-6.96
-13.59	17.42	-7.12
-13.59	17.42	-7.12
-13.50	16.91	-7.25
-13.50	16.91	-7.25
-13.45	16.37	-7.36
-13.45	16.37	-7.36
-13.40	15.80	-7.38
-13.40	15.80	-7.38
-13.15	15.43	-7.45
-13.15	15.43	-7.45
-13.03	15.22	-7.58
-13.03	15.22	-7.58
-12.99	14.96	-7.74
-12.99	14.96	-7.74
-12.85	14.30	-7.87
-12.85	14.30	-7.87
-12.79	14.20	-7.84
-12.79	14.20	-7.84
-12.73	14.02	-8.20
-12.73	14.02	-8.20
-12.65	13.70	-8.30
-12.65	13.70	-8.30
-12.56	13.26	-8.34
-12.56	13.26	-8.34
-12.66	12.86	-8.34
-12.66	12.86	-8.34
-12.87	12.55	-8.58
-12.87	12.55	-8.58
-13.02	12.10	-8.88
-13.02	12.10	-8.88
-13.15	11.42	-9.00
-13.15	11.42	-9.00
-13.67	10.42	-9.38
-13.67	10.42	-9.38
-13.97	9.25	-9.82
-13.97	9.25	-9.82
-14.46	8.12	-10.38
-14.46	8.12	-10.38
-14.77	7.42	-10.78
-14.77	7.42	-10.78
-14.92	7.30	-10.82
-14.92	7.30	-10.82
-14.89	7.18	-11.12
-14.89	7.18	-11.12
-14.90	6.90	-11.23
-14.90	6.90	-11.23
-15.12	6.70	-11.34
-15.12	6.70	-11.34
-15.02	6.50	-11.58
-15.02	6.50	-11.58
-15.16	6.29	-11.68
-15.16	6.29	-11.68
-15.22	6.09	-11.89
-15.22	6.09	-11.89
-15.38	5.94	-12.15
-15.38	5.94	-12.15
-15.45	5.55	-12.30
-15.45	5.55	-12.30
-15.42	5.40	-12.47
-15.42	5.40	-12.47
-15.44	5.25	-12.46
-15.44	5.25	-12.46
-15.48	5.02	-12.76
-15.48	5.02	-12.76
-15.58	5.06	-12.97
-15.58	5.06	-12.97
-15.57	4.80	-13.02
-15.57	4.80	-13.02
-15.50	4.70	-13.12
-15.50	4.70	-13.12
-15.53	4.62	-13.38
-15.53	4.62	-13.38
-15.42	4.58	-13.26
-15.42	4.58	-13.26
-15.45	4.78	-13.30
-15.45	4.78	-13.30
-15.39	4.66	-13.42
-15.39	4.66	-13.42
-15.24	4.92	-13.47
-15.24	4.92	-13.47
-15.12	5.13	-13.07
-15.12	5.13	-13.07
-14.88	5.50	-12.42
-14.88	5.50	-12.42
-14.63	5.75	-12.82
-14.63	5.75	-12.82
-14.66	5.86	-12.26
-14.66	5.86	-12.26
-14.19	6.22	-12.38
-14.19	6.22	-12.38
-14.08	6.50	-12.66
-14.08	6.50	-12.66
-13.99	6.59	-12.04
-13.99	6.59	-12.04
-13.81	6.56	-11.86
-13.81	6.56	-11.86
-13.58	6.81	-11.94
-13.58	6.81	-11.94
-13.65	6.83	-11.87
-13.65	6.83	-11.87
-13.57	6.77	-11.47
-13.57	6.77	-11.47
-13.50	6.66	-11.69
-13.50	6.66	-11.69
-13.45	6.33	-11.86
-13.45	6.33	-11.86
-13.26	6.50	-11.96
-13.26	6.50	-11.96
-13.08	6.54	-11.93
-13.08	6.54	-11.93
-13.04	6.89	-11.54
-13.04	6.89	-11.54
-12.98	7.05	-11.80
-12.98	7.05	-11.80
-13.02	7.23	-10.85
-13.02	7.23	-10.85
-13.02	7.54	-11.19
-13.02	7.54	-11.19
-12.91	7.67	-11.06
-12.91	7.67	-11.06
-12.80	7.92	-10.99
-12.80	7.92	-10.99
-12.78	8.32	-10.39
-12.78	8.32	-10.39
-12.73	8.57	-10.26
-12.73	8.57	-10.26
-12.56	8.80	-10.18
-12.56	8.80	-10.18
-12.52	8.94	-10.15
-12.52	8.94	-10.15
-12.50	9.12	-9.78
-12.50	9.12	-9.78
-12.81	9.58	-9.46
-12.81	9.58	-9.46
-12.99	10.26	-9.04
-12.99	10.26	-9.04
-13.19	10.74	-8.70
-13.19	10.74	-8.70
-13.34	10.88	-8.54
-13.34	10.88	-8.54
-13.43	11.30	-8.18
-13.43	11.30	-8.18
-13.46	10.91	-8.26
-13.46	10.91	-8.26
-13.80	10.71	-8.26
-13.80	10.71	-8.26
-13.86	10.84	-8.06
-13.86	10.84	-8.06
-13.78	11.40	-7.86
-13.78	11.40	-7.86
-13.53	11.94	-7.53
-13.53	11.94	-7.53
-13.25	12.58	-7.26
-13.25	12.58	-7.26
-13.00	13.13	-6.75
-13.00	13.13	-6.75
-12.42	13.36	-6.74
-12.42	13.36	-6.74
-11.95	13.66	-6.90
-11.95	13.66	-6.90
-11.62	13.69	-6.85
-11.62	13.69	-6.85
-11.46	13.62	-6.97
-11.46	13.62	-6.97
-11.07	13.57	-7.05
-11.07	13.57	-7.05
-11.02	13.62	-7.39
-11.02	13.62	-7.39
-10.95	13.64	-7.47
-10.95	13.64	-7.47
-10.79	13.64	-7.06
-10.79	13.64	-7.06
-10.74	13.72	-7.55
-10.74	13.72	-7.55
-10.87	13.86	-7.36
-10.87	13.86	-7.36
-11.07	13.68	-7.64
-11.07	13.68	-7.64
-11.22	13.57	-7.06
-11.22	13.57	-7.06
-11.15	13.47	-7.40
-11.15	13.47	-7.40
-11.22	13.50	-7.01
-11.22	13.50	-7.01
-11.15	13.26	-7.03
-11.15	13.26	-7.03
-11.32	13.06	-7.44
-11.32	13.06	-7.44
-11.35	12.98	-7.21
-11.35	12.98	-7.21
-11.49	12.79	-7.30
-11.49	12.79	-7.30
-11.57	12.71	-7.00
-11.57	12.71	-7.00
-11.86	12.41	-6.78
-11.86	12.41	-6.78
-12.10	12.26	-6.16
-12.10	12.26	-6.16
-12.26	12.51	-6.65
-12.26	12.51	-6.65
-12.09	12.68	-6.16
-12.09	12.68	-6.16
-12.09	12.59	-6.47
-12.09	12.59	-6.47
-12.16	12.73	-6.49
-12.16	12.73	-6.49
-12.09	12.63	-6.35
-12.09	12.63	-6.35
-12.16	12.62	-6.41
-12.16	12.62	-6.41
-12.09	12.64	-6.38
-12.09	12.64	-6.38
-11.94	12.66	-6.40
-11.94	12.66	-6.40
-12.06	12.93	-6.34
-12.06	12.93	-6.34
-12.06	12.93	-6.32
-12.06	12.93	-6.32
-11.98	12.92	-6.43
-11.98	12.92	-6.43
-12.11	13.13	-6.07
-12.11	13.13	-6.07
-12.08	13.28	-5.74
-12.08	13.28	-5.74
-12.06	13.45	-6.46
-12.06	13.45	-6.46
-12.20	13.61	-5.90
-12.20	13.61	-5.90
-12.22	13.30	-5.93
-12.22	13.30	-5.93
-12.11	13.66	-6.54
-12.11	13.66	-6.54
-12.10	13.66	-6.28
-12.10	13.66	-6.28
-12.06	13.66	-5.37
-12.06	13.66	-5.37
-12.11	13.57	-5.64
-12.11	13.57	-5.64
-12.07	13.58	-5.89
-12.07	13.58	-5.89
-12.11	13.75	-5.98
-12.11	13.75	-5.98
-11.94	13.64	-6.39
-11.94	13.64	-6.39
-11.93	13.70	-5.91
-11.93	13.70	-5.91
-11.99	13.70	-6.24
-11.99	13.70	-6.24
-12.19	13.72	-5.38
-12.19	13.72	-5.38
-12.08	13.68	-5.62
-12.08	13.68	-5.62
-12.00	13.68	-6.14
-12.00	13.68	-6.14
-12.00	13.77	-6.09
-12.00	13.77	-6.09
-12.02	13.58	-6.19
-12.02	13.58	-6.19
-12.10	13.38	-5.31
-12.10	13.38	-5.31
-12.08	13.31	-5.71
-12.08	13.31	-5.71
-12.02	13.22	-6.12
-12.02	13.22	-6.12
-11.95	13.17	-6.25
-11.95	13.17	-6.25
-11.90	13.12	-5.66
-11.90	13.12	-5.66
-11.91	13.20	-5.66
-11.91	13.20	-5.66
-11.78	13.18	-5.91
-11.78	13.18	-5.91
-11.80	13.19	-6.08
-11.80	13.19	-6.08
-11.52	13.23	-6.45
-11.52	13.23	-6.45
-11.50	13.26	-6.20
-11.50	13.26	-6.20
-11.57	13.12	-6.35
-11.57	13.12	-6.35
-11.60	13.30	-6.46
-11.60	13.30	-6.46
-11.39	13.34	-6.63
-11.39	13.34	-6.63
-11.34	13.32	-6.35
-11.34	13.32	-6.35
-11.41	13.26	-6.58
-11.41	13.26	-6.58
-11.36	13.14	-6.24
-11.36	13.14	-6.24
-11.44	13.20	-6.43
-11.44	13.20	-6.43
-11.18	13.31	-6.70
-11.18	13.31	-6.70
-11.20	13.34	-6.98
-11.20	13.34	-6.98
-11.20	13.27	-6.41
-11.20	13.27	-6.41
-11.23	13.20	-6.82
-11.23	13.20	-6.82
-11.22	13.33	-6.76
-11.22	13.33	-6.76
-11.10	13.22	-6.60
-11.10	13.22	-6.60
-11.02	13.44	-6.60
-11.02	13.44	-6.60
-10.91	13.24	-6.81
-10.91	13.24	-6.81
-10.85	13.34	-7.70
-10.85	13.34	-7.70
-10.83	13.32	-7.22
-10.83	13.32	-7.22
-10.85	13.57	-7.02
-10.85	13.57	-7.02
-10.72	13.72	-7.54
-10.72	13.72	-7.54
-10.68	13.46	-7.06
-10.68	13.46	-7.06
-10.61	13.50	-7.18
-10.61	13.50	-7.18
-10.56	13.47	-7.16
-10.56	13.47	-7.16
-10.63	13.57	-6.86
-10.63	13.57	-6.86
-10.68	13.40	-6.74
-10.68	13.40	-6.74
-11.08	13.40	-7.00
-11.08	13.40	-7.00
-11.08	13.37	-6.31
-11.08	13.37	-6.31
-11.17	13.44	-6.32
-11.17	13.44	-6.32
-11.11	13.68	-6.35
-11.11	13.68	-6.35
-11.28	13.60	-7.25
-11.28	13.60	-7.25
-11.11	13.65	-7.02
-11.11	13.65	-7.02
-11.24	13.47	-6.66
-11.24	13.47	-6.66
-11.33	13.25	-6.03
-11.33	13.25	-6.03
-11.20	13.17	-6.99
-11.20	13.17	-6.99
-11.21	12.90	-7.80
-11.21	12.90	-7.80
-11.08	12.64	-8.23
-11.08	12.64	-8.23
-10.91	12.22	-8.14
-10.91	12.22	-8.14
-10.69	11.72	-8.56
-10.69	11.72	-8.56
-10.25	11.58	-8.91
-10.25	11.58	-8.91
-9.63	11.68	-9.60
-9.63	11.68	-9.60
-9.10	11.85	-10.17
-9.10	11.85	-10.17
-8.58	11.90	-9.93
-8.58	11.90	-9.93
-8.21	11.80	-11.26
-8.21	11.80	-11.26
-7.87	11.85	-11.59
-7.87	11.85	-11.59
-7.51	12.26	-11.81
-7.51	12.26	-11.81
-7.11	12.83	-11.65
-7.11	12.83	-11.65
-6.82	13.53	-11.73
-6.82	13.53	-11.73
-6.46	14.66	-11.10
-6.46	14.66	-11.10
-6.05	15.78	-10.45
-6.05	15.78	-10.45
-5.80	16.49	-11.02
-5.80	16.49	-11.02
-5.28	16.72	-11.63
-5.28	16.72	-11.63
-5.15	17.17	-12.71
-5.15	17.17	-12.71
-4.86	17.57	-12.50
-4.86	17.57	-12.50
-4.70	18.35	-12.07
-4.70	18.35	-12.07
-4.53	18.87	-11.86
-4.53	18.87	-11.86
-4.67	19.10	-11.26
-4.67	19.10	-11.26
-4.58	19.41	-11.53
-4.58	19.41	-11.53
-4.57	19.67	-11.34
-4.57	19.67	-11.34
-4.42	19.66	-12.26
-4.42	19.66	-12.26
-4.40	19.72	-11.83
-4.40	19.72	-11.83
-4.50	20.10	-11.08
-4.50	20.10	-11.08
-4.52	20.36	-10.74
-4.52	20.36	-10.74
-4.20	20.70	-11.45
-4.20	20.70	-11.45
-4.06	21.22	-11.44
-4.06	21.22	-11.44
-3.39	21.44	-12.72
-3.39	21.44	-12.72
-3.04	21.66	-12.48
-3.04	21.66	-12.48
-2.59	21.84	-13.54
-2.59	21.84	-13.54
-2.38	21.05	-13.49
-2.38	21.05	-13.49
-2.03	20.77	-15.10
-2.03	20.77	-15.10
-2.17	20.36	-13.95
-2.17	20.36	-13.95
-2.18	19.88	-14.13
-2.18	19.88	-14.13
-2.46	19.36	-14.29
-2.46	19.36	-14.29
-2.84	18.98	-14.07
-2.84	18.98	-14.07
-3.09	18.49	-13.78
-3.09	18.49	-13.78
-3.39	18.49	-12.42
-3.39	18.49	-12.42
-3.51	18.15	-13.99
-3.51	18.15	-13.99
-3.62	17.78	-13.64
-3.62	17.78	-13.64
-3.80	17.50	-12.54
-3.80	17.50	-12.54
-3.90	16.94	-13.49
-3.90	16.94	-13.49
-4.08	16.54	-12.94
-4.08	16.54	-12.94
-4.16	15.89	-12.96
-4.16	15.89	-12.96
-4.59	15.47	-12.80
-4.59	15.47	-12.80
-4.82	14.83	-12.50
-4.82	14.83	-12.50
-4.83	14.58	-12.67
-4.83	14.58	-12.67
-4.65	14.21	-13.59
-4.65	14.21	-13.59
-4.30	14.10	-13.18
-4.30	14.10	-13.18
-4.04	14.02	-14.11
-4.04	14.02	-14.11
-3.63	13.94	-13.69
-3.63	13.94	-13.69
-3.21	14.12	-14.94
-3.21	14.12	-14.94
-2.98	13.98	-14.81
-2.98	13.98	-14.81
-2.73	13.81	-14.72
-2.73	13.81	-14.72
-2.68	13.73	-15.65
-2.68	13.73	-15.65
-2.56	13.70	-15.09
-2.56	13.70	-15.09
-2.41	13.66	-15.95
-2.41	13.66	-15.95
-1.99	13.66	-16.20
-1.99	13.66	-16.20
-1.77	13.78	-16.28
-1.77	13.78	-16.28
-1.38	13.70	-17.17
-1.38	13.70	-17.17
-1.03	13.81	-18.20
-1.03	13.81	-18.20
-0.76	14.10	-18.32
-0.76	14.10	-18.32
-0.22	14.18	-17.77
-0.22	14.18	-17.77
-0.02	14.53	-19.70
-0.02	14.53	-19.70
0.38	14.77	-20.34
0.38	14.77	-20.34
0.62	14.94	-20.33
0.62	14.94	-20.33
0.83	15.42	-20.25
0.83	15.42	-20.25
1.03	15.68	-20.55
1.03	15.68	-20.55
1.14	15.93	-21.72
1.14	15.93	-21.72
1.19	16.18	-21.42
1.19	16.18	-21.42
1.49	16.48	-21.70
1.49	16.48	-21.70
1.77	17.02	-22.04
1.77	17.02	-22.04
1.95	17.36	-21.80
1.95	17.36	-21.80
2.11	17.76	-22.45
2.11	17.76	-22.45
2.31	17.86	-22.64
2.31	17.86	-23.00
2.40	18.06	-23.00
2.40	18.06	-23.74
2.46	18.33	-23.74
2.46	18.33	-23.67
2.74	18.73	-23.67
2.74	18.73	-23.65
3.00	18.85	-23.65
3.00	18.85	-24.26
2.98	19.22	-24.26
2.98	19.22	-24.78
3.05	19.38	-24.78
3.05	19.38	-25.07
3.14	19.49	-25.07
3.14	19.49	-24.74
3.14	19.63	-24.74
3.14	19.82	-25.74
3.30	19.82	-25.74
3.30	19.73	-25.78
3.46	19.73	-25.78
3.46	19.58	-26.91
3.42	19.58	-26.91
3.42	19.51	-27.20
3.51	19.51	-27.20
3.51	19.34	-27.55
3.52	19.34	-27.55
3.52	19.28	-28.18
3.46	19.28	-28.18
3.46	19.22	-27.96
3.60	19.22	-27.96
3.35	18.96	-28.66
3.35	18.96	-28.66
3.40	18.88	-28.93
3.40	18.88	-28.93
3.34	18.94	-29.33
3.34	18.94	-29.33
3.48	18.90	-29.43
3.48	18.90	-29.43
3.36	18.91	-30.01
3.36	18.91	-30.01
3.26	18.83	-30.26
3.26	18.83	-30.26
3.37	18.82	-30.22
3.37	18.82	-30.22
3.33	18.77	-30.26
3.33	18.77	-30.26
3.24	18.78	-30.76
3.24	18.78	-30.76
3.26	18.74	-31.29
3.26	18.74	-31.29
3.27	18.55	-31.12
3.27	18.55	-31.12
3.32	18.52	-31.50
3.32	18.52	-31.50
3.23	18.52	-31.57
3.23	18.52	-31.57
3.26	18.66	-31.41
3.26	18.66	-31.41
3.18	18.54	-32.12
3.18	18.54	-32.12
3.07	18.48	-31.92
3.07	18.48	-31.92
3.10	18.32	-32.30
3.10	18.32	-32.30
3.18	18.24	-31.18
3.18	18.24	-31.18
3.15	18.26	-31.78
3.15	18.26	-31.78
3.06	18.10	-32.02
3.06	18.10	-32.02
3.13	17.98	-31.58
3.13	17.98	-31.58
3.10	17.84	-31.52
3.10	17.84	-31.52
3.06	17.78	-31.22
3.06	17.78	-31.22
3.11	17.87	-31.22
3.11	17.87	-31.22
3.15	17.77	-31.22
3.15	17.77	-31.22
3.18	17.65	-30.42
3.18	17.65	-30.42
3.06	17.58	-30.10
3.06	17.58	-30.10
3.10	17.31	-28.82
3.10	17.31	-28.82
2.97	17.06	-27.65
2.97	17.06	-27.65
2.82	16.71	-26.61
2.82	16.71	-26.61
2.66	16.54	-24.86
2.66	16.54	-24.86
2.38	16.79	-23.60
2.38	16.79	-23.60
2.17	16.95	-22.30
2.17	16.95	-22.30
1.91	17.23	-21.30
1.91	17.23	-21.30
1.53	17.67	-19.61
1.53	17.67	-19.61
1.19	18.04	-19.26
1.19	18.04	-19.26
0.74	18.12	-18.02
0.74	18.12	-18.02
0.15	18.22	-16.86
0.15	18.22	-16.86
-0.50	18.33	-15.92
-0.50	18.33	-15.92
-1.14	18.14	-14.89
-1.14	18.14	-14.89
-1.86	17.95	-13.82
-1.86	17.95	-13.82
-2.66	17.70	-13.16
-2.66	17.70	-13.16
-3.50	17.43	-12.57
-3.50	17.43	-12.57
-4.34	17.18	-11.46
-4.34	17.18	-11.46
-5.21	16.98	-10.96
-5.21	16.98	-10.96
-6.46	16.38	-9.88
-6.46	16.38	-9.88
-7.96	15.90	-9.03
-7.96	15.90	-9.03
-9.25	15.52	-8.42
-9.25	15.52	-8.42
-10.12	15.26	-7.74
-10.12	15.26	-7.74
-11.06	15.46	-7.34
-11.06	15.46	-7.34
-12.06	15.30	-6.94
-12.06	15.30	-6.94
-12.90	15.66	-6.55
-12.90	15.66	-6.55
-13.42	16.04	-6.17
-13.42	16.04	-6.17
-13.86	16.53	-5.98
-13.86	16.53	-5.98
-14.57	16.88	-5.68
-14.57	16.88	-5.68
-15.30	16.86	-5.56
-15.30	16.86	-5.56
-16.13	16.98	-5.30
-16.13	16.98	-5.30
-17.35	17.26	-5.02
-17.35	17.26	-5.02
-18.09	17.58	-4.86
-18.09	17.58	-4.86
-18.81	18.07	-4.54
-18.81	18.07	-4.54
-19.68	18.66	-4.41
-19.68	18.66	-4.41
-20.36	18.50	-4.28
-20.36	18.50	-4.28
-21.42	18.38	-4.26
-21.42	18.38	-4.26
-22.44	18.38	-4.24
-22.44	18.38	-4.24
-23.12	18.23	-4.22
-23.12	18.23	-4.22
-23.62	18.01	-4.12
-23.62	18.01	-4.12
-23.90	18.02	-4.43
-23.90	18.02	-4.43
-24.25	18.02	-4.42
-24.25	18.02	-4.42
-24.63	18.16	-4.38
-24.63	18.16	-4.38
-25.22	18.10	-4.38
-25.22	18.10	-4.38
-25.79	17.89	-4.46
-25.79	17.89	-4.46
-26.52	17.69	-4.54
-26.52	17.69	-4.54
-27.07	17.56	-4.68
-27.07	17.56	-4.68
-27.64	17.75	-4.81
-27.64	17.75	-4.81
-28.05	17.74	-4.88
-28.05	17.74	-4.88
-28.48	18.07	-4.91
-28.48	18.07	-4.91
-28.85	18.08	-5.03
-28.85	18.08	-5.03
-28.98	18.28	-5.03
-28.98	18.28	-5.03
-29.16	18.35	-5.02
-29.16	18.35	-5.02
-29.14	18.76	-4.90
-29.14	18.76	-4.90
-29.28	18.90	-5.02
-29.28	18.90	-5.02
-29.56	18.98	-5.02
-29.56	18.98	-5.02
-29.69	18.97	-5.11
-29.69	18.97	-5.11
-29.86	19.20	-5.18
-29.86	19.20	-5.18
-30.14	19.43	-5.32
-30.14	19.43	-5.32
-30.35	19.59	-5.33
-30.35	19.59	-5.33
-30.58	19.90	-5.47
-30.58	19.90	-5.47
-30.79	20.06	-5.45
-30.79	20.06	-5.45
-30.94	20.42	-5.45
-30.94	20.42	-5.45
-30.97	20.70	-5.55
-30.97	20.70	-5.55
-31.06	21.15	-5.51
-31.06	21.15	-5.51
-30.96	21.81	-5.60
-30.96	21.81	-5.60
-30.58	21.72	-5.50
-30.58	21.72	-5.50
-30.64	21.53	-5.49
-30.64	21.53	-5.49
-31.03	21.60	-5.72
-31.03	21.60	-5.72
-31.19	21.76	-5.77
-31.19	21.76	-5.77
-31.85	21.94	-6.03
-31.85	21.94	-6.03
-32.11	21.85	-6.11
-32.11	21.85	-6.11
-32.76	22.13	-6.47
-32.76	22.13	-6.47
-33.73	22.31	-6.91
-33.73	22.31	-6.91
-34.17	22.54	-6.98
-34.17	22.54	-6.98
-34.37	22.54	-7.21
-34.37	22.54	-7.21
-34.62	22.71	-7.35
-34.62	22.71	-7.35
-34.86	23.01	-7.53
-34.86	23.01	-7.53
-35.35	23.22	-7.66
-35.35	23.22	-7.66
-35.44	23.30	-7.85
-35.44	23.30	-7.85
-35.46	23.11	-8.01
-35.46	23.11	-8.01
-35.58	22.94	-7.98
-35.58	22.94	-7.98
-35.64	23.10	-7.98
-35.64	23.10	-7.98
-35.58	23.15	-8.10
-35.58	23.15	-8.10
-35.57	23.37	-7.99
-35.57	23.37	-7.99
-35.32	23.48	-8.00
-35.32	23.48	-8.00
-35.26	23.74	-8.11
-35.26	23.74	-8.11
-35.17	23.90	-7.90
-35.17	23.90	-7.90
-34.99	23.98	-7.96
-34.99	23.98	-7.96
-35.04	24.02	-7.95
-35.04	24.02	-7.95
-35.14	24.18	-8.14
-35.14	24.18	-8.14
-35.14	24.37	-8.14
-35.14	24.37	-8.14
-35.15	24.22	-8.20
-35.15	24.22	-8.20
-35.10	24.32	-7.97
-35.10	24.32	-7.97
-35.07	24.36	-8.07
-35.07	24.36	-8.07
-35.18	24.22	-8.18
-35.18	24.22	-8.18
-35.22	24.18	-8.35
-35.22	24.18	-8.35
-35.26	24.00	-8.26
-35.26	24.00	-8.26
-35.46	23.91	-8.26
-35.46	23.91	-8.26
-35.48	23.67	-8.18
-35.48	23.67	-8.18
-35.37	23.36	-8.30
-35.37	23.36	-8.30
-35.50	23.26	-8.31
-35.50	23.26	-8.31
-35.46	23.40	-8.54
-35.46	23.40	-8.54
-35.38	23.66	-8.35
-35.38	23.66	-8.35
-35.49	23.81	-8.36
-35.49	23.81	-8.36
-35.42	23.63	-8.52
-35.42	23.63	-8.52
-35.50	23.52	-8.57
-35.50	23.52	-8.57
-35.66	23.60	-8.50
-35.66	23.60	-8.50
-35.65	23.77	-8.50
-35.65	23.77	-8.50
-35.58	23.71	-8.54
-35.58	23.71	-8.54
-35.45	23.51	-8.50
-35.45	23.51	-8.50
-35.50	23.45	-8.58
-35.50	23.45	-8.58
-35.34	23.26	-8.53
-35.34	23.26	-8.53
-35.19	22.98	-8.31
-35.19	22.98	-8.31
-34.90	22.46	-8.16
-34.90	22.46	-8.16
-34.72	21.82	-8.18
-34.72	21.82	-8.18
-34.78	21.22	-8.22
-34.78	21.22	-8.22
-34.65	20.83	-8.18
-34.65	20.83	-8.18
-34.68	20.54	-8.06
-34.68	20.54	-8.06
-34.70	20.39	-8.02
-34.70	20.39	-8.02
-34.46	20.21	-7.98
-34.46	20.21	-7.98
-34.38	20.14	-8.42
-34.38	20.14	-8.42
-34.00	20.29	-7.67
-34.00	20.29	-7.67
-33.47	20.55	-7.50
-33.47	20.55	-7.50
-33.32	20.27	-7.47
-33.32	20.27	-7.47
-33.28	19.96	-7.67
-33.28	19.96	-7.67
-33.00	20.28	-8.39
-33.00	20.28	-8.39
-32.37	20.82	-7.16
-32.37	20.82	-7.16
-31.86	21.07	-6.98
-31.86	21.07	-6.98
-31.32	21.76	-6.87
-31.32	21.76	-6.87
-30.60	22.27	-6.55
-30.60	22.27	-6.55
-30.22	22.56	-6.48
-30.22	22.56	-6.48
-30.10	22.54	-6.46
-30.10	22.54	-6.46
-31.06	21.12	-6.78
-31.06	21.12	-6.78
-31.31	21.08	-6.83
-31.31	21.08	-6.83
-31.38	21.02	-6.74
-31.38	21.02	-6.74
-31.37	20.70	-6.81
-31.37	20.70	-6.81
-31.18	20.72	-6.68
-31.18	20.72	-6.68
-30.93	20.73	-6.43
-30.93	20.73	-6.43
-30.19	20.61	-6.17
-30.19	20.61	-6.17
-29.65	20.18	-6.01
-29.65	20.18	-6.01
-29.05	19.31	-5.94
-29.05	19.31	-5.94
-28.58	18.30	-5.89
-28.58	18.30	-5.89
-28.46	17.37	-6.10
-28.46	17.37	-6.10
-28.41	16.56	-6.08
-28.41	16.56	-6.08
-28.28	15.89	-6.26
-28.28	15.89	-6.26
-28.02	15.02	-6.42
-28.02	15.02	-6.42
-27.90	14.43	-6.54
-27.90	14.43	-6.54
-27.74	13.82	-6.70
-27.74	13.82	-6.70
-27.56	13.66	-6.62
-27.56	13.66	-6.62
-27.66	13.62	-6.73
-27.66	13.62	-6.73
-28.11	13.30	-6.97
-28.11	13.30	-6.97
-29.10	13.10	-7.16
-29.10	13.10	-7.16
-30.02	12.66	-7.61
-30.02	12.66	-7.61
-30.90	12.34	-8.00
-30.90	12.34	-8.00
-31.66	11.83	-8.50
-31.66	11.83	-8.50
-32.10	11.50	-8.82
-32.10	11.50	-8.82
-32.47	11.35	-9.14
-32.47	11.35	-9.14
-33.01	11.51	-9.25
-33.01	11.51	-9.25
-33.36	11.54	-9.30
-33.36	11.54	-9.30
-33.82	11.54	-9.62
-33.82	11.54	-9.62
-34.01	11.34	-9.83
-34.01	11.34	-9.83
-34.30	11.22	-10.24
-34.30	11.22	-10.24
-34.54	11.23	-10.31
-34.54	11.23	-10.31
-34.69	11.27	-10.26
-34.69	11.27	-10.26
-34.99	11.30	-10.51
-34.99	11.30	-10.51
-35.18	11.35	-10.71
-35.18	11.35	-10.71
-35.22	11.52	-10.67
-35.22	11.52	-10.67
-35.23	11.65	-10.60
-35.23	11.65	-10.60
-35.37	11.70	-10.64
-35.37	11.70	-10.64
-35.39	11.64	-10.67
-35.39	11.64	-10.67
-35.65	11.82	-10.30
-35.65	11.82	-10.30
-35.71	11.88	-11.08
-35.71	11.88	-11.08
-35.94	12.02	-10.73
-35.94	12.02	-10.73
-36.04	12.18	-10.43
-36.04	12.18	-10.43
-35.89	12.19	-10.46
-35.89	12.19	-10.46
-35.74	12.19	-11.42
-35.74	12.19	-11.42
-35.67	12.35	-10.38
-35.67	12.35	-10.38
-35.46	12.49	-9.98
-35.46	12.49	-9.98
-35.26	12.55	-10.22
-35.26	12.55	-10.22
-34.86	12.78	-9.37
-34.86	12.78	-9.37
-34.47	12.88	-9.45
-34.47	12.88	-9.45
-33.93	12.99	-9.33
-33.93	12.99	-9.33
-33.36	13.14	-9.30
-33.36	13.14	-9.30
-32.82	13.22	-8.61
-32.82	13.22	-8.61
-32.58	13.20	-9.05
-32.58	13.20	-9.05
-32.06	13.12	-8.42
-32.06	13.12	-8.42
-31.82	13.09	-8.31
-31.82	13.09	-8.31
-31.47	13.45	-8.10
-31.47	13.45	-8.10
-31.03	13.60	-7.51
-31.03	13.60	-7.51
-30.77	13.74	-7.83
-30.77	13.74	-7.83
-30.45	13.88	-7.23
-30.45	13.88	-7.23
-30.24	13.96	-7.66
-30.24	13.96	-7.66
-29.89	14.12	-7.35
-29.89	14.12	-7.35
-29.65	14.28	-7.42
-29.65	14.28	-7.42
-29.71	14.30	-6.91
-29.71	14.30	-6.91
-29.49	14.26	-6.89
-29.49	14.26	-6.89
-29.38	14.10	-7.03
-29.38	14.10	-7.03
-29.33	14.22	-6.92
-29.33	14.22	-6.92
-29.23	14.22	-7.02
-29.23	14.22	-7.02
-29.24	14.30	-6.69
-29.24	14.30	-6.69
-29.19	14.25	-6.49
-29.19	14.25	-6.49
-29.04	14.11	-7.16
-29.04	14.11	-7.16
-29.01	14.23	-6.98
-29.01	14.23	-6.98
-28.98	14.17	-7.28
-28.98	14.17	-7.28
-28.83	14.19	-7.02
-28.83	14.19	-7.02
-28.73	14.31	-6.86
-28.73	14.31	-6.86
-28.55	14.18	-7.02
-28.55	14.18	-7.02
-28.31	14.18	-6.60
-28.31	14.18	-6.60
-27.98	14.33	-6.79
-27.98	14.33	-6.79
-27.54	14.50	-6.28
-27.54	14.50	-6.28
-26.77	14.76	-6.20
-26.77	14.76	-6.20
-25.55	14.97	-6.05
-25.55	14.97	-6.05
-24.22	14.85	-6.48
-24.22	14.85	-6.48
-22.82	14.94	-5.86
-22.82	14.94	-5.86
-21.93	16.54	-5.48
-21.93	16.54	-5.48
-20.18	15.72	-5.75
-20.18	15.72	-5.75
-18.41	15.70	-5.90
-18.41	15.70	-5.90
-17.25	15.38	-6.49
-17.25	15.38	-6.49
-16.47	15.04	-6.83
-16.47	15.04	-6.83
-15.61	14.66	-8.26
-15.61	14.66	-8.26
-14.80	14.13	-8.96
-14.80	14.13	-8.96
-14.37	13.80	-9.42
-14.37	13.80	-9.42
-14.24	13.36	-8.47
-14.24	13.36	-8.47
-14.57	12.40	-9.85
-14.57	12.40	-9.85
-14.64	11.96	-9.66
-14.64	11.96	-9.66
-14.50	12.20	-10.02
-14.50	12.20	-10.02
-14.02	12.61	-10.78
-14.02	12.61	-10.78
-13.62	13.04	-9.34
-13.62	13.04	-9.34
-13.22	13.86	-10.14
-13.22	13.86	-10.14
-13.10	14.48	-10.12
-13.10	14.48	-10.12
-13.25	14.52	-9.89
-13.25	14.52	-9.89
-13.47	14.46	-9.78
-13.47	14.46	-9.78
-13.71	14.66	-9.06
-13.71	14.66	-9.06
-13.50	15.07	-10.59
-13.50	15.07	-10.59
-13.58	15.46	-9.62
-13.58	15.46	-9.62
-13.43	15.53	-9.72
-13.43	15.53	-9.72
-13.46	15.86	-9.49
-13.46	15.86	-9.49
-13.58	15.89	-9.99
-13.58	15.89	-9.99
-13.64	16.10	-9.82
-13.64	16.10	-9.82
-13.62	16.32	-9.36
-13.62	16.32	-9.36
-13.62	16.06	-9.49
-13.62	16.06	-9.49
-13.71	16.22	-9.62
-13.71	16.22	-9.62
-13.78	16.18	-9.22
-13.78	16.18	-9.22
-13.70	16.30	-9.66
-13.70	16.30	-9.66
-13.70	16.28	-9.94
-13.70	16.28	-9.94
-13.70	16.28	-9.74
-13.70	16.28	-9.74
-13.67	16.38	-9.50
-13.67	16.38	-9.50
-13.62	16.37	-9.65
-13.62	16.37	-9.65
-13.63	16.57	-9.51
-13.63	16.57	-9.51
-13.68	16.80	-10.14
-13.68	16.80	-10.14
-13.53	17.15	-9.25
-13.53	17.15	-9.25
-13.49	17.39	-9.09
-13.49	17.39	-9.09
-13.59	17.79	-9.51
-13.59	17.79	-9.51
-13.69	18.70	-9.94
-13.69	18.70	-9.94
-14.10	20.95	-9.42
-14.10	20.95	-9.42
-14.66	22.94	-11.25
-14.66	22.94	-11.25
-14.95	23.09	-11.28
-14.95	23.09	-11.28
-14.95	23.00	-10.66
-14.95	23.00	-10.66
-14.89	23.13	-10.50
-14.89	23.13	-10.50
-14.65	23.19	-11.34
-14.65	23.19	-11.34
-14.45	23.01	-11.71
-14.45	23.01	-11.71
-14.31	22.98	-12.30
-14.31	22.98	-12.30
-14.22	22.97	-12.23
-14.22	22.97	-12.23
-14.27	23.06	-11.70
-14.27	23.06	-11.70
-14.29	23.00	-11.29
-14.29	23.00	-11.29
-14.22	22.98	-12.14
-14.22	22.98	-12.14
-14.19	22.88	-12.02
-14.19	22.88	-12.02
-14.26	23.00	-12.22
-14.26	23.00	-12.22
-14.13	22.98	-11.90
-14.13	22.98	-11.90
-14.21	23.03	-11.41
-14.21	23.03	-11.41
-14.26	22.99	-11.93
-14.26	22.99	-11.93
-14.20	22.96	-11.39
-14.20	22.96	-11.39
-14.27	22.84	-11.12
-14.27	22.84	-11.12
-14.22	22.91	-12.05
-14.22	22.91	-12.05
-14.20	22.99	-11.61
-14.20	22.99	-11.61
-14.30	22.92	-12.00
-14.30	22.92	-12.00
-14.26	22.84	-11.75
-14.26	22.84	-11.75
-14.22	22.79	-11.82
-14.22	22.79	-11.82
-14.35	22.86	-11.76
-14.35	22.86	-11.76
-14.18	22.94	-10.88
-14.18	22.94	-10.88
-14.28	22.90	-11.62
-14.28	22.90	-11.62
-14.32	22.70	-11.54
-14.32	22.70	-11.54
-14.22	22.70	-11.27
-14.22	22.70	-11.27
-14.03	22.77	-12.23
-14.03	22.77	-12.23
-13.98	22.82	-11.34
-13.98	22.82	-11.34
-13.88	22.94	-11.89
-13.88	22.94	-11.89
-13.86	22.79	-11.50
-13.86	22.79	-11.50
-13.88	22.79	-10.59
-13.88	22.79	-10.59
-13.70	22.72	-11.60
-13.70	22.72	-11.60
-13.61	22.94	-12.12
-13.61	22.94	-12.12
-13.38	22.98	-12.14
-13.38	22.98	-12.14
-13.54	22.91	-11.72
-13.54	22.91	-11.72
-13.38	22.77	-11.77
-13.38	22.77	-11.77
-13.29	22.97	-11.66
-13.29	22.97	-11.66
-13.34	22.96	-11.74
-13.34	22.96	-11.74
-13.34	23.10	-10.99
-13.34	23.10	-10.99
-13.38	22.93	-11.74
-13.38	22.93	-11.74
-13.36	22.90	-12.23
-13.36	22.90	-12.23
-13.32	22.94	-10.97
-13.32	22.94	-10.97
-13.30	23.03	-11.18
-13.30	23.03	-11.18
-13.23	22.95	-11.43
-13.23	22.95	-11.43
-13.33	22.87	-11.33
-13.33	22.87	-11.33
-13.38	22.86	-11.31
-13.38	22.86	-11.31
-13.38	22.81	-11.09
-13.38	22.81	-11.09
-13.37	23.03	-11.19
-13.37	23.03	-11.19
-13.38	22.94	-10.82
-13.38	22.94	-10.82
-13.21	22.80	-11.62
-13.21	22.80	-11.62
-13.38	22.78	-11.19
-13.38	22.78	-11.19
-13.30	22.88	-10.57
-13.30	22.88	-10.57
-13.46	22.86	-11.09
-13.46	22.86	-11.09
-13.34	23.04	-10.83
-13.34	23.04	-10.83
-13.35	22.83	-11.60
-13.35	22.83	-11.60
-13.45	22.70	-11.20
-13.45	22.70	-11.20
-13.39	22.82	-11.35
-13.39	22.82	-11.35
-13.37	22.86	-11.49
-13.37	22.86	-11.49
-13.28	22.88	-11.62
-13.28	22.88	-11.62
-13.32	22.86	-11.46
-13.32	22.86	-11.46
-13.32	22.78	-11.60
-13.32	22.78	-11.60
-13.38	22.77	-11.37
-13.38	22.77	-11.37
-13.32	22.85	-11.41
-13.32	22.85	-11.41
-13.38	22.88	-11.22
-13.38	22.88	-11.49
-13.31	22.78	-11.49
-13.31	22.78	-12.00
-13.43	22.84	-12.00
-13.43	22.84	-11.39
-13.46	22.86	-11.39
-13.46	22.86	-11.10
-13.34	22.77	-11.10
-13.34	22.77	-11.83
-13.30	22.80	-11.83
-13.30	22.80	-11.14
-13.33	22.81	-11.14
-13.33	22.81	-11.57
-13.39	22.78	-11.57
-13.39	22.78	-10.81
-13.43	22.81	-10.81
-13.43	22.81	-11.29
-13.41	22.81	-11.29
-13.41	23.01	-11.27
-13.35	23.01	-11.27
-13.35	22.82	-11.41
-13.35	22.82	-11.41
-13.35	22.86	-10.93
-13.26	22.86	-10.93
-13.26	22.79	-11.57
-13.26	22.79	-11.57
-13.26	22.90	-11.16
-13.26	22.90	-11.16
-13.26	23.05	-10.98
-13.24	23.05	-10.98
-13.24	22.84	-11.14
-13.26	22.84	-11.14
-13.26	22.80	-11.25
-13.30	22.80	-11.25
-13.23	22.71	-10.78
-13.23	22.71	-10.78
-13.26	22.91	-10.85
-13.26	22.91	-10.85
-13.12	22.93	-10.78
-13.12	22.93	-10.78
-13.14	22.86	-10.91
-13.14	22.86	-10.91
-13.18	22.90	-11.29
-13.18	22.90	-11.29
-13.17	22.76	-11.52
-13.17	22.76	-11.52
-13.30	22.75	-11.43
-13.30	22.75	-11.43
-13.14	23.00	-11.07
-13.14	23.00	-11.07
-13.16	22.99	-11.06
-13.16	22.99	-11.06
-13.13	22.82	-11.38
-13.13	22.82	-11.38
-13.13	22.70	-11.58
-13.13	22.70	-11.58
-13.09	22.79	-10.95
-13.09	22.79	-10.95
-13.11	23.02	-11.22
-13.11	23.02	-11.22
-13.15	22.74	-11.71
-13.15	22.74	-11.71
-13.14	22.95	-11.56
-13.14	22.95	-11.56
-13.14	22.86	-11.05
-13.14	22.86	-11.05
-13.16	22.99	-11.27
-13.16	22.99	-11.27
-13.09	23.05	-11.46
-13.09	23.05	-11.46
-13.17	22.84	-11.13
-13.17	22.84	-11.13
-13.15	22.90	-11.31
-13.15	22.90	-11.31
-13.00	22.76	-11.39
-13.00	22.76	-11.39
-13.10	22.77	-11.12
-13.10	22.77	-11.12
-13.10	23.14	-11.28
-13.10	23.14	-11.28
-13.06	22.98	-11.57
-13.06	22.98	-11.57
-13.26	22.89	-11.66
-13.26	22.89	-11.66
-13.01	22.94	-10.86
-13.01	22.94	-10.86
-13.10	22.90	-11.22
-13.10	22.90	-11.22
-12.97	23.02	-11.39
-12.97	23.02	-11.39
-12.93	22.84	-11.30
-12.93	22.84	-11.30
-13.02	22.86	-10.81
-13.02	22.86	-10.81
-13.10	22.85	-11.28
-13.10	22.85	-11.28
-12.96	22.88	-11.08
-12.96	22.88	-11.08
-12.94	23.06	-11.10
-12.94	23.06	-11.10
-12.98	23.00	-11.54
-12.98	23.00	-11.54
-13.10	23.10	-11.46
-13.10	23.10	-11.46
-13.09	22.88	-11.20
-13.09	22.88	-11.20
-13.15	22.98	-11.15
-13.15	22.98	-11.15
-12.95	23.10	-10.94
-12.95	23.10	-10.94
-12.96	23.06	-11.44
-12.96	23.06	-11.44
-12.93	23.00	-11.21
-12.93	23.00	-11.21
-13.12	22.93	-11.00
-13.12	22.93	-11.00
-12.98	23.02	-11.07
-12.98	23.02	-11.07
-13.02	23.11	-11.36
-13.02	23.11	-11.36
-13.02	23.01	-11.10
-13.02	23.01	-11.10
-13.01	22.82	-11.10
-13.01	22.82	-11.10
-13.08	22.91	-11.18
-13.08	22.91	-11.18
-12.96	22.96	-11.07
-12.96	22.96	-11.07
-13.00	23.11	-11.22
-13.00	23.11	-11.22
-13.05	23.00	-11.27
-13.05	23.00	-11.27
-13.08	22.90	-11.19
-13.08	22.90	-11.19
-13.02	22.96	-11.29
-13.02	22.96	-11.29
-12.94	22.90	-11.30
-12.94	22.90	-11.30
-12.96	22.99	-11.25
-12.96	22.99	-11.25
-12.99	23.03	-11.31
-12.99	23.03	-11.31
-13.00	22.97	-11.41
-13.00	22.97	-11.41
-12.97	22.84	-11.38
-12.97	22.84	-11.38
-12.88	23.02	-11.28
-12.88	23.02	-11.28
-13.02	22.94	-11.36
-13.02	22.94	-11.36
-12.86	23.03	-11.30
-12.86	23.03	-11.30
-12.96	22.92	-11.37
-12.96	22.92	-11.37
-12.91	22.96	-11.45
-12.91	22.96	-11.45
-12.96	22.99	-11.30
-12.96	22.99	-11.30
-12.84	23.16	-11.26
-12.84	23.16	-11.26
-12.92	23.02	-11.32
-12.92	23.02	-11.32
-12.94	22.99	-11.33
-12.94	22.99	-11.33
-12.93	23.01	-11.34
-12.93	23.01	-11.34
-12.86	22.99	-11.37
-12.86	22.99	-11.37
-12.86	23.12	-11.40
-12.86	23.12	-11.40
-12.86	22.95	-11.43
-12.86	22.95	-11.43
-12.86	22.96	-11.39
-12.86	22.96	-11.39
-12.84	22.95	-11.38
-12.84	22.95	-11.38
-12.94	23.02	-11.35
-12.94	23.02	-11.35
-12.90	23.10	-11.45
-12.90	23.10	-11.45
-12.73	23.07	-11.45
-12.73	23.07	-11.45
-12.81	23.10	-11.31
-12.81	23.10	-11.31
-12.86	23.01	-11.37
-12.86	23.01	-11.37
-12.88	22.94	-11.46
-12.88	22.94	-11.46
-12.81	23.10	-11.51
-12.81	23.10	-11.51
-12.83	23.13	-11.44
-12.83	23.13	-11.44
-12.75	23.06	-11.38
-12.75	23.06	-11.38
-12.83	22.99	-11.48
-12.83	22.99	-11.48
-12.86	23.05	-11.39
-12.86	23.05	-11.39
-12.80	23.05	-11.56
-12.80	23.05	-11.56
-12.81	23.10	-11.56
-12.81	23.10	-11.56
-12.88	23.02	-11.54
-12.88	23.02	-11.54
-12.84	23.00	-11.50
-12.84	23.00	-11.50
-12.82	22.90	-11.59
-12.82	22.90	-11.59
-12.89	23.13	-11.46
-12.89	23.13	-11.46
-12.78	23.09	-11.57
-12.78	23.09	-11.57
-12.90	23.06	-11.50
-12.90	23.06	-11.50
-12.87	22.92	-11.58
-12.87	22.92	-11.58
-12.70	22.94	-11.54
-12.70	22.94	-11.54
-12.86	23.02	-11.53
-12.86	23.02	-11.53
-12.91	23.03	-11.59
-12.91	23.03	-11.59
-12.84	22.96	-11.49
-12.84	22.96	-11.49
-12.85	22.95	-11.58
-12.85	22.95	-11.58
-12.87	23.00	-11.54
-12.87	23.00	-11.54
-12.92	22.94	-11.50
-12.92	22.94	-11.50
-12.89	23.00	-11.50
-12.89	23.00	-11.50
-12.98	23.02	-11.46
-12.98	23.02	-11.46
-12.98	22.92	-11.46
-12.98	22.92	-11.46
-12.86	22.98	-11.50
-12.86	22.98	-11.50
-12.78	22.97	-11.55
-12.78	22.97	-11.55
-12.91	22.94	-11.60
-12.91	22.94	-11.60
-12.96	23.06	-11.48
-12.96	23.06	-11.48
-12.94	22.90	-11.54
-12.94	22.90	-11.54
-12.98	22.98	-11.47
-12.98	22.98	-11.47
-12.88	22.98	-11.66
-12.88	22.98	-11.66
-12.82	23.06	-11.63
-12.82	23.06	-11.63
-12.89	23.02	-11.50
-12.89	23.02	-11.50
-13.03	23.03	-11.54
-13.03	23.03	-11.54
-12.96	22.97	-11.36
-12.96	22.97	-11.36
-12.95	22.94	-11.62
-12.95	22.94	-11.62
-12.98	22.99	-11.48
-12.98	22.99	-11.48
-12.96	22.93	-11.62
-12.96	22.93	-11.62
-12.94	23.01	-11.50
-12.94	23.01	-11.50
-13.02	22.93	-11.50
-13.02	22.93	-11.50
-12.91	22.98	-11.45
-12.91	22.98	-11.45
-12.91	23.07	-11.47
-12.91	23.07	-11.47
-12.98	22.94	-11.51
-12.98	22.94	-11.51
-12.98	22.92	-11.37
-12.98	22.92	-11.37
-12.93	22.97	-11.62
-12.93	22.97	-11.62
-12.82	22.98	-11.42
-12.82	22.98	-11.42
-12.82	23.05	-11.38
-12.82	23.05	-11.38
-12.99	23.04	-11.36
-12.99	23.04	-11.36
-12.91	22.96	-11.52
-12.91	22.96	-11.52
-12.83	23.02	-11.52
-12.83	23.02	-11.52
-12.86	22.94	-11.54
-12.86	22.94	-11.54
-12.86	23.02	-11.39
-12.86	23.02	-11.39
-12.88	23.08	-11.51
-12.88	23.08	-11.51
-12.86	22.87	-11.38
-12.86	22.87	-11.38
-12.83	22.90	-11.38
-12.83	22.90	-11.38
-12.98	23.01	-11.38
-12.98	23.01	-11.38
-12.84	23.10	-11.41
-12.84	23.10	-11.41
-12.90	22.98	-11.35
-12.90	22.98	-11.35
-12.95	22.98	-11.47
-12.95	22.98	-11.47
-12.86	22.98	-11.49
-12.86	22.98	-11.49
-12.92	22.94	-11.47
-12.92	22.94	-11.47
-12.94	23.02	-11.47
-12.94	23.02	-11.47
-12.94	23.06	-11.46
-12.94	23.06	-11.46
-12.96	23.04	-11.52
-12.96	23.04	-11.52
-13.02	22.98	-11.50
-13.02	22.98	-11.50
-12.89	23.00	-11.54
-12.89	23.00	-11.54
-12.94	23.00	-11.46
-12.94	23.00	-11.46
-12.78	23.11	-11.47
-12.78	23.11	-11.47
-12.94	23.00	-11.48
-12.94	23.00	-11.48
-12.98	22.95	-11.46
-12.98	22.95	-11.46
-12.88	22.98	-11.38
-12.88	22.98	-11.38
-12.88	23.14	-11.40
-12.88	23.14	-11.40
-12.76	23.08	-11.38
-12.76	23.08	-11.38
-12.65	23.05	-11.38
-12.65	23.05	-11.38
-12.53	22.90	-11.36
-12.53	22.90	-11.36
-12.46	23.13	-11.30
-12.46	23.13	-11.30
-12.43	23.00	-11.14
-12.43	23.00	-11.14
-12.28	23.15	-11.17
-12.28	23.15	-11.17
-12.26	23.02	-11.04
-12.26	23.02	-11.04
-12.28	23.06	-11.18
-12.28	23.06	-11.18
-12.30	23.01	-11.12
-12.30	23.01	-11.12
-12.20	23.20	-11.22
-12.20	23.20	-11.22
-12.24	23.15	-11.27
-12.24	23.15	-11.27
-12.26	23.06	-11.12
-12.26	23.06	-11.12
-12.22	23.05	-11.01
-12.22	23.05	-11.01
-12.26	23.11	-10.98
-12.26	23.11	-10.98
-12.26	23.14	-11.25
-12.26	23.14	-11.25
-12.18	23.15	-11.17
-12.18	23.15	-11.17
-12.23	23.19	-11.10
-12.23	23.19	-11.10
-12.14	23.03	-11.26
-12.14	23.03	-11.26
-12.32	23.22	-10.98
-12.32	23.22	-10.98
-12.17	23.10	-11.29
-12.17	23.10	-11.29
-12.10	23.10	-11.34
-12.10	23.10	-11.34
-12.10	23.10	-11.21
-12.10	23.10	-11.21
-12.15	23.03	-11.10
-12.15	23.03	-11.10
-12.21	23.14	-10.77
-12.21	23.14	-10.77
-11.98	23.18	-10.82
-11.98	23.18	-10.82
-12.08	23.14	-11.64
-12.08	23.14	-11.64
-12.10	23.15	-11.06
-12.10	23.15	-11.06
-12.22	23.14	-10.78
-12.22	23.14	-10.78
-12.13	23.14	-10.93
-12.13	23.14	-10.93
-12.14	23.14	-11.56
-12.14	23.14	-11.56
-12.10	23.15	-11.34
-12.10	23.15	-11.34
-12.22	23.13	-11.14
-12.22	23.13	-11.14
-12.18	23.08	-10.95
-12.18	23.08	-10.95
-12.18	23.22	-10.91
-12.18	23.22	-10.91
-12.25	23.18	-11.47
-12.25	23.18	-11.47
-12.07	23.17	-10.73
-12.07	23.17	-10.73
-12.23	23.14	-11.04
-12.23	23.14	-11.04
-12.16	23.06	-10.97
-12.16	23.06	-10.97
-12.11	23.15	-11.43
-12.11	23.15	-11.43
-12.11	23.21	-11.03
-12.11	23.21	-11.03
-12.06	23.11	-11.20
-12.06	23.11	-11.20
-12.12	23.08	-10.92
-12.12	23.08	-10.92
-12.22	23.03	-10.89
-12.22	23.03	-10.89
-12.29	23.10	-11.33
-12.29	23.10	-11.33
-12.14	23.11	-11.19
-12.14	23.11	-11.19
-12.14	23.25	-11.00
-12.14	23.25	-11.00
-12.18	23.18	-10.88
-12.18	23.18	-10.88
-12.30	23.08	-10.76
-12.30	23.08	-10.76
-12.22	23.06	-10.85
-12.22	23.06	-10.85
-12.29	23.10	-11.29
-12.29	23.10	-11.29
-12.18	23.10	-11.16
-12.18	23.10	-11.16
-12.10	23.16	-11.54
-12.10	23.16	-11.54
-12.17	23.14	-10.86
-12.17	23.14	-10.86
-12.22	23.05	-11.06
-12.22	23.05	-11.06
-12.17	23.06	-11.70
-12.17	23.06	-11.70
-12.10	23.23	-10.74
-12.10	23.23	-10.74
-12.02	23.22	-10.47
-12.02	23.22	-10.47
-12.22	23.12	-11.50
-12.22	23.12	-11.50
-12.22	23.17	-10.60
-12.22	23.17	-10.60
-12.24	23.12	-11.56
-12.24	23.12	-11.56
-12.17	23.11	-10.75
-12.17	23.11	-10.75
-12.18	23.04	-10.14
-12.18	23.04	-10.14
-12.20	23.07	-11.66
-12.20	23.07	-11.66
-12.25	23.02	-11.39
-12.25	23.02	-11.39
-12.17	23.09	-11.63
-12.17	23.09	-11.63
-12.15	23.22	-10.51
-12.15	23.22	-10.51
-12.15	23.20	-11.23
-12.15	23.20	-11.23
-12.14	23.04	-10.85
-12.14	23.04	-10.85
-12.18	23.01	-11.46
-12.18	23.01	-11.46
-12.22	23.04	-11.52
-12.22	23.04	-11.52
-12.25	23.19	-10.76
-12.25	23.19	-10.76
-12.09	23.19	-10.94
-12.09	23.19	-10.94
-12.26	23.16	-11.29
-12.26	23.16	-11.29
-12.17	23.10	-11.17
-12.17	23.10	-11.17
-12.17	23.12	-10.94
-12.17	23.12	-10.94
-12.12	23.09	-11.11
-12.12	23.09	-11.11
-12.14	23.07	-11.62
-12.14	23.07	-11.62
-12.10	23.04	-10.35
-12.10	23.04	-10.35
-12.15	23.14	-10.54
-12.15	23.14	-10.54
-12.14	23.07	-10.90
-12.14	23.07	-10.90
-12.03	23.26	-10.86
-12.03	23.26	-10.86
-12.12	23.20	-11.19
-12.12	23.20	-11.19
-12.11	23.18	-11.94
-12.11	23.18	-11.94
-12.22	23.14	-10.18
-12.22	23.14	-10.18
-12.21	23.09	-11.47
-12.21	23.09	-11.47
-12.14	23.24	-10.81
-12.14	23.24	-10.81
-12.09	23.12	-11.47
-12.09	23.12	-11.47
-12.22	23.10	-11.02
-12.22	23.10	-11.02
-12.20	23.06	-11.27
-12.20	23.06	-11.27
-12.11	23.07	-10.99
-12.11	23.07	-10.99
-12.17	23.17	-10.98
-12.17	23.17	-10.98
-12.07	23.16	-11.33
-12.07	23.16	-11.33
-12.13	23.07	-10.56
-12.13	23.07	-10.56
-12.14	23.10	-10.48
-12.14	23.10	-10.48
-12.15	23.12	-10.32
-12.15	23.12	-10.32
-12.10	23.24	-11.26
-12.10	23.24	-11.26
-12.11	23.13	-11.30
-12.11	23.13	-11.30
-12.18	23.11	-11.14
-12.18	23.11	-11.14
-12.10	23.06	-11.11
-12.10	23.06	-11.11
-12.11	23.10	-11.37
-12.11	23.10	-11.37
-12.09	23.14	-11.17
-12.09	23.14	-11.17
-12.18	23.20	-11.05
-12.18	23.20	-11.05
-12.11	23.05	-10.70
-12.11	23.05	-10.70
-12.14	23.14	-10.98
-12.14	23.14	-10.98
-12.18	23.01	-11.10
-12.18	23.01	-11.10
-12.18	23.10	-10.90
-12.18	23.10	-10.90
-12.15	23.22	-10.37
-12.15	23.22	-10.37
-12.16	23.12	-11.33
-12.16	23.12	-11.33
-12.08	23.15	-11.38
-12.08	23.15	-11.38
-12.13	23.17	-10.85
-12.13	23.17	-10.85
-12.22	23.22	-10.92
-12.22	23.22	-10.92
-12.06	23.31	-10.62
-12.06	23.31	-10.62
-12.13	23.20	-10.68
-12.13	23.20	-10.68
-12.15	22.95	-10.86
-12.15	22.95	-10.86
-12.20	23.10	-11.10
-12.20	23.10	-11.10
-12.18	23.14	-10.54
-12.18	23.14	-10.54
-12.18	23.10	-11.10
-12.18	23.10	-11.10
-12.14	23.09	-10.77
-12.14	23.09	-10.77
-12.19	23.01	-11.32
-12.19	23.01	-11.32
-12.13	23.08	-10.93
-12.13	23.08	-10.93
-12.14	23.18	-10.83
-12.14	23.18	-10.83
-12.04	23.04	-11.39
-12.04	23.04	-11.39
-12.11	23.14	-10.63
-12.11	23.14	-10.63
-12.11	23.01	-11.52
-12.11	23.01	-11.52
-12.18	23.15	-10.64
-12.18	23.15	-10.64
-12.14	23.22	-11.42
-12.14	23.22	-11.42
-12.04	23.22	-10.87
-12.04	23.22	-10.87
-12.14	23.27	-11.29
-12.14	23.27	-11.29
-12.11	23.03	-10.98
-12.11	23.03	-10.98
-12.13	22.96	-11.40
-12.13	22.96	-11.40
-12.14	23.06	-10.81
-12.14	23.06	-10.81
-12.02	23.11	-11.06
-12.02	23.11	-11.06
-12.19	23.22	-11.13
-12.19	23.22	-11.13
-12.14	23.00	-11.26
-12.14	23.00	-11.26
-12.12	23.09	-10.71
-12.12	23.09	-10.71
-12.20	23.18	-10.88
-12.20	23.18	-10.88
-12.13	23.13	-10.77
-12.13	23.13	-10.77
-12.10	23.10	-11.15
-12.10	23.10	-11.15
-12.11	23.12	-11.26
-12.11	23.12	-11.26
-12.15	23.10	-10.71
-12.15	23.10	-10.71
-12.09	23.15	-12.03
-12.09	23.15	-12.03
-12.07	23.19	-11.93
-12.07	23.19	-11.93
-12.12	23.28	-11.79
-12.12	23.28	-11.79
-12.15	23.19	-11.60
-12.15	23.19	-11.60
-12.16	23.12	-11.62
-12.16	23.12	-11.62
-12.09	23.21	-11.10
-12.09	23.21	-11.10
-12.18	23.26	-10.88
-12.18	23.26	-10.88
-12.09	23.22	-10.97
-12.09	23.22	-10.97
-12.12	23.13	-11.69
-12.12	23.13	-11.69
-12.10	23.14	-12.09
-12.10	23.14	-12.09
-12.07	23.20	-11.78
-12.07	23.20	-11.78
-11.98	23.24	-11.43
-11.98	23.24	-11.43
-11.94	23.26	-11.26
-11.94	23.26	-11.26
-12.01	23.14	-12.26
-12.01	23.14	-12.26
-11.86	23.20	-10.90
-11.86	23.20	-10.90
-11.93	23.22	-11.31
-11.93	23.22	-11.31
-11.74	23.37	-11.68
-11.74	23.37	-11.68
-11.69	23.27	-11.65
-11.69	23.27	-11.65
-11.80	23.10	-11.47
-11.80	23.10	-11.47
-11.70	23.19	-12.68
-11.70	23.19	-12.68
-11.82	23.33	-10.70
-11.82	23.33	-10.70
-11.61	23.25	-11.87
-11.61	23.25	-11.87
-11.65	23.30	-11.63
-11.65	23.30	-11.63
-11.71	23.22	-11.69
-11.71	23.22	-11.69
-11.74	23.20	-11.47
-11.74	23.20	-11.47
-11.78	23.29	-11.76
-11.78	23.29	-11.76
-11.65	23.34	-12.06
-11.65	23.34	-12.06
-11.56	23.31	-11.98
-11.56	23.31	-11.98
-11.54	23.25	-11.84
-11.54	23.25	-11.84
-11.58	23.27	-12.11
-11.58	23.27	-12.11
-11.49	23.42	-12.15
-11.49	23.42	-12.15
-11.40	23.37	-11.29
-11.40	23.37	-11.29
-11.61	23.37	-13.02
-11.61	23.37	-13.02
-11.57	23.16	-11.73
-11.57	23.16	-11.73
-11.60	23.35	-11.98
-11.60	23.35	-11.98
-11.54	23.36	-11.77
-11.54	23.36	-11.77
-11.54	23.31	-12.14
-11.54	23.31	-12.14
-11.59	23.38	-11.42
-11.59	23.38	-11.42
-11.59	23.31	-11.86
-11.59	23.31	-11.86
-11.57	23.32	-12.06
-11.57	23.32	-12.06
-11.54	23.36	-11.98
-11.54	23.36	-11.98
-11.50	23.29	-11.79
-11.50	23.29	-11.79
-11.51	23.31	-12.42
-11.51	23.31	-12.42
-11.63	23.26	-12.12
-11.63	23.26	-12.12
-11.51	23.35	-11.65
-11.51	23.35	-11.65
-11.58	23.42	-11.47
-11.58	23.42	-11.47
-11.51	23.35	-11.94
-11.51	23.35	-11.94
-11.57	23.36	-12.22
-11.57	23.36	-12.22
-11.59	23.31	-11.01
-11.59	23.31	-11.01
-11.57	23.30	-11.71
-11.57	23.30	-11.71
-11.58	23.39	-11.40
-11.58	23.39	-11.40
-11.50	23.29	-11.45
-11.50	23.29	-11.45
-11.56	23.31	-11.78
-11.56	23.31	-11.78
-11.61	23.30	-12.78
-11.61	23.30	-12.78
-11.56	23.30	-12.10
-11.56	23.30	-12.10
-11.58	23.43	-11.90
-11.58	23.43	-11.90
-11.46	23.35	-12.31
-11.46	23.35	-12.31
-11.54	23.38	-12.19
-11.54	23.38	-12.19
-11.53	23.29	-12.38
-11.53	23.29	-12.38
-11.72	23.34	-12.34
-11.72	23.34	-12.34
-11.49	23.33	-12.79
-11.49	23.33	-12.79
-11.58	23.37	-11.78
-11.58	23.37	-11.78
-11.60	23.34	-12.32
-11.60	23.34	-12.32
-11.58	23.42	-11.86
-11.58	23.42	-11.86
-11.53	23.33	-12.26
-11.53	23.33	-12.26
-11.56	23.20	-11.75
-11.56	23.20	-11.75
-11.41	23.28	-12.82
-11.41	23.28	-12.82
-11.57	23.20	-12.03
-11.57	23.20	-12.03
-11.54	23.23	-12.54
-11.54	23.23	-12.54
-11.44	23.28	-12.14
-11.44	23.28	-12.14
-11.65	23.23	-12.39
-11.65	23.23	-12.39
-11.54	23.47	-12.18
-11.54	23.47	-12.18
-11.53	23.43	-11.84
-11.53	23.43	-11.84
-11.58	23.45	-12.61
-11.58	23.45	-12.61
-11.44	23.30	-12.59
-11.44	23.30	-12.59
-11.66	23.34	-12.47
-11.66	23.34	-12.47
-11.54	23.29	-12.29
-11.54	23.29	-12.29
-11.61	23.32	-12.50
-11.61	23.32	-12.50
-11.46	23.37	-12.26
-11.46	23.37	-12.26
-11.54	23.42	-11.93
-11.54	23.42	-11.93
-11.54	23.37	-12.23
-11.54	23.37	-12.23
-11.59	23.33	-12.97
-11.59	23.33	-12.97
-11.46	23.28	-12.70
-11.46	23.28	-12.70
-11.54	23.38	-12.42
-11.54	23.38	-12.42
-11.54	23.33	-12.44
-11.54	23.33	-12.44
-11.59	23.22	-12.92
-11.59	23.22	-12.92
-11.43	23.30	-12.50
-11.43	23.30	-12.50
-11.50	23.40	-12.18
-11.50	23.40	-12.18
-11.62	23.40	-12.39
-11.62	23.40	-12.39
-11.51	23.26	-12.66
-11.51	23.26	-12.66
-11.47	23.27	-12.44
-11.47	23.27	-12.44
-11.61	23.40	-12.26
-11.61	23.40	-12.36
-11.47	23.32	-12.36
-11.47	23.32	-11.69
-11.64	23.35	-11.69
-11.64	23.35	-12.56
-11.54	23.28	-12.56
-11.54	23.28	-12.48
-11.55	23.40	-12.48
-11.55	23.40	-12.32
-11.56	23.32	-12.32
-11.56	23.32	-12.38
-11.50	23.43	-12.38
-11.50	23.43	-12.62
-11.48	23.25	-12.62
-11.48	23.25	-12.77
-11.46	23.24	-12.77
-11.46	23.24	-12.45
-11.50	23.21	-12.45
-11.50	23.21	-12.49
-11.46	23.37	-12.49
-11.46	23.37	-12.08
-11.39	23.31	-12.08
-11.39	23.17	-12.32
-11.55	23.17	-12.32
-11.55	23.30	-12.47
-11.66	23.30	-12.47
-11.66	23.18	-12.30
-11.50	23.18	-12.30
-11.50	23.29	-11.57
-11.53	23.29	-11.57
-11.53	23.22	-12.37
-11.51	23.22	-12.37
-11.51	23.31	-11.88
-11.55	23.31	-11.88
-11.55	23.42	-12.16
-11.58	23.42	-12.16
-11.58	23.28	-11.74
-11.64	23.28	-11.74
-11.46	23.24	-12.14
-11.46	23.24	-12.14
-11.52	23.34	-12.07
-11.52	23.34	-12.07
-11.62	23.34	-12.56
-11.62	23.34	-12.56
-11.44	23.17	-12.66
-11.44	23.17	-12.66
-11.50	23.18	-12.21
-11.50	23.18	-12.21
-11.48	23.20	-12.73
-11.48	23.20	-12.73
-11.53	23.27	-12.30
-11.53	23.27	-12.30
-11.50	23.25	-12.58
-11.50	23.25	-12.58
-11.58	23.34	-12.17
-11.58	23.34	-12.17
-11.54	23.22	-12.50
-11.54	23.22	-12.50
-11.54	23.24	-12.67
-11.54	23.24	-12.67
-11.51	23.34	-12.00
-11.51	23.34	-12.00
-11.55	23.22	-12.10
-11.55	23.22	-12.10
-11.51	23.16	-12.24
-11.51	23.16	-12.24
-11.65	23.14	-12.12
-11.65	23.14	-12.12
-11.56	23.18	-12.26
-11.56	23.18	-12.26
-11.63	23.06	-12.08
-11.63	23.06	-12.08
-11.55	23.22	-12.52
-11.55	23.22	-12.52
-11.53	23.21	-11.60
-11.53	23.21	-11.60
-11.54	23.18	-12.13
-11.54	23.18	-12.13
-11.36	23.43	-12.17
-11.36	23.43	-12.17
-11.20	23.54	-12.07
-11.20	23.54	-12.07
-11.12	23.48	-11.65
-11.12	23.48	-11.65
-11.01	23.78	-11.25
-11.01	23.78	-11.25
-10.90	23.58	-11.73
-10.90	23.58	-11.73
-10.90	23.62	-10.90
-10.90	23.62	-10.90
-10.87	23.71	-10.79
-10.87	23.71	-10.79
-10.97	23.38	-9.74
-10.97	23.38	-9.74
-11.27	22.73	-9.10
-11.27	22.73	-9.10
-12.05	22.82	-8.17
-12.05	22.82	-8.17
-11.90	23.42	-8.10
-11.90	23.42	-8.10
-11.38	24.71	-8.20
-11.38	24.71	-8.20
-10.96	25.34	-8.01
-10.96	25.34	-8.01
-10.42	25.51	-8.46
-10.42	25.51	-8.46
-10.38	25.18	-9.00
-10.38	25.18	-9.00
-10.30	25.34	-9.25
-10.30	25.34	-9.25
-10.26	25.26	-9.46
-10.26	25.26	-9.46
-10.22	25.29	-9.10
-10.22	25.29	-9.10
-10.19	25.14	-9.39
-10.19	25.14	-9.39
-10.16	25.04	-9.10
-10.16	25.04	-9.10
-10.25	25.13	-9.32
-10.25	25.13	-9.32
-10.28	25.19	-9.04
-10.28	25.19	-9.04
-10.29	25.10	-9.63
-10.29	25.10	-9.63
-10.25	25.15	-9.36
-10.25	25.15	-9.36
-10.28	25.06	-9.10
-10.28	25.06	-9.10
-10.26	24.94	-9.35
-10.26	24.94	-9.35
-10.18	25.14	-9.12
-10.18	25.14	-9.12
-10.17	25.03	-9.51
-10.17	25.03	-9.51
-10.18	25.14	-9.60
-10.18	25.14	-9.60
-10.21	24.96	-9.72
-10.21	24.96	-9.72
-10.15	24.89	-9.39
-10.15	24.89	-9.39
-10.05	24.82	-9.62
-10.05	24.82	-9.62
-10.22	24.96	-9.60
-10.22	24.96	-9.60
-10.05	24.70	-9.78
-10.05	24.70	-9.78
-10.17	24.48	-9.76
-10.17	24.48	-9.76
-10.18	24.41	-9.86
-10.18	24.41	-9.86
-10.13	24.17	-9.94
-10.13	24.17	-9.94
-10.18	24.13	-10.05
-10.18	24.13	-10.05
-10.26	23.87	-10.03
-10.26	23.87	-10.03
-10.35	23.80	-10.12
-10.35	23.80	-10.12
-10.49	23.73	-10.27
-10.49	23.73	-10.27
-10.51	23.58	-10.06
-10.51	23.58	-10.06
-10.51	23.68	-10.20
-10.51	23.68	-10.20
-10.51	23.62	-10.18
-10.51	23.62	-10.18
-10.54	23.34	-10.29
-10.54	23.34	-10.29
-10.51	23.38	-10.18
-10.51	23.38	-10.18
-10.58	23.50	-10.14
-10.58	23.50	-10.14
-10.54	23.50	-10.25
-10.54	23.50	-10.25
-10.49	23.45	-10.22
-10.49	23.45	-10.22
-10.64	23.44	-10.27
-10.64	23.44	-10.27
-10.51	23.48	-10.06
-10.51	23.48	-10.06
-10.54	23.51	-10.06
-10.54	23.51	-10.06
-10.51	23.60	-10.05
-10.51	23.60	-10.05
-10.60	23.70	-9.93
-10.60	23.70	-9.93
-10.50	23.91	-9.74
-10.50	23.91	-9.74
-10.03	24.30	-9.82
-10.03	24.30	-9.82
-8.66	24.98	-10.39
-8.66	24.98	-10.39
-8.46	25.24	-10.43
-8.46	25.24	-10.43
-8.97	24.94	-9.98
-8.97	24.94	-9.98
-9.29	24.93	-9.64
-9.29	24.93	-9.64
-9.50	24.85	-9.38
-9.50	24.85	-9.38
-10.03	24.74	-9.17
-10.03	24.74	-9.17
-10.13	24.82	-9.06
-10.13	24.82	-9.06
-10.21	24.84	-8.99
-10.21	24.84	-8.99
-10.19	24.91	-8.79
-10.19	24.91	-8.79
-10.19	24.84	-8.70
-10.19	24.84	-8.70
-10.19	24.98	-8.69
-10.19	24.98	-8.69
-10.06	24.87	-8.66
-10.06	24.87	-8.66
-10.24	24.97	-8.60
-10.24	24.97	-8.60
-10.24	24.77	-8.71
-10.24	24.77	-8.71
-10.29	24.79	-8.61
-10.29	24.79	-8.61
-10.38	24.83	-8.46
-10.38	24.83	-8.46
-10.43	24.88	-8.42
-10.43	24.88	-8.42
-10.40	24.82	-8.55
-10.40	24.82	-8.55
-10.42	24.62	-8.61
-10.42	24.62	-8.61
-10.42	24.78	-8.60
-10.42	24.78	-8.60
-10.40	24.78	-8.50
-10.40	24.78	-8.50
-10.36	24.89	-8.54
-10.36	24.89	-8.54
-10.48	24.91	-8.58
-10.48	24.91	-8.58
-10.34	24.81	-8.62
-10.34	24.81	-8.62
-10.31	24.82	-8.54
-10.31	24.82	-8.54
-10.46	24.89	-8.42
-10.46	24.89	-8.42
-10.37	24.82	-8.43
-10.37	24.82	-8.43
-10.41	24.94	-8.54
-10.41	24.94	-8.54
-10.45	24.86	-8.58
-10.45	24.86	-8.58
-10.42	24.94	-8.55
-10.42	24.94	-8.55
-10.43	24.94	-8.61
-10.43	24.94	-8.61
-10.39	24.94	-8.51
-10.39	24.94	-8.51
-10.39	24.89	-8.52
-10.39	24.89	-8.52
-10.45	24.89	-8.49
-10.45	24.89	-8.49
-10.48	24.84	-8.50
-10.48	24.84	-8.50
-10.46	24.88	-8.52
-10.46	24.88	-8.52
-10.38	25.02	-8.56
-10.38	25.02	-8.56
-10.40	24.92	-8.58
-10.40	24.92	-8.58
-10.38	24.94	-8.61
-10.38	24.94	-8.61
-10.40	24.81	-8.51
-10.40	24.81	-8.51
-10.49	24.97	-8.58
-10.49	24.97	-8.58
-10.34	24.95	-8.70
-10.34	24.95	-8.70
-10.39	24.86	-8.62
-10.39	24.86	-8.62
-10.39	25.00	-8.59
-10.39	25.00	-8.59
-10.50	24.86	-8.70
-10.50	24.86	-8.70
-10.48	24.95	-8.64
-10.48	24.95	-8.64
-10.45	24.97	-8.57
-10.45	24.97	-8.57
-10.48	24.98	-8.57
-10.48	24.98	-8.57
-10.38	24.90	-8.67
-10.38	24.90	-8.67
-10.30	24.87	-8.66
-10.30	24.87	-8.66
-10.46	24.84	-8.72
-10.46	24.84	-8.72
-10.40	24.94	-8.44
-10.40	24.94	-8.44
-10.42	24.90	-8.62
-10.42	24.90	-8.62
-10.31	24.98	-8.62
-10.31	24.98	-8.62
-10.48	24.90	-8.70
-10.48	24.90	-8.70
-10.38	25.00	-8.66
-10.38	25.00	-8.66
-10.34	25.02	-8.64
-10.34	25.02	-8.64
-10.37	24.94	-8.60
-10.37	24.94	-8.60
-10.30	24.86	-8.64
-10.30	24.86	-8.64
-10.30	24.87	-8.62
-10.30	24.87	-8.62
-10.44	24.83	-8.60
-10.44	24.83	-8.60
-10.32	25.03	-8.58
-10.32	25.03	-8.58
-10.34	24.98	-8.61
-10.34	24.98	-8.61
-10.33	24.87	-8.60
-10.33	24.87	-8.60
-10.36	24.88	-8.78
-10.36	24.88	-8.78
-10.36	25.06	-8.62
-10.36	25.06	-8.62
-10.42	24.96	-8.71
-10.42	24.96	-8.71
-10.34	24.96	-8.63
-10.34	24.96	-8.63
-10.31	24.88	-8.84
-10.31	24.88	-8.84
-10.27	24.86	-8.72
-10.27	24.86	-8.72
-10.31	24.90	-8.68
-10.31	24.90	-8.68
-10.33	24.88	-8.76
-10.33	24.88	-8.76
-10.31	24.88	-8.71
-10.31	24.88	-8.71
-10.41	24.75	-8.74
-10.41	24.75	-8.74
-10.36	24.85	-8.68
-10.36	24.85	-8.68
-10.38	24.95	-8.55
-10.38	24.95	-8.55
-10.29	24.87	-8.72
-10.29	24.87	-8.72
-10.25	24.99	-8.68
-10.25	24.99	-8.68
-10.39	24.82	-8.74
-10.39	24.82	-8.74
-10.33	24.78	-8.74
-10.33	24.78	-8.74
-10.26	24.74	-8.60
-10.26	24.74	-8.60
-10.34	24.96	-8.68
-10.34	24.96	-8.68
-10.34	24.94	-8.73
-10.34	24.94	-8.73
-10.38	24.73	-8.69
-10.38	24.73	-8.69
-10.40	24.79	-8.70
-10.40	24.79	-8.70
-10.30	24.85	-8.66
-10.30	24.85	-8.66
-10.37	24.94	-8.64
-10.37	24.94	-8.64
-10.37	24.82	-8.63
-10.37	24.82	-8.63
-10.42	24.85	-8.90
-10.42	24.85	-8.90
-10.34	24.80	-8.61
-10.34	24.80	-8.61
-10.30	24.86	-8.66
-10.30	24.86	-8.66
-10.31	24.89	-8.58
-10.31	24.89	-8.58
-10.44	25.01	-8.72
-10.44	25.01	-8.72
-10.32	24.86	-8.19
-10.32	24.86	-8.19
-10.40	24.85	-8.78
-10.40	24.85	-8.78
-10.40	24.81	-8.46
-10.40	24.81	-8.46
-10.43	24.86	-9.22
-10.43	24.86	-9.22
-10.36	24.90	-8.78
-10.36	24.90	-8.78
-10.40	24.86	-8.26
-10.40	24.86	-8.26
-10.40	24.83	-8.41
-10.40	24.83	-8.41
-10.30	24.93	-8.42
-10.30	24.93	-8.42
-10.32	24.97	-8.69
-10.32	24.97	-8.69
-10.45	24.97	-8.53
-10.45	24.97	-8.53
-10.42	24.81	-8.65
-10.42	24.81	-8.65
-10.38	24.72	-8.82
-10.38	24.72	-8.82
-10.32	24.86	-8.28
-10.32	24.86	-8.28
-10.37	24.94	-9.01
-10.37	24.94	-9.01
-10.38	24.96	-8.45
-10.38	24.96	-8.45
-10.46	24.86	-8.09
-10.46	24.86	-8.09
-10.50	24.76	-8.49
-10.50	24.76	-8.49
-10.44	24.82	-8.40
-10.44	24.82	-8.40
-10.40	24.90	-8.30
-10.40	24.90	-8.30
-10.47	24.97	-8.26
-10.47	24.97	-8.26
-10.39	24.95	-8.56
-10.39	24.95	-8.56
-10.34	24.79	-9.00
-10.34	24.79	-9.00
-10.42	24.89	-8.41
-10.42	24.89	-8.41
-10.42	24.94	-8.34
-10.42	24.94	-8.34
-10.31	25.02	-8.81
-10.31	25.02	-8.81
-10.34	24.89	-8.16
-10.34	24.89	-8.16
-10.44	24.84	-8.21
-10.44	24.84	-8.21
-10.47	24.88	-8.82
-10.47	24.88	-8.82
-10.31	24.90	-8.20
-10.31	24.90	-8.20
-10.37	24.93	-8.25
-10.37	24.93	-8.25
-10.41	24.85	-8.66
-10.41	24.85	-8.66
-10.36	24.92	-8.26
-10.36	24.92	-8.26
-10.43	24.84	-9.08
-10.43	24.84	-9.08
-10.44	24.99	-8.66
-10.44	24.99	-8.66
-10.38	24.95	-8.50
-10.38	24.95	-8.50
-10.34	25.00	-8.24
-10.34	25.00	-8.24
-10.42	24.81	-8.48
-10.42	24.81	-8.48
-10.39	24.86	-8.32
-10.39	24.86	-8.32
-10.38	24.96	-8.21
-10.38	24.96	-8.21
-10.42	25.03	-7.94
-10.42	25.03	-7.94
-10.28	24.90	-7.89
-10.28	24.90	-7.89
-10.40	24.87	-8.27
-10.40	24.87	-8.27
-10.43	24.68	-8.78
-10.43	24.68	-8.78
-10.37	24.96	-8.54
-10.37	24.96	-8.54
-10.38	25.03	-8.50
-10.38	25.03	-8.50
-10.48	24.97	-8.59
-10.48	24.97	-8.59
-10.41	24.82	-8.46
-10.41	24.82	-8.46
-10.48	24.86	-8.71
-10.48	24.86	-8.71
-10.37	24.96	-8.55
-10.37	24.96	-8.55
-10.32	25.01	-8.14
-10.32	25.01	-8.14
-10.36	24.93	-9.27
-10.36	24.93	-9.27
-10.37	24.98	-8.44
-10.37	24.98	-8.44
-10.31	24.83	-8.76
-10.31	24.83	-8.76
-10.38	25.02	-8.02
-10.38	25.02	-8.02
-10.35	25.02	-8.44
-10.35	25.02	-8.44
-10.35	25.02	-8.46
-10.35	25.02	-8.46
-10.40	24.87	-8.62
-10.40	24.87	-8.62
-10.42	24.89	-8.99
-10.42	24.89	-8.99
-10.34	24.97	-8.73
-10.34	24.97	-8.73
-10.39	25.01	-9.14
-10.39	25.01	-9.14
-10.33	24.94	-8.69
-10.33	24.94	-8.69
-10.33	24.90	-8.32
-10.33	24.90	-8.32
-10.48	24.86	-8.58
-10.48	24.86	-8.58
-10.38	25.00	-8.62
-10.38	25.00	-8.62
-10.42	25.02	-8.74
-10.42	25.02	-8.74
-10.40	25.00	-7.97
-10.40	25.00	-7.97
-10.46	24.94	-8.41
-10.46	24.94	-8.41
-10.34	24.86	-8.11
-10.34	24.86	-8.11
-10.32	24.82	-8.38
-10.32	24.82	-8.38
-10.41	25.10	-9.09
-10.41	25.10	-9.09
-10.37	24.94	-8.38
-10.37	24.94	-8.38
-10.38	24.95	-8.84
-10.38	24.95	-8.84
-10.33	24.87	-9.26
-10.33	24.87	-9.26
-10.40	24.92	-9.44
-10.40	24.92	-9.44
-10.42	25.01	-8.70
-10.42	25.01	-8.70
-10.45	25.00	-8.95
-10.45	25.00	-8.95
-10.31	24.88	-8.48
-10.31	24.88	-8.48
-10.39	24.96	-8.38
-10.39	24.96	-8.38
-10.34	24.99	-8.02
-10.34	24.99	-8.02
-10.43	25.00	-8.74
-10.43	25.00	-8.74
-10.34	24.98	-8.54
-10.34	24.98	-8.54
-10.35	24.84	-8.52
-10.35	24.84	-8.52
-10.35	24.89	-8.78
-10.35	24.89	-8.78
-10.38	24.91	-8.58
-10.38	24.91	-8.58
-10.36	24.97	-8.78
-10.36	24.97	-8.78
-10.34	24.98	-8.54
-10.34	24.98	-8.54
-10.36	24.90	-9.11
-10.36	24.90	-9.11
-10.42	24.92	-7.93
-10.42	24.92	-7.93
-10.44	24.94	-9.28
-10.44	24.94	-9.28
-10.34	24.98	-8.66
-10.34	24.98	-8.66
-10.44	25.02	-8.26
-10.44	25.02	-8.26
-10.21	24.99	-8.10
-10.21	24.99	-8.10
-10.33	24.88	-8.76
-10.33	24.88	-8.76
-10.46	24.88	-8.78
-10.46	24.88	-8.78
-10.38	25.05	-8.78
-10.38	25.05	-8.78
-10.35	25.00	-8.78
-10.35	25.00	-8.78
-10.29	24.99	-8.90
-10.29	24.99	-8.90
-10.40	24.84	-8.66
-10.40	24.84	-8.66
-10.36	24.97	-8.52
-10.36	24.97	-8.52
-10.40	24.93	-9.06
-10.40	24.93	-9.06
-10.34	24.88	-9.21
-10.34	24.88	-9.21
-10.27	24.90	-8.54
-10.27	24.90	-8.54
-10.42	24.98	-9.50
-10.42	24.98	-9.50
-10.38	24.94	-9.00
-10.38	24.94	-9.00
-10.42	24.99	-8.78
-10.42	24.99	-8.78
-10.35	24.97	-8.80
-10.35	24.97	-8.80
-10.45	25.01	-8.29
-10.45	25.01	-8.29
-10.43	24.94	-9.10
-10.43	24.94	-9.10
-10.32	24.88	-8.86
-10.32	24.88	-8.86
-10.38	24.89	-9.08
-10.38	24.89	-9.08
-10.35	24.94	-9.34
-10.35	24.94	-9.34
-10.34	24.94	-8.34
-10.34	24.94	-8.34
-10.44	24.99	-9.06
-10.44	24.99	-9.06
-10.39	24.93	-8.89
-10.39	24.93	-8.89
-10.38	24.88	-8.08
-10.38	24.88	-8.08
-10.34	25.02	-8.94
-10.34	25.02	-8.94
-10.41	25.03	-8.61
-10.41	25.03	-8.61
-10.38	24.89	-7.86
-10.38	24.89	-7.86
-10.46	24.88	-8.90
-10.46	24.88	-8.90
-10.38	24.87	-8.78
-10.38	24.87	-8.78
-10.39	24.91	-8.54
-10.39	24.91	-8.54
-10.43	24.94	-8.57
-10.43	24.94	-8.57
-10.45	24.89	-8.96
-10.45	24.89	-8.96
-10.40	24.81	-8.46
-10.40	24.81	-8.46
-10.36	24.82	-8.66
-10.36	24.82	-8.66
-10.35	25.06	-8.59
-10.35	25.06	-8.59
-10.32	24.94	-7.91
-10.32	24.94	-7.91
-10.38	24.84	-8.52
-10.38	24.84	-8.52
-10.40	24.77	-8.71
-10.40	24.77	-8.71
-10.23	24.85	-8.34
-10.23	24.85	-8.34
-10.43	24.99	-8.34
-10.43	24.99	-8.34
-10.30	24.94	-8.47
-10.30	24.94	-8.47
-10.38	24.84	-8.92
-10.38	24.84	-8.92
-10.35	24.86	-9.15
-10.35	24.86	-9.15
-10.42	24.84	-8.66
-10.42	24.84	-8.66
-10.34	24.99	-8.92
-10.34	24.99	-8.92
-10.38	25.01	-8.85
-10.38	25.01	-8.85
-10.34	24.90	-8.10
-10.34	24.90	-8.10
-10.39	24.76	-8.71
-10.39	24.76	-8.71
-10.35	24.89	-8.45
-10.35	24.89	-8.45
-10.22	24.89	-9.00
-10.22	24.89	-9.00
-10.49	24.93	-7.32
-10.49	24.93	-7.32
-10.34	24.77	-8.61
-10.34	24.77	-8.61
-10.40	24.92	-8.25
-10.40	24.92	-8.25
-10.30	25.02	-8.93
-10.30	25.02	-8.93
-10.38	24.94	-8.57
-10.38	24.94	-8.57
-10.49	24.97	-8.57
-10.49	24.97	-8.57
-10.42	24.83	-9.07
-10.42	24.83	-9.07
-10.23	24.91	-8.70
-10.23	24.91	-8.70
-10.32	24.88	-8.97
-10.32	24.88	-8.97
-10.35	24.90	-8.37
-10.35	24.90	-8.37
-10.31	25.08	-8.15
-10.31	25.08	-8.15
-10.30	24.80	-7.43
-10.30	24.80	-7.43
-10.34	24.76	-8.40
-10.34	24.76	-8.40
-10.40	24.95	-8.29
-10.40	24.95	-8.29
-10.28	24.92	-8.64
-10.28	24.92	-8.64
-10.41	24.96	-8.54
-10.41	24.96	-8.54
-10.40	24.94	-8.54
-10.40	24.94	-8.54
-10.44	24.76	-8.31
-10.44	24.76	-8.31
-10.25	24.94	-8.09
-10.25	24.94	-8.09
-10.35	24.99	-7.78
-10.35	24.99	-7.78
-10.26	24.90	-9.06
-10.26	24.90	-9.06
-10.34	24.86	-8.29
-10.34	24.86	-8.29
-10.38	24.74	-8.25
-10.38	24.74	-8.25
-10.42	24.78	-8.62
-10.42	24.78	-8.62
-10.30	24.96	-8.03
-10.30	24.96	-8.03
-10.34	24.91	-7.98
-10.34	24.91	-7.98
-10.26	24.90	-8.53
-10.26	24.90	-8.53
-10.34	24.86	-9.54
-10.34	24.86	-9.54
-10.34	24.82	-8.90
-10.34	24.82	-8.90
-10.30	24.95	-8.23
-10.30	24.95	-8.23
-10.32	25.02	-7.78
-10.32	25.02	-7.78
-10.29	24.
Disconnected from /dev/tty.usbserial-DA00G3NY