-34.39	-14.3	-1.6
-34.40	-14.0	0.85
-34.27	-14.0	0.85
-34.32	-14.0	-1.18
-34.33	-14.4	-1.34
-34.33	-14.4	-1.34
-34.36	-14.16	0.81
-34.36	-14.16	0.81
-34.27	-14.11	-1.23
-34.31	-14.9	-1.12
-34.31	-14.9	-1.12
-34.38	-14.1	0.75
-34.38	-14.8	0.97
-34.34	-14.8	0.97
-34.31	-14.17	-1.15
-34.29	-14.5	-1.31
-34.42	-14.10	0.92
-34.34	-14.2	0.97
-34.34	-14.2	0.97
-34.33	-14.15	-1.35
-34.19	-14.11	-1.1
-34.33	-14.7	0.93
-34.31	-14.1	-1.31
-34.33	-14.4	0.78
-34.33	-14.4	0.78
-34.33	-14.17	0.51
-34.31	-14.0	0.94
-34.29	-14.11	-1.9
-34.31	-14.5	-1.7
-34.31	-14.5	-1.7
-34.41	-14.0	0.93
-34.38	-14.4	0.99
-34.46	-14.5	0.99
-34.31	-13.91	0.90
-34.33	-13.99	0.87
-34.33	-13.99	0.87
-34.30	-14.6	0.49
-34.30	-14.6	0.49
-34.31	-13.99	0.79
-34.27	-13.92	0.12
-34.27	-13.92	0.12
-34.40	-14.6	-1.5
-34.40	-14.6	0.45
-34.37	-14.2	0.45
-34.35	-14.0	0.51
-34.35	-14.7	0.82
-34.31	-14.0	0.83
-34.40	-14.5	0.78
-34.40	-14.5	0.78
-34.31	-13.90	-1.14
-34.34	-13.93	-1.31
-34.36	-13.95	-1.5
-34.39	-13.84	0.58
-34.39	-13.84	0.83
-34.35	-13.80	0.83
-34.31	-13.97	-1.7
-34.30	-13.93	0.89
-34.31	-13.98	0.84
-34.31	-13.99	-1.30
-34.31	-13.99	-1.30
-34.41	-14.0	0.59
-34.33	-13.99	0.51
-34.36	-13.91	0.51
-34.23	-13.98	-1.7
-34.23	-13.84	0.97
-34.23	-13.84	0.97
-34.42	-13.96	-1.15
-34.42	-13.96	-1.15
-34.33	-13.97	-1.7
-34.27	-13.91	-1.29
-34.27	-13.91	-1.29
-34.30	-13.88	-1.59
-34.30	-13.71	-2.85
-34.15	-13.71	-2.85
-34.7	-13.67	-1.84
-33.91	-13.30	-3.20
-33.98	-13.3	-4.53
-34.13	-12.85	-5.73
-34.13	-12.85	-5.73
-34.31	-12.61	-5.78
-34.15	-12.84	-5.83
-34.16	-13.7	-4.52
-34.63	-13.0	-3.64
-35.87	-12.90	-2.65
-35.87	-12.90	-2.65
-36.17	-12.98	-1.44
-35.20	-12.99	0.43
-34.68	-13.13	0.11
-34.4	-13.2	0.96
-34.4	-13.2	0.96
-33.24	-13.14	1.63
-32.25	-13.12	3.3
-31.22	-13.12	3.3
-30.1	-12.91	3.15
-28.71	-12.68	3.78
-28.71	-12.68	3.78
-26.31	-11.66	5.55
-26.31	-11.66	5.55
-25.27	-11.43	6.65
-24.5	-10.96	7.22
-24.5	-10.96	7.22
-21.98	-10.3	8.22
-21.98	-9.72	8.65
-21.50	-9.72	8.65
-20.92	-9.30	9.5
-19.99	-9.15	9.27
-19.41	-8.89	8.93
-19.14	-8.80	8.76
-19.14	-8.80	8.76
-19.3	-8.71	8.96
-18.39	-8.51	8.63
-18.52	-8.24	8.80
-18.38	-8.55	7.16
-18.38	-8.44	7.25
-18.14	-8.44	7.25
-18.11	-8.61	7.24
-17.79	-8.40	6.87
-17.46	-8.28	6.69
-17.19	-8.9	7.3
-17.19	-8.9	7.3
-17.6	-7.88	6.78
-16.75	-7.71	7.50
-16.60	-7.59	6.96
-16.24	-7.13	7.48
-16.24	-7.13	8.7
-15.58	-6.67	8.7
-14.86	-5.69	10.11
-14.86	-5.69	10.11
-14.54	-5.6	10.63
-13.94	-4.36	11.12
-13.94	-4.36	11.12
-12.61	-2.76	12.52
-12.61	-2.76	12.52
-12.5	-1.88	13.93
-11.65	0.96	14.56
-11.65	0.96	15.19
-9.94	0.89	15.15
-9.19	1.82	15.22
-9.19	1.82	15.22
-9.9	2.63	16.25
-8.94	3.37	16.50
-8.69	3.78	16.98
-8.84	4.18	17.30
-8.84	4.18	17.30
-9.20	4.67	18.20
-9.29	5.7	18.67
-9.31	5.85	18.98
-9.35	6.84	19.45
-9.35	6.84	20.46
-9.99	7.63	20.46
-10.96	8.31	21.39
-12.47	8.86	22.62
-13.94	9.50	23.76
-14.96	10.35	24.61
-14.96	10.35	24.61
-15.36	11.2	25.8
-15.56	11.56	25.2
-15.87	12.7	25.52
-16.62	12.65	25.34
-16.62	12.65	25.61
-17.32	12.47	25.61
-18.54	13.3	27.14
-18.54	13.3	27.14
-19.45	14.1	27.85
-20.22	14.38	28.7
-20.22	14.38	28.7
-21.67	15.33	28.52
-21.67	15.33	28.52
-22.16	15.96	28.88
-22.48	16.54	28.75
-22.48	16.54	30.6
-23.24	17.92	29.49
-23.60	18.76	30.1
-23.60	18.76	30.1
-23.80	19.48	30.43
-24.19	20.19	30.34
-24.35	20.93	30.71
-24.63	21.76	31.6
-24.63	21.76	31.6
-24.47	22.91	30.98
-24.78	23.87	31.4
-24.31	24.88	30.98
-23.55	24.87	31.38
-23.43	24.75	31.16
-23.43	24.75	31.16
-23.30	25.23	31.59
-23.15	25.81	30.84
-22.52	26.12	31.11
-21.92	26.65	30.88
-21.92	26.65	30.88
-21.94	26.27	30.79
-21.97	26.80	30.62
-21.35	26.80	30.62
-20.89	27.67	31.23
-20.33	28.16	30.81
-20.33	28.16	30.81
-18.86	29.53	29.99
-18.86	29.53	29.99
-18.38	30.33	30.53
-17.57	30.78	30.24
-17.57	30.78	30.10
-16.7	31.43	29.24
-15.30	31.38	29.5
-15.30	31.38	29.5
-14.61	31.39	29.36
-14.33	31.52	28.75
-13.97	31.34	28.63
-13.79	30.86	28.39
-13.79	30.86	28.39
-12.87	30.28	28.21
-11.76	29.51	28.46
-10.88	28.58	27.51
-9.65	29.19	26.97
-8.96	28.91	26.87
-8.96	28.91	26.87
-8.27	28.52	26.49
-8.5	28.2	26.30
-7.78	27.38	26.13
-7.60	26.39	25.92
-7.60	26.39	25.92
-7.25	25.5	26.51
-6.82	24.4	25.0
-6.50	22.51	25.0
-6.25	20.96	24.61
-6.25	20.4	24.17
-5.59	20.4	24.17
-4.56	18.32	22.61
-4.56	18.32	22.61
-4.32	17.31	22.4
-4.19	16.11	21.83
-4.19	16.11	21.83
-3.74	13.8	19.84
-3.74	13.8	19.84
-3.47	11.62	18.41
-3.54	9.83	17.27
-3.54	9.83	16.34
-4.31	6.49	15.41
-4.66	5.48	14.53
-4.66	5.48	14.53
-5.19	4.40	13.90
-5.64	3.59	13.30
-6.4	3.1	12.90
-6.51	2.14	12.56
-6.51	2.14	12.56
-7.21	1.12	11.82
-7.84	0.28	10.64
-8.31	0.14	11.23
-8.82	0.39	11.8
-8.82	0.39	11.30
-9.57	-1.0	11.30
-10.69	-2.1	10.91
-11.68	-3.10	9.84
-12.63	-3.80	9.55
-13.37	-4.17	8.97
-13.37	-4.17	8.97
-13.72	-4.50	9.32
-14.8	-4.71	9.15
-14.72	-5.13	8.69
-15.48	-5.41	9.17
-15.48	-5.41	8.91
-16.16	-5.69	8.91
-17.27	-6.24	7.54
-17.27	-6.24	7.54
-17.49	-6.54	8.8
-17.62	-6.48	8.39
-17.62	-6.48	8.39
-17.35	-6.44	8.70
-17.35	-6.44	8.70
-16.92	-6.11	9.26
-16.68	-5.87	9.72
-16.68	-5.87	9.72
-16.0	-4.92	10.30
-16.0	-4.46	11.27
-15.61	-4.46	11.27
-15.17	-3.53	11.88
-14.55	-2.52	13.2
-13.87	-1.39	14.53
-13.8	0.28	15.23
-13.8	0.28	15.23
-12.55	0.62	16.6
-12.3	1.59	16.61
-11.59	2.34	17.3
-11.35	2.96	17.43
-11.35	3.54	18.29
-11.31	3.54	18.29
-11.15	4.15	18.7
-10.63	4.89	18.54
-10.23	5.43	18.48
-9.97	5.92	19.15
-9.97	5.92	19.15
-9.55	6.54	19.21
-8.93	7.40	19.47
-8.35	8.63	19.80
-7.51	9.61	19.76
-7.51	9.61	19.76
-7.27	10.66	20.56
-7.37	13.49	22.24
-7.23	13.49	22.24
-7.0	15.6	22.41
-6.71	17.3	23.5
-6.71	17.3	23.5
-6.0	20.17	23.30
-6.0	20.17	23.30
-5.69	22.27	24.16
-5.74	24.79	23.92
-5.74	24.79	23.92
-5.48	30.84	24.7
-5.48	30.84	23.27
-5.28	34.43	23.27
-5.8	37.63	22.56
-5.51	41.4	21.72
-6.5	43.88	20.68
-6.64	46.31	19.60
-6.64	46.31	19.60
-7.9	48.77	17.95
-7.69	52.8	15.76
-8.50	54.99	13.24
-9.26	57.1	11.48
-9.26	57.1	11.48
-9.92	58.28	9.81
-10.45	59.7	9.7
-10.85	59.98	7.80
-10.63	60.30	6.81
-10.36	61.10	4.94
-10.36	61.10	4.94
-10.15	61.99	2.25
-10.64	62.59	0.13
-11.4	63.13	-1.32
-11.55	63.53	-2.96
-11.55	63.53	-2.96
-11.66	63.68	-4.36
-11.64	63.66	-7.0
-11.47	63.66	-7.0
-11.43	63.77	-7.75
-11.73	63.95	-8.80
-11.73	63.95	-8.80
-11.90	63.76	-11.3
-11.90	63.76	-11.3
-11.55	63.49	-11.76
-11.59	63.38	-13.56
-11.59	63.38	-13.56
-13.22	63.38	-15.32
-14.37	63.30	-17.61
-14.37	63.30	-17.61
-15.15	63.3	-18.25
-15.90	62.78	-19.60
-16.39	62.39	-20.80
-16.96	61.87	-22.14
-16.96	61.87	-22.14
-17.37	61.3	-23.83
-17.56	59.75	-25.63
-17.77	58.44	-27.61
-17.59	57.16	-29.41
-17.53	56.13	-30.42
-17.53	56.13	-30.42
-17.68	55.19	-30.95
-17.63	54.43	-31.91
-17.47	53.51	-32.36
-17.35	52.79	-32.94
-17.35	52.21	-33.43
-16.78	52.21	-33.43
-14.99	51.31	-33.94
-14.99	51.31	-33.94
-13.97	51.20	-33.16
-13.11	50.71	-33.9
-13.11	50.71	-33.9
-11.41	48.58	-34.23
-11.41	48.58	-34.68
-10.63	46.79	-34.68
-9.68	45.61	-35.16
-8.56	44.72	-34.75
-7.50	44.6	-34.53
-6.68	43.5	-34.41
-6.68	43.5	-34.41
-6.15	41.89	-34.56
-5.77	40.44	-35.5
-5.27	39.15	-35.4
-4.64	38.18	-34.75
-4.64	37.41	-34.55
-3.85	37.41	-34.55
-3.14	36.96	-34.14
-2.51	36.12	-33.86
-2.6	35.25	-33.45
-1.60	34.40	-33.45
-1.60	34.40	-33.45
-1.24	33.96	-33.46
0.79	33.59	-32.31
0.51	33.57	-32.31
0.7	33.46	-32.1
0.7	33.69	-31.31
0.71	33.69	-31.31
2.3	34.71	-29.68
2.3	34.71	-29.68
2.47	35.31	-29.79
3.5	35.82	-28.76
3.5	35.82	-28.76
3.93	36.49	-27.59
3.93	36.49	-27.59
4.40	36.62	-27.39
4.59	36.65	-27.31
4.59	36.65	-26.76
5.7	37.29	-26.60
5.31	37.58	-26.26
5.31	37.58	-26.26
5.43	37.96	-25.15
5.56	38.54	-25.19
5.59	39.98	-24.67
5.41	41.26	-24.75
5.41	41.26	-24.75
4.80	41.79	-25.0
4.25	42.67	-25.35
3.43	43.15	-26.2
2.44	44.7	-26.74
2.44	44.96	-27.47
1.26	44.96	-27.47
0.14	46.19	-27.57
-1.88	47.29	-29.19
-3.93	48.10	-30.39
-6.3	48.80	-31.9
-6.3	48.80	-31.9
-8.22	49.77	-32.37
-10.33	50.97	-32.24
-12.29	52.25	-32.24
-14.29	53.64	-31.66
-15.98	54.85	-31.47
-15.98	54.85	-31.47
-19.7	57.6	-29.88
-19.7	57.6	-29.88
-20.1	58.11	-28.94
-21.2	58.97	-28.3
-21.2	58.97	-28.3
-22.39	60.11	-26.88
-22.39	61.3	-25.36
-23.28	61.3	-25.36
-24.14	62.95	-22.20
-25.15	64.1	-19.87
-25.86	64.38	-18.59
-26.34	64.88	-17.27
-26.34	64.88	-17.27
-26.45	65.21	-16.45
-26.91	65.63	-14.19
-27.35	65.95	-13.53
-27.78	66.6	-12.37
-28.18	66.34	-11.81
-28.18	66.34	-11.81
-28.84	66.26	-11.52
-29.91	66.35	-9.79
-31.31	66.25	-8.35
-32.6	66.27	-6.19
-32.6	66.27	-6.19
-33.13	66.8	-4.23
-34.76	64.59	0.46
-36.58	64.59	0.46
-37.84	63.92	1.99
-38.42	63.39	3.72
-38.42	63.39	3.72
-39.84	61.46	7.87
-39.84	61.46	7.87
-40.75	60.37	9.67
-42.51	57.98	12.40
-42.51	57.98	12.40
-45.13	51.40	19.6
-45.13	46.87	22.64
-45.46	46.87	22.64
-45.74	43.46	24.37
-45.89	41.25	25.24
-45.72	39.5	26.54
-45.69	37.53	27.19
-45.69	37.53	27.19
-45.68	36.31	27.78
-45.57	34.44	28.68
-44.53	30.8	29.77
-44.65	29.79	29.87
-44.65	29.11	29.94
-44.55	29.11	29.94
-44.26	28.36	30.69
-43.75	27.59	30.75
-43.19	26.37	30.63
-42.87	25.47	31.24
-42.87	25.47	31.24
-42.15	23.78	31.55
-41.56	22.44	31.89
-40.79	21.80	31.89
-39.71	20.80	32.9
-38.30	18.65	32.11
-38.30	18.65	32.11
-35.41	14.39	32.12
-35.41	14.39	32.12
-34.17	13.7	31.23
-32.55	11.76	31.43
-32.55	11.76	31.43
-29.76	8.40	29.58
-29.76	7.90	29.35
-28.79	7.90	29.35
-28.15	6.61	28.0
-26.84	5.45	27.96
-25.70	4.51	27.18
-24.72	3.4	25.87
-24.72	3.4	25.87
-23.87	1.28	24.32
-22.79	0.28	23.34
-21.27	0.45	21.89
-20.12	0.78	21.37
-20.12	0.78	20.74
-19.6	-1.23	20.74
-18.70	-1.40	20.3
-18.40	-1.57	19.66
-18.55	-1.40	19.80
-18.53	-1.24	19.72
-18.53	-1.24	19.72
-18.64	0.92	20.1
-18.88	-1.22	19.63
-19.13	-1.61	18.83
-18.56	-2.10	18.33
-18.56	-2.10	17.65
-17.47	-2.40	17.65
-14.64	-3.9	14.62
-14.64	-3.9	14.62
-13.79	-3.55	13.71
-13.9	-3.97	12.66
-13.9	-3.97	12.66
-12.61	-4.67	10.7
-12.61	-4.67	10.7
-12.84	-5.25	8.67
-12.72	-5.48	8.3
-12.72	-5.48	6.83
-12.58	-6.15	6.11
-12.75	-6.52	4.75
-12.75	-6.52	4.75
-12.61	-6.35	4.58
-12.50	-6.48	3.66
-12.45	-6.71	2.64
-12.60	-6.92	1.25
-12.60	-6.92	1.25
-12.51	-6.83	0.31
-12.54	-6.83	0.35
-12.73	-7.0	-1.0
-12.91	-7.13	-1.26
-13.30	-7.15	-2.41
-13.30	-7.15	-2.41
-13.55	-7.42	-3.32
-13.72	-7.42	-3.57
-14.17	-7.54	-4.63
-14.59	-7.61	-6.4
-14.59	-7.61	-6.4
-15.9	-7.78	-6.78
-15.60	-7.78	-9.80
-16.1	-7.47	-9.80
-16.36	-7.59	-10.64
-16.80	-7.59	-11.44
-16.80	-7.59	-11.44
-17.72	-7.48	-12.91
-17.72	-7.48	-12.91
-18.32	-7.31	-14.3
-18.78	-7.31	-14.28
-18.78	-7.31	-14.28
-20.11	-7.4	-16.44
-20.84	-6.75	-17.81
-20.84	-6.75	-17.81
-21.35	-6.29	-18.56
-22.3	-6.48	-18.75
-22.95	-5.98	-19.81
-24.18	-5.50	-21.9
-24.18	-5.50	-21.9
-24.55	-4.74	-22.68
-25.7	-3.99	-23.36
-25.47	-3.25	-24.77
-25.64	-2.70	-25.96
-26.8	-1.74	-27.15
-26.8	-1.74	-27.15
-26.51	0.73	-28.42
-26.84	0.44	-29.66
-27.43	1.84	-31.17
-28.28	3.66	-32.94
-28.28	3.66	-33.88
-28.75	5.35	-33.88
-28.95	7.92	-35.8
-28.95	7.92	-35.8
-28.91	9.66	-36.82
-28.67	11.47	-37.77
-28.67	11.47	-37.77
-27.10	13.3	-38.3
-27.10	13.3	-38.3
-26.27	13.72	-38.61
-25.80	14.97	-39.21
-25.80	14.97	-39.81
-26.9	17.68	-40.31
-26.26	19.0	-40.68
-26.26	19.0	-40.68
-26.10	20.47	-40.95
-25.88	22.22	-41.14
-26.1	23.55	-41.55
-25.96	24.72	-42.7
-25.96	24.72	-41.61
-25.48	25.56	-41.61
-25.9	26.71	-41.77
-24.80	27.82	-41.82
-24.93	28.80	-41.86
-24.91	29.99	-41.68
-24.91	29.99	-41.68
-25.33	31.22	-42.14
-25.63	32.49	-41.50
-25.68	34.1	-41.59
-25.77	35.76	-41.22
-25.77	37.10	-41.31
-25.94	37.10	-41.31
-25.17	39.5	-40.75
-25.17	39.5	-40.75
-24.63	39.95	-40.54
-24.24	41.4	-39.98
-24.24	41.4	-39.98
-24.25	43.27	-39.49
-24.25	44.38	-39.26
-24.20	44.38	-39.26
-24.0	45.44	-38.28
-23.79	46.50	-38.38
-23.60	47.55	-37.48
-23.54	48.63	-37.23
-23.54	48.63	-37.23
-23.39	49.86	-36.51
-23.3	51.7	-36.4
-22.57	51.83	-35.0
-22.48	52.65	-34.15
-22.39	53.44	-33.67
-22.39	53.44	-33.67
-22.23	54.32	-32.86
-22.6	54.93	-32.23
-21.79	55.66	-31.73
-21.73	56.44	-30.61
-21.73	56.44	-30.61
-21.52	57.26	-29.94
-21.17	58.55	-28.86
-21.17	58.55	-28.86
-20.76	59.35	-27.33
-20.28	60.16	-26.7
-20.28	60.16	-26.7
-19.58	62.31	-22.64
-19.58	62.31	-22.64
-19.34	63.6	-20.87
-19.15	63.68	-18.95
-19.15	64.23	-17.0
-19.14	64.89	-15.39
-19.34	65.32	-13.23
-19.34	65.32	-13.23
-19.19	65.58	-12.15
-19.28	65.75	-10.27
-19.15	65.85	-9.43
-19.45	65.86	-8.46
-19.45	65.86	-7.49
-19.62	65.87	-7.49
-19.70	65.98	-6.71
-19.60	65.94	-5.82
-19.51	65.83	-4.53
-19.36	65.82	-3.37
-19.36	65.82	-3.37
-19.31	65.53	-3.3
-19.23	65.37	-1.71
-19.0	65.15	-1.15
-18.87	65.4	0.83
-18.87	65.4	1.81
-18.73	64.58	1.81
-18.30	63.95	3.87
-18.30	63.95	3.87
-18.6	63.55	5.73
-17.91	63.20	6.30
-17.91	63.20	6.30
-17.34	61.94	8.5
-17.34	61.94	8.5
-16.91	61.50	9.25
-16.47	60.96	9.79
-16.47	60.96	9.79
-16.2	60.37	10.95
-16.3	60.17	11.21
-16.3	60.17	11.21
-16.23	59.94	11.88
-16.36	59.49	12.70
-16.16	59.9	13.5
-15.59	58.63	13.12
-15.59	58.63	13.12
-15.6	58.2	14.39
-14.60	57.33	14.85
-14.23	56.50	15.71
-14.0	55.43	16.73
-13.61	54.35	17.70
-13.61	54.35	17.70
-13.37	53.96	18.42
-12.83	53.26	18.43
-12.57	52.63	19.60
-12.22	52.3	19.63
-12.22	52.3	19.63
-12.15	51.15	19.52
-12.1	50.27	21.35
-11.95	49.12	21.35
-11.69	47.87	22.0
-11.42	46.74	22.58
-11.42	46.74	22.58
-11.2	44.62	23.68
-11.2	44.62	23.68
-10.69	43.35	24.63
-9.97	42.26	24.64
-9.97	42.26	24.64
-8.8	40.5	24.94
-8.8	40.5	23.91
-7.51	39.27	23.91
-6.66	38.14	24.57
-6.66	37.32	23.55
-5.0	36.45	23.60
-4.18	35.14	23.28
-4.18	35.14	23.28
-3.11	33.49	23.0
-2.7	31.89	22.47
-1.18	30.4	21.87
0.67	28.50	21.10
0.67	28.50	21.10
0.22	26.71	20.43
1.8	25.72	19.91
1.70	25.17	18.72
2.35	24.92	17.47
3.9	24.27	16.72
3.9	24.27	16.72
3.72	23.68	16.10
4.44	23.33	14.88
5.13	23.20	13.69
5.82	23.19	12.70
5.82	23.19	12.70
6.60	23.27	11.70
7.36	23.43	10.3
7.95	23.4	8.32
8.72	22.87	6.22
8.72	22.87	4.88
9.19	22.91	4.88
10.7	22.54	2.4
10.7	22.54	2.4
10.39	22.48	0.75
10.72	22.55	0.83
10.72	22.55	0.83
10.97	22.55	-3.44
10.97	22.55	-3.44
11.6	22.43	-4.7
11.11	22.60	-4.32
11.11	22.60	-4.32
11.12	22.47	-6.70
11.12	22.19	-7.44
11.3	22.19	-7.44
11.4	21.69	-8.21
10.87	21.54	-8.13
10.91	21.35	-8.62
10.81	21.0	-8.87
10.81	21.0	-8.87
10.63	20.94	-9.27
10.58	20.68	-9.69
10.64	20.68	-9.60
10.71	20.76	-9.64
10.71	20.76	-9.41
10.55	20.70	-9.41
10.57	20.55	-8.71
10.59	20.60	-9.35
10.67	20.55	-9.17
10.61	20.49	-8.9
10.61	20.49	-8.9
10.79	20.66	-7.72
10.77	20.98	-8.15
10.89	21.50	-8.10
11.7	22.39	-8.31
11.7	22.39	-8.31
11.14	23.63	-8.36
11.59	24.65	-6.71
11.67	24.65	-6.71
11.71	24.63	-5.87
11.77	24.97	-4.51
11.77	24.97	-4.51
11.78	25.72	-2.13
11.78	25.72	-2.13
11.75	25.57	-1.68
11.67	24.72	-1.87
11.67	24.72	-1.87
11.45	23.39	-2.1
11.45	22.96	-2.39
11.39	22.96	-2.39
11.39	22.60	-2.59
11.26	22.0	-2.47
11.27	21.57	-2.41
10.96	21.21	-2.18
10.96	21.21	-2.18
10.80	20.66	-2.3
10.77	20.2	-2.3
10.79	19.90	-2.18
10.79	20.16	-2.63
10.79	20.16	-3.39
11.0	20.99	-3.39
11.34	21.84	-3.48
11.54	23.31	-3.34
11.79	24.73	-3.40
12.13	26.47	-3.0
12.13	26.47	-3.0
12.26	28.28	-3.24
12.19	30.3	-2.13
12.22	31.55	-1.39
12.8	32.96	-1.98
12.8	32.96	-1.98
11.92	33.95	-1.3
11.80	36.16	0.47
11.60	36.16	0.47
11.38	37.14	0.32
11.0	38.6	0.12
11.0	38.6	0.12
10.48	39.95	1.17
10.48	39.95	1.17
10.9	41.7	1.53
9.60	41.95	1.63
9.60	41.95	1.63
8.62	43.87	2.32
8.62	43.87	2.32
8.7	44.75	3.5
7.41	46.11	3.20
7.41	46.11	2.51
6.41	47.72	2.82
5.94	48.68	2.55
5.94	48.68	2.55
5.34	49.79	2.85
4.53	50.87	3.6
3.86	51.49	3.17
3.18	52.29	2.91
3.18	52.29	2.91
2.58	52.98	2.79
1.94	53.71	2.63
1.30	54.35	2.97
0.49	55.15	2.88
0.49	55.15	2.44
0.23	55.79	2.44
-1.3	56.56	2.96
-1.79	57.44	2.24
-2.48	58.2	1.22
-3.30	58.76	0.61
-3.30	58.76	0.61
-4.7	59.39	0.71
-5.4	59.88	0.35
-6.6	60.51	0.43
-7.14	60.94	1.44
-7.14	60.94	1.44
-7.68	61.19	1.70
-8.0	61.22	2.28
-8.4	61.7	2.28
-8.65	61.27	2.81
-8.65	61.38	3.60
-9.46	61.38	3.60
-10.11	61.63	3.54
-10.11	61.63	3.54
-10.63	61.72	4.7
-10.96	61.60	4.7
-10.96	61.60	4.7
-11.7	61.84	3.99
-11.7	61.84	3.99
-10.78	61.80	3.76
-10.35	61.64	3.6
-10.35	61.64	2.97
-9.68	61.33	3.79
-9.45	61.29	3.16
-9.45	61.29	3.16
-9.11	61.24	2.70
-8.66	61.20	2.24
-8.21	61.8	1.65
-8.10	61.10	1.39
-8.10	61.10	1.39
-7.80	61.17	0.28
-7.15	61.9	0.66
-6.41	60.91	-1.25
-5.80	60.43	-1.30
-5.80	59.86	-1.37
-5.12	59.86	-1.37
-4.23	59.38	-1.13
-3.63	58.95	-1.27
-3.23	58.60	-1.51
-3.4	58.58	-1.78
-3.4	58.58	-1.78
-2.95	58.51	-2.19
-2.43	58.33	-2.19
-2.37	58.7	-2.3
-1.87	57.64	-1.55
-1.87	57.64	-1.4
-1.35	57.38	-1.4
0.39	56.4	0.83
0.39	56.4	0.83
0.29	55.45	0.61
0.71	55.0	0.60
0.71	55.0	0.60
1.66	54.5	1.79
1.66	54.5	1.79
2.10	53.25	1.16
2.72	52.46	1.91
2.72	52.46	1.91
3.30	51.87	2.3
3.30	51.87	2.11
3.70	51.33	2.11
4.7	50.66	2.53
4.7	49.92	2.38
4.62	49.37	3.15
4.88	48.95	3.48
4.88	48.95	3.48
5.8	48.62	3.55
5.27	47.98	3.32
5.81	47.14	3.52
6.54	45.68	3.71
6.54	45.68	3.71
7.27	43.74	4.41
7.73	42.11	4.63
8.26	40.76	4.87
8.20	40.54	5.1
8.20	40.35	5.6
8.36	40.35	5.6
8.39	39.93	4.88
8.59	39.24	4.90
9.0	38.37	4.29
9.19	37.33	3.79
9.19	37.33	3.79
9.69	36.16	3.63
10.3	35.50	3.20
10.7	34.79	2.35
10.26	33.76	2.0
10.26	33.76	2.0
10.56	32.59	2.63
10.68	30.15	1.84
10.76	30.15	1.84
10.74	28.43	1.67
10.76	26.53	0.92
10.76	26.53	0.92
10.47	22.74	0.63
10.47	22.74	0.63
10.15	20.29	-2.21
9.91	18.85	-2.96
9.91	18.85	-2.96
8.88	15.63	-5.26
8.88	15.63	-5.26
8.16	14.16	-6.65
7.58	12.76	-8.17
7.58	11.31	-9.71
5.39	9.79	-11.32
4.9	8.55	-13.49
4.9	8.55	-13.49
2.67	7.34	-15.14
1.14	6.31	-17.21
0.39	5.6	-18.25
-1.96	4.19	-19.4
-1.96	4.19	-19.4
-3.65	3.34	-20.7
-5.21	2.63	-21.55
-7.9	2.7	-22.89
-9.23	2.13	-24.67
-9.23	2.57	-26.99
-11.43	2.57	-26.99
-13.0	2.59	-27.58
-14.62	2.60	-29.3
-16.39	2.56	-29.71
-18.9	2.68	-30.22
-18.9	2.68	-30.22
-19.62	2.87	-30.83
-21.13	3.7	-32.6
-22.67	3.24	-32.43
-24.35	3.47	-32.43
-24.35	3.87	-32.90
-25.93	3.87	-32.90
-29.9	5.32	-33.85
-29.9	5.32	-33.85
-30.62	5.79	-34.42
-32.12	6.36	-34.63
-32.12	6.36	-34.63
-35.0	7.50	-35.4
-35.0	7.50	-35.4
-35.99	8.6	-34.76
-36.72	8.63	-35.45
-36.72	9.15	-35.12
-37.59	9.34	-35.28
-37.53	9.31	-34.99
-37.53	9.31	-34.99
-36.96	8.67	-34.90
-36.20	7.23	-34.4
-34.97	5.7	-33.10
-33.57	1.96	-30.87
-33.57	1.96	-26.71
-31.27	-1.96	-26.71
-28.32	-5.39	-22.18
-25.74	-7.46	-17.83
-23.54	-8.31	-14.63
-21.67	-8.65	-13.2
-21.67	-8.65	-13.2
-19.79	-8.68	-11.16
-17.65	-8.57	-7.93
-15.42	-7.85	-6.47
-12.81	-6.86	-4.22
-12.81	-5.46	-2.11
-10.7	-5.46	-2.11
-5.57	-2.7	0.61
-5.57	-2.7	0.61
-3.44	0.28	2.66
-1.18	2.22	2.86
-1.18	2.22	2.86
3.9	8.18	4.84
3.9	8.18	4.84
4.46	10.56	4.94
5.50	12.47	5.25
5.50	12.47	5.25
7.40	18.10	6.8
7.40	20.50	7.36
7.77	20.50	7.36
7.70	22.99	8.91
7.55	25.24	9.54
8.3	26.73	9.7
8.31	28.81	9.11
8.31	28.81	9.11
8.12	31.75	8.94
8.16	34.3	8.11
8.2	35.97	7.83
7.41	38.16	7.67
7.41	38.16	7.67
6.98	40.40	7.70
6.58	42.26	6.74
6.35	43.91	6.31
5.84	45.31	6.4
5.56	46.74	4.80
5.56	46.74	4.80
5.20	48.7	3.79
4.51	49.60	2.88
4.5	50.90	1.30
3.54	51.78	1.25
3.54	51.78	1.25
3.17	52.84	0.44
2.59	54.16	0.64
2.15	54.81	-2.31
1.71	55.59	-3.55
1.71	56.19	-5.7
1.11	56.19	-5.7
0.56	56.88	-8.10
0.56	56.88	-8.10
0.79	56.76	-8.55
0.93	56.67	-9.39
0.93	56.67	-9.39
0.87	56.46	-11.60
0.87	56.46	-11.60
0.87	56.34	-12.66
0.59	56.27	-14.0
0.59	56.27	-14.0
0.9	55.6	-17.93
0.9	54.87	-18.70
0.3	54.87	-18.70
0.23	55.3	-19.25
0.34	55.3	-19.48
0.57	55.5	-19.24
0.98	55.26	-19.52
0.98	55.26	-19.52
-1.13	55.32	-20.19
-1.37	55.44	-20.23
-1.27	55.39	-20.7
0.89	55.3	-19.90
0.89	55.3	-19.68
0.67	55.2	-19.68
0.99	54.98	-20.39
-1.40	54.95	-20.62
-1.72	54.96	-21.19
-2.19	54.97	-21.56
-2.19	54.97	-21.56
-2.52	54.59	-22.19
-2.47	54.39	-22.79
-2.50	54.29	-23.2
-2.57	54.28	-22.99
-2.57	54.28	-23.37
-2.83	54.34	-23.37
-3.1	54.46	-23.39
-3.1	54.46	-23.39
-2.79	54.59	-22.63
-2.67	54.65	-22.44
-2.67	54.65	-22.44
-2.59	54.68	-22.91
-2.59	54.68	-22.91
-2.83	54.95	-22.0
-2.83	55.11	-21.75
-2.83	55.11	-22.11
-2.96	55.55	-21.60
-3.21	55.71	-21.68
-3.21	55.71	-21.68
-3.59	55.95	-21.31
-3.72	56.5	-21.31
-3.43	56.33	-20.69
-2.98	56.65	-19.99
-2.98	56.65	-19.99
-2.70	57.6	-19.7
-2.83	57.24	-18.86
-3.3	57.32	-18.58
-3.26	57.46	-18.52
-3.35	57.53	-18.51
-3.35	57.53	-18.51
-3.14	57.82	-17.87
-3.20	58.7	-17.24
-3.15	58.38	-16.47
-3.12	58.39	-15.85
-3.12	58.39	-15.85
-2.79	58.35	-15.87
-1.99	58.7	-14.93
-1.99	58.7	-14.93
-1.51	57.87	-14.92
0.87	57.42	-14.43
0.87	57.42	-14.43
0.59	57.15	-14.67
0.59	57.15	-14.67
0.33	56.95	-14.6
0.10	56.68	-13.58
0.10	56.68	-13.58
0.28	56.23	-14.67
0.28	56.15	-14.49
0.49	56.15	-14.49
0.58	56.15	-14.89
0.83	56.18	-13.75
0.91	56.19	-13.19
1.35	56.7	-12.52
1.35	56.7	-12.52
1.84	55.63	-11.68
2.44	55.21	-11.30
2.91	54.57	-11.72
3.59	53.72	-11.81
3.59	52.69	-10.11
4.51	52.69	-10.11
5.45	51.51	-11.15
6.66	49.77	-10.74
7.31	48.40	-11.14
7.47	47.34	-12.65
7.47	47.34	-12.65
7.91	45.78	-14.12
8.65	43.82	-15.47
9.18	42.9	-15.9
9.94	39.87	-15.31
9.94	39.87	-14.75
10.52	37.68	-14.75
10.96	36.71	-13.67
10.96	36.71	-13.67
11.12	36.66	-13.67
11.13	36.95	-12.79
11.13	36.95	-12.79
11.15	36.79	-13.21
11.15	36.79	-13.21
11.32	36.29	-12.48
11.37	36.14	-11.89
11.37	35.75	-12.18
11.43	35.36	-12.19
11.44	35.28	-12.47
11.44	35.28	-12.47
11.42	34.93	-12.5
11.61	34.49	-12.47
11.59	33.83	-11.95
11.69	33.7	-11.27
11.69	33.7	-11.27
11.76	31.99	-10.20
12.3	30.85	-7.83
12.12	29.90	-6.34
11.92	28.91	-4.37
11.89	27.91	-3.24
11.89	27.91	-3.24
11.63	27.30	-1.48
11.34	26.63	0.3
11.0	25.66	1.35
10.59	24.70	1.89
10.59	24.70	1.89
10.31	23.79	2.29
10.3	22.63	3.19
9.83	22.1	3.19
9.47	21.35	3.52
9.47	20.58	5.5
8.90	20.58	5.5
7.89	19.86	7.28
7.89	19.86	7.28
7.12	19.47	8.88
6.65	19.30	9.64
6.65	19.30	9.64
5.56	19.21	11.27
5.56	19.21	11.27
4.80	19.15	13.13
4.9	19.3	13.81
4.9	19.3	15.14
2.9	19.21	16.28
0.87	19.44	17.88
0.87	19.44	17.88
0.63	20.79	19.60
-1.84	20.94	21.34
-2.96	20.45	21.99
-4.3	20.8	22.55
-4.3	20.8	22.55
-5.19	19.67	23.64
-6.53	19.38	23.95
-8.23	19.59	25.11
-9.93	20.40	26.14
-9.93	20.40	26.89
-11.60	21.58	26.89
-13.15	22.72	28.41
-14.11	23.48	28.19
-14.56	24.18	28.22
-14.53	25.6	28.59
-14.53	25.6	28.59
-14.63	25.92	28.47
-14.63	26.74	28.48
-14.91	27.64	28.84
-15.15	28.39	29.15
-15.15	28.84	28.86
-15.20	28.84	28.86
-15.79	28.97	29.9
-15.79	28.97	29.9
-16.22	29.4	29.19
-16.76	28.82	29.44
-16.76	28.82	29.44
-17.95	28.61	29.55
-17.95	28.61	29.71
-18.51	28.57	29.71
-19.17	29.27	29.79
-19.17	29.76	30.10
-20.41	28.85	30.24
-22.3	27.98	30.51
-22.3	27.98	30.51
-23.44	27.55	30.77
-24.23	27.43	31.33
-24.55	27.55	30.87
-25.9	27.81	30.86
-25.9	27.81	30.81
-25.79	27.72	30.81
-26.32	27.42	31.26
-26.98	27.14	31.10
-27.48	26.99	30.84
-27.88	26.93	30.71
-27.88	26.93	30.71
-28.25	26.99	31.35
-28.82	27.36	30.83
-29.58	27.11	31.7
-30.1	27.19	31.9
-30.1	27.19	30.38
-30.5	27.31	30.38
-29.49	28.15	30.83
-29.49	28.15	30.83
-28.91	28.96	31.10
-28.30	29.88	31.1
-28.30	29.88	31.1
-27.19	30.88	31.3
-27.19	30.88	31.3
-26.60	30.84	31.5
-25.85	31.15	30.70
-25.85	31.15	30.71
-24.18	32.14	30.67
-23.78	32.46	30.90
-23.78	32.46	30.90
-23.55	32.63	30.46
-23.42	33.59	30.62
-23.6	34.19	30.7
-22.99	34.62	30.3
-22.99	34.62	30.3
-22.95	35.11	30.29
-23.25	35.57	29.67
-23.46	36.30	29.80
-23.34	36.88	29.92
-23.6	37.47	29.63
-23.6	37.47	29.63
-22.77	38.4	29.56
-22.24	38.91	28.88
-21.95	40.3	28.27
-21.50	40.80	27.86
-21.50	40.80	27.86
-21.7	41.63	27.81
-20.55	42.22	27.19
-20.43	42.22	27.19
-19.99	42.68	27.35
-19.62	43.14	27.57
-19.62	43.14	27.57
-18.62	43.89	27.50
-18.62	43.89	27.50
-17.98	44.30	26.66
-17.31	44.69	26.30
-17.31	44.69	25.64
-15.79	44.96	25.44
-14.97	45.6	25.49
-14.97	45.6	25.49
-14.72	44.93	25.24
-14.83	44.91	25.68
-15.3	44.50	25.74
-15.63	43.87	26.19
-15.63	43.87	26.19
-16.24	43.46	26.77
-17.12	43.45	26.87
-18.13	43.91	26.79
-19.44	43.95	26.79
-20.75	43.47	27.42
-20.75	43.47	27.42
-22.23	42.38	27.87
-23.70	41.40	28.55
-25.12	40.54	28.80
-26.10	40.27	28.63
-26.10	40.27	28.63
-26.99	40.3	29.30
-27.85	38.15	29.22
-28.74	38.15	29.22
-29.67	37.3	29.22
-30.8	35.93	29.15
-30.8	35.93	29.15
-29.55	33.61	29.88
-29.55	33.61	29.88
-28.87	32.89	29.51
-29.3	32.57	29.96
-29.3	32.57	29.96
-29.19	32.26	30.23
-29.19	31.67	30.37
-28.87	31.67	30.37
-28.69	31.0	30.31
-28.38	30.33	30.40
-27.90	30.52	30.37
-27.87	31.11	30.46
-27.87	31.11	30.46
-27.28	31.43	29.96
-26.83	31.58	30.36
-26.55	31.40	30.29
-26.31	31.12	30.61
-25.95	30.19	30.60
-25.95	30.19	30.60
-26.0	29.30	30.92
-25.87	28.50	30.75
-25.47	27.51	30.59
-25.3	26.55	30.39
-25.3	26.55	30.39
-24.95	25.85	31.42
-25.49	22.14	30.46
-25.32	22.14	30.46
-24.98	20.11	30.53
-24.59	18.71	29.81
-24.59	18.71	29.81
-23.50	16.10	29.45
-23.50	16.10	29.45
-23.23	15.23	29.30
-23.3	14.41	28.82
-23.3	14.41	28.82
-22.26	12.67	28.51
-22.26	11.23	27.73
-21.89	11.23	27.73
-21.68	10.79	27.26
-20.84	10.3	26.84
-19.52	7.56	25.56
-18.5	5.93	23.79
-18.5	5.93	23.79
-16.66	5.19	23.72
-15.47	4.78	22.62
-14.36	4.15	21.51
-13.27	3.53	20.60
-13.27	3.2	19.84
-12.35	3.2	19.84
-11.3	2.19	18.70
-10.11	1.55	16.49
-9.46	0.96	15.22
-8.58	0.73	14.8
-8.58	0.73	14.8
-7.27	0.50	12.63
-5.69	0.47	10.3
-3.89	0.43	7.55
-2.58	1.35	6.74
-2.58	1.35	6.74
-1.26	2.56	7.23
0.7	4.99	6.81
1.7	4.99	6.81
1.90	5.91	6.35
2.75	6.58	5.63
2.75	6.58	5.63
4.13	8.41	5.20
4.13	8.41	5.20
4.88	9.34	4.99
5.62	10.67	4.8
5.62	10.67	4.8
7.43	13.43	2.51
7.43	13.43	2.51
8.20	15.1	2.66
8.85	16.79	1.12
8.85	16.79	1.3
10.15	20.30	0.56
10.61	22.12	0.33
10.61	22.12	0.33
11.5	24.8	-1.3
11.32	25.94	-1.43
11.54	27.79	-1.64
11.48	29.66	-2.59
11.48	29.66	-2.59
11.51	31.48	-2.22
11.49	33.71	-3.18
11.36	35.46	-4.43
11.7	36.91	-5.26
11.7	38.47	-6.18
10.75	38.47	-6.18
10.32	39.79	-6.84
9.91	41.20	-7.83
9.54	42.4	-8.55
9.2	43.12	-9.64
9.2	43.12	-9.64
8.38	44.32	-10.70
7.74	45.60	-11.30
7.8	46.86	-11.63
6.16	48.40	-11.71
6.16	48.40	-12.47
5.9	50.7	-12.47
2.43	53.8	-12.89
2.43	53.8	-12.89
1.39	54.33	-13.51
0.46	55.0	-13.93
0.46	55.0	-13.93
-2.69	57.44	-15.3
-2.69	57.44	-15.3
-5.10	58.87	-15.80
-7.27	60.34	-14.87
-7.27	60.34	-14.87
-9.77	61.43	-13.96
-11.40	62.54	-12.63
-11.40	62.54	-12.63
-12.89	63.21	-12.37
-14.58	63.63	-11.84
-15.71	64.0	-11.39
-17.33	64.45	-10.52
-17.33	64.45	-10.52
-18.65	64.73	-9.62
-20.5	65.1	-8.2
-21.20	65.10	-7.37
-22.12	65.29	-6.67
-22.35	65.9	-6.98
-22.35	65.9	-6.98
-23.23	65.18	-7.23
-24.46	65.29	-6.87
-25.29	65.18	-6.35
-25.99	65.17	-6.79
-25.99	65.17	-6.79
-26.41	65.16	-7.48
-27.81	64.76	-9.54
-27.81	64.76	-9.54
-27.93	64.68	-10.81
-28.27	64.40	-12.23
-28.27	64.40	-12.23
-29.42	63.78	-14.12
-29.42	63.78	-14.12
-30.11	63.50	-15.43
-30.65	62.97	-16.71
-30.65	62.24	-17.83
-31.63	61.66	-18.84
-32.47	61.3	-20.11
-32.47	61.3	-20.11
-33.24	60.20	-21.49
-33.81	59.24	-22.60
-34.42	58.19	-24.37
-35.6	56.85	-25.59
-35.6	56.85	-27.23
-35.45	55.52	-27.23
-35.96	53.85	-29.8
-36.56	51.78	-30.49
-37.9	48.86	-32.43
-37.29	46.28	-33.83
-37.29	46.28	-33.83
-37.62	44.26	-34.96
-38.21	42.68	-35.66
-38.63	40.86	-35.66
-39.17	38.89	-36.17
-39.75	36.79	-36.30
-39.75	36.79	-36.30
-39.92	33.88	-37.13
-39.92	33.88	-37.13
-39.80	33.9	-37.76
-39.66	31.95	-37.15
-39.66	31.95	-37.15
-39.80	29.8	-37.25
-39.80	27.73	-37.99
-39.72	27.73	-37.99
-39.79	26.12	-37.20
-40.5	24.24	-37.27
-40.1	22.22	-36.91
-39.93	20.29	-36.89
-39.93	20.29	-36.89
-40.5	18.50	-36.17
-40.23	16.30	-35.39
-40.35	14.39	-34.71
-40.47	12.63	-33.98
-40.79	10.29	-32.50
-40.79	10.29	-32.50
-41.24	8.56	-31.7
-41.49	7.3	-29.93
-41.65	5.91	-28.56
-41.62	4.93	-28.60
-41.62	4.93	-27.43
-41.40	3.80	-27.43
-41.10	1.59	-25.11
-41.10	1.59	-25.11
-40.96	0.42	-24.15
-41.8	0.75	-22.1
-41.8	0.75	-22.1
-40.78	-2.19	-20.76
-40.78	-2.19	-20.76
-40.84	-2.72	-19.23
-41.11	-3.48	-18.0
-41.11	-3.48	-15.76
-41.46	-5.2	-14.31
-41.41	-5.52	-12.73
-41.41	-5.52	-12.73
-41.44	-5.78	-10.67
-41.56	-6.17	-9.55
-41.33	-6.60	-7.81
-41.10	-6.77	-7.11
-41.10	-6.77	-7.11
-40.83	-6.94	-4.21
-40.57	-7.3	-2.36
-40.16	-7.8	-1.7
-39.82	-6.93	0.52
-39.50	-6.77	2.22
-39.50	-6.77	2.22
-38.81	-6.72	3.58
-38.32	-6.43	4.59
-37.78	-6.3	7.8
-37.39	-5.54	7.99
-37.39	-5.54	7.99
-36.67	-5.3	10.1
-35.95	-3.44	13.39
-35.62	-3.44	13.39
-35.20	-2.91	13.84
-35.23	-2.47	14.92
-35.23	-2.47	14.92
-34.85	-1.72	16.23
-34.85	-1.72	16.23
-34.74	-1.25	16.22
-34.36	0.63	17.54
-34.36	0.63	17.54
-33.89	1.9	19.55
-33.89	1.93	19.88
-33.43	1.93	19.88
-32.75	2.81	20.83
-31.52	3.94	22.20
-30.23	4.97	23.16
-29.27	6.32	24.15
-29.27	6.32	24.15
-28.41	7.63	25.14
-27.86	8.64	25.7
-27.39	9.42	25.72
-26.97	10.13	26.7
-26.97	10.97	26.29
-26.25	10.97	26.29
-25.53	12.7	26.95
-24.92	13.56	27.44
-24.47	15.1	27.68
-23.85	16.42	28.8
-23.85	16.42	28.8
-22.86	17.69	28.40
-21.91	19.13	28.79
-21.15	20.30	28.68
-20.81	21.32	28.83
-20.81	22.46	29.35
-20.61	22.46	29.35
-19.27	25.23	28.96
-19.27	25.23	28.96
-18.55	26.49	28.91
-17.83	27.87	28.55
-17.83	27.87	28.55
-15.43	31.60	27.91
-15.43	31.60	27.31
-14.66	33.12	27.31
-14.12	34.52	26.83
-13.84	35.67	26.83
-13.67	36.73	26.46
-13.59	37.95	26.46
-13.59	37.95	26.46
-13.33	39.35	25.54
-13.20	41.17	24.99
-13.24	43.57	23.69
-13.12	45.98	22.31
-13.12	47.90	21.11
-12.94	47.90	21.11
-12.63	49.22	19.82
-12.70	50.87	18.78
-12.94	52.21	17.69
-12.79	53.14	16.66
-12.79	53.14	16.66
-12.43	53.63	16.15
-12.0	53.99	15.43
-11.75	54.17	15.43
-11.55	54.47	14.88
-11.62	54.50	14.41
-11.62	54.50	14.41
-11.72	54.35	14.91
-11.72	54.35	14.91
-11.89	53.48	16.43
-11.79	52.55	16.61
-11.79	52.55	16.61
-11.54	50.56	18.27
-11.54	50.56	19.96
-11.43	49.30	19.96
-11.41	48.16	20.0
-11.24	46.84	20.84
-11.2	45.15	21.74
-10.75	43.49	22.29
-10.75	43.49	22.29
-10.49	41.36	23.95
-10.35	39.41	23.90
-10.61	36.93	24.82
-11.6	33.80	25.67
-11.6	29.70	26.56
-11.96	29.70	26.56
-13.93	24.31	27.18
-17.64	15.55	26.53
-20.20	8.95	25.0
-21.5	4.34	21.45
-21.5	4.34	21.45
-21.89	1.86	19.44
-22.41	0.75	18.47
-22.73	0.17	18.7
-22.96	0.23	17.75
-22.96	0.23	17.66
-22.87	0.44	17.66
-21.67	0.88	16.79
-21.67	0.88	16.79
-20.97	-1.18	15.84
-20.44	-1.50	15.31
-20.44	-1.50	15.31
-19.33	-2.40	14.60
-19.33	-2.40	14.60
-18.73	-2.79	12.52
-17.63	-2.74	12.15
-17.63	-3.7	10.84
-15.67	-3.62	9.7
-14.96	-4.36	6.51
-14.96	-4.36	6.51
-14.30	-4.99	3.74
-13.89	-5.15	1.72
-13.73	-5.48	0.62
-13.55	-5.55	-2.74
-13.55	-5.55	-2.74
-13.35	-5.40	-4.63
-13.26	-5.28	-7.95
-13.7	-4.81	-10.16
-13.4	-4.6	-13.35
-13.0	-3.19	-15.77
-13.0	-3.19	-15.77
-13.20	-2.68	-17.11
-13.43	-2.23	-18.3
-13.24	-1.40	-19.94
-12.24	0.19	-20.52
-12.24	0.19	-20.52
-11.37	1.20	-21.89
-10.50	3.7	-23.86
-10.50	3.7	-23.86
-10.65	3.67	-24.20
-10.90	4.40	-25.31
-10.90	4.40	-25.31
-10.61	6.23	-26.63
-10.61	6.23	-26.63
-10.75	7.31	-28.46
-11.20	8.95	-29.87
-11.20	8.95	-32.24
-11.95	14.63	-34.9
-12.46	17.21	-35.7
-12.46	17.21	-35.7
-13.11	19.78	-36.19
-14.1	22.91	-37.37
-15.0	25.56	-38.3
-15.78	28.45	-38.32
-15.78	28.45	-38.32
-15.97	30.72	-38.47
-15.35	33.48	-38.47
-14.44	36.75	-37.43
-13.91	40.30	-36.3
-13.78	43.67	-35.39
-13.78	43.67	-35.39
-13.86	46.46	-34.36
-14.9	49.26	-32.25
-13.93	52.39	-30.17
-13.68	54.91	-27.66
-13.68	56.63	-25.4
-13.39	56.63	-25.4
-12.57	59.36	-20.15
-12.57	59.36	-20.15
-11.80	60.19	-16.92
-11.33	60.73	-14.51
-11.33	60.73	-14.51
-9.49	60.98	-10.17
-9.49	60.98	-8.14
-8.67	60.84	-8.14
-7.96	60.31	-5.83
-7.6	59.77	-3.77
-5.79	58.79	-2.0
-4.92	58.4	0.28
-4.92	58.4	0.28
-4.25	56.91	2.69
-3.34	55.35	4.67
-2.40	53.58	6.68
-1.80	52.54	6.93
-1.80	52.54	6.93
-1.22	51.82	7.62
0.70	50.72	8.96
0.31	49.43	9.80
0.19	48.43	10.25
0.11	47.6	11.61
0.11	47.6	11.61
0.25	45.68	12.62
0.46	44.46	13.60
0.51	42.99	14.55
0.24	41.60	15.61
0.24	41.60	15.61
0.14	40.43	15.89
0.42	39.35	17.7
0.51	37.99	18.18
0.54	36.53	18.42
0.54	36.53	19.14
0.87	35.31	19.14
-1.64	33.11	20.37
-1.64	33.11	20.37
-2.1	32.11	20.93
-2.34	31.31	20.91
-2.34	31.31	20.91
-2.79	30.51	21.7
-2.79	30.51	21.7
-2.35	29.78	21.84
-1.67	29.10	21.29
-1.67	29.10	21.29
0.62	28.56	20.35
0.62	28.1	19.62
0.23	28.1	19.62
0.28	27.5	19.14
0.70	25.53	18.87
1.9	24.7	18.33
1.35	22.55	17.36
1.35	22.55	17.36
1.38	20.90	17.23
1.60	18.97	16.85
1.51	17.32	15.95
1.27	15.87	15.39
1.27	15.87	15.39
0.91	14.13	15.42
0.52	12.47	14.50
0.14	11.24	14.5
0.39	9.87	13.68
0.93	8.72	13.92
0.93	8.72	13.92
-1.27	7.55	13.8
-1.63	6.63	12.27
-1.45	5.72	11.29
-1.23	4.88	9.28
-1.23	4.88	9.28
-1.68	2.69	6.17
-2.45	0.74	2.32
-2.15	0.11	0.28
-2.36	0.7	0.79
-2.36	-1.4	0.57
-3.44	-1.4	0.57
-6.7	-3.9	0.3
-6.7	-3.9	0.3
-7.13	-3.84	0.83
-8.30	-4.70	-1.31
-8.30	-4.70	-1.31
-10.59	-6.7	-2.6
-10.59	-6.7	-2.6
-11.77	-6.63	-2.74
-13.11	-7.51	-3.29
-13.11	-7.51	-3.29
-15.42	-8.49	-3.68
-16.6	-8.78	-3.47
-16.6	-8.78	-3.47
-16.83	-9.5	-3.9
-17.31	-9.12	-3.33
-17.63	-9.24	-3.16
-17.21	-9.25	-3.8
-17.21	-9.25	-3.8
-16.72	-8.91	-2.75
-15.38	-8.48	-3.33
-13.73	-7.84	-3.9
-12.13	-6.89	-3.64
-10.23	-5.98	-5.15
-10.23	-5.98	-5.15
-8.32	-4.72	-7.1
-6.87	-3.96	-6.57
-5.66	-2.83	-6.59
-3.70	-1.47	-6.23
-3.70	-1.47	-6.23
-1.78	0.28	-6.26
0.8	1.96	-7.38
1.37	3.79	-7.38
2.42	5.14	-6.76
2.42	6.75	-6.34
3.65	6.75	-6.34
6.47	11.45	-4.65
6.47	11.45	-4.65
7.53	13.84	-3.41
8.37	15.96	-2.43
8.37	15.96	-2.43
9.19	19.61	-1.15
9.19	19.61	-1.15
9.43	21.19	0.51
9.28	22.52	2.54
9.28	22.52	2.54
8.46	24.47	6.43
8.46	25.51	7.96
7.89	25.51	7.96
7.57	26.72	8.37
7.26	27.84	9.39
6.86	29.1	10.26
6.14	30.17	11.38
6.14	30.17	11.38
5.8	30.97	12.46
4.3	31.28	13.98
3.0	31.30	15.74
2.22	31.4	17.5
2.22	31.4	17.5
1.75	31.20	17.9
1.36	31.78	17.44
1.3	32.12	18.5
0.19	32.53	18.67
0.66	32.68	19.45
0.66	32.68	19.45
-1.36	33.1	20.27
-2.14	33.43	20.63
-2.96	33.90	21.26
-4.9	33.86	22.19
-4.9	33.86	22.19
-5.4	33.99	23.32
-6.26	34.27	24.20
-7.48	34.4	24.20
-9.0	33.63	24.98
-9.0	32.51	25.79
-10.95	32.51	25.79
-14.44	30.40	27.59
-14.44	30.40	27.59
-16.13	29.42	28.38
-17.49	28.91	29.35
-17.49	28.91	29.35
-20.13	27.27	29.63
-20.13	27.27	29.64
-21.49	26.0	29.64
-22.98	24.29	30.29
-22.98	23.6	29.37
-24.78	22.12	30.3
-25.60	21.74	29.60
-25.60	21.74	29.60
-26.16	21.23	29.67
-26.96	20.57	30.3
-27.64	20.5	29.71
-28.31	19.65	29.67
-28.31	19.65	29.46
-29.0	19.38	29.46
-29.79	18.90	29.11
-31.1	18.17	29.15
-32.8	17.85	28.66
-33.23	17.47	29.15
-33.23	17.47	29.15
-34.26	17.15	28.84
-35.43	16.84	28.15
-36.63	16.45	27.64
-37.68	16.36	27.70
-37.68	16.36	27.12
-38.48	16.27	27.12
-39.28	16.16	26.88
-39.28	16.16	26.88
-39.44	15.92	26.71
-39.42	15.69	26.64
-39.42	15.69	26.64
-39.52	14.30	26.4
-39.52	14.30	26.4
-39.23	13.82	26.63
-38.84	13.25	25.87
-38.84	12.96	26.14
-37.92	12.79	26.11
-37.55	12.73	26.26
-37.55	12.73	26.26
-37.19	12.63	26.41
-36.84	12.63	26.47
-36.94	12.31	26.29
-37.0	12.42	26.19
-37.0	12.42	26.34
-37.0	12.27	26.34
-36.94	12.16	26.43
-36.43	12.36	26.35
-35.68	12.42	26.62
-35.26	12.27	26.72
-35.26	12.27	26.72
-34.73	12.2	27.8
-34.15	11.88	26.92
-33.51	11.76	27.22
-32.88	11.52	26.75
-32.88	11.52	27.12
-32.27	11.36	27.12
-31.56	11.8	27.28
-31.56	11.8	27.28
-31.60	11.23	27.3
-31.79	11.23	27.46
-31.79	11.23	27.46
-31.99	11.60	28.42
-31.99	11.60	28.42
-32.21	11.73	26.76
-32.25	11.82	27.51
-32.25	11.69	28.7
-32.18	11.62	28.7
-31.99	11.54	28.37
-31.99	11.54	28.37
-31.73	11.35	27.94
-31.47	11.5	27.38
-31.8	10.75	27.80
-30.90	10.55	28.10
-30.90	10.55	28.10
-30.51	10.70	27.79
-30.30	10.61	28.7
-30.33	10.51	28.13
-30.35	10.59	28.33
-30.59	10.61	28.12
-30.59	10.61	28.12
-30.58	10.66	28.7
-30.34	10.81	28.52
-30.10	10.88	29.23
-29.66	11.21	28.20
-29.66	11.21	28.50
-29.32	11.23	28.50
-27.90	11.63	28.89
-27.90	11.63	28.89
-27.4	11.84	29.0
-26.12	12.19	28.89
-26.12	12.19	28.89
-24.67	12.67	28.77
-24.67	12.67	28.77
-24.18	12.90	29.39
-23.60	13.14	29.5
-23.60	13.14	29.43
-22.44	13.55	28.95
-21.79	13.81	29.35
-21.79	13.81	29.35
-21.32	13.79	28.97
-20.74	13.95	29.8
-20.14	13.58	28.88
-19.77	13.67	29.18
-19.77	13.67	29.18
-19.44	13.71	28.88
-19.30	13.79	29.22
-19.53	13.89	28.85
-19.94	14.28	29.22
-20.50	14.35	29.52
-20.50	14.35	29.52
-21.11	14.39	29.96
-21.27	14.59	29.35
-21.24	14.66	29.64
-20.90	14.75	29.49
-20.90	14.75	29.0
-20.46	15.7	29.0
-19.91	15.69	29.83
-19.91	15.69	29.83
-19.85	16.30	29.54
-19.65	16.43	29.72
-19.65	16.43	29.72
-19.3	17.33	29.99
-19.3	17.33	29.99
-19.6	17.98	30.39
-18.92	18.64	30.37
-18.92	18.64	30.22
-18.63	19.83	30.55
-18.34	20.55	30.88
-18.34	20.55	30.88
-17.87	21.20	30.47
-17.21	21.69	30.68
-16.52	22.41	30.38
-15.98	22.93	29.83
-15.98	22.93	29.83
-15.16	23.25	30.31
-15.11	23.89	30.3
-14.91	24.10	30.15
-14.96	24.38	29.55
-14.88	24.51	30.8
-14.88	24.51	30.8
-14.91	24.48	29.86
-14.87	24.59	30.19
-15.10	24.90	30.71
-15.68	24.72	30.19
-15.68	24.72	30.19
-16.20	24.82	30.54
-17.58	25.16	31.10
-17.58	25.16	31.10
-18.5	25.14	31.8
-18.45	25.28	31.86
-18.45	25.28	31.86
-18.92	25.47	31.27
-18.92	25.47	31.27
-18.96	25.73	31.46
-18.63	25.84	31.75
-18.63	25.84	31.36
-17.47	26.34	31.23
-16.53	26.47	31.23
-16.53	26.47	31.23
-16.0	26.51	30.96
-15.67	26.72	30.71
-15.19	27.6	31.15
-14.68	27.47	30.79
-14.68	27.47	30.79
-14.53	27.59	30.50
-14.47	27.72	30.64
-14.59	27.75	30.96
-14.51	27.85	30.87
-14.37	27.69	30.83
-14.37	27.69	30.83
-13.95	27.66	30.84
-13.71	27.62	30.74
-13.68	27.61	30.79
-13.65	27.62	30.78
-13.65	27.62	30.78
-13.72	27.47	30.50
-14.63	27.19	30.92
-14.63	27.19	30.92
-15.10	27.7	30.93
-15.19	27.18	30.57
-15.19	27.18	30.57
-15.17	26.83	31.23
-15.17	26.83	31.23
-15.69	26.51	31.55
-15.89	26.17	31.7
-15.89	26.17	31.4
-15.4	26.5	31.1
-15.8	26.10	30.86
-15.8	26.10	30.86
-15.82	26.11	30.87
-16.47	26.57	31.15
-16.37	27.51	31.31
-16.24	27.68	31.88
-16.24	27.68	31.88
-16.43	27.68	31.0
-16.87	27.71	31.32
-17.45	27.84	31.40
-17.56	28.17	31.27
-17.43	28.28	31.38
-17.43	28.28	31.38
-17.40	28.88	31.25
-17.46	29.19	31.23
-17.59	29.23	31.21
-17.60	29.26	31.36
-17.60	29.26	31.36
-17.31	29.21	31.57
-16.71	29.31	31.41
-16.48	29.31	31.41
-16.3	29.24	30.61
-15.53	29.29	30.69
-15.53	29.29	30.69
-14.12	28.97	30.12
-14.12	28.97	30.12
-13.59	28.79	30.44
-13.71	28.43	30.1
-13.71	28.43	30.1
-14.0	27.91	30.51
-14.0	27.82	30.44
-14.51	27.82	30.44
-15.8	27.75	30.62
-15.98	27.35	30.75
-16.95	26.73	31.6
-17.92	25.96	30.85
-17.92	25.96	30.85
-18.93	25.60	30.57
-19.93	25.30	31.60
-21.2	25.27	31.91
-22.6	25.23	32.14
-23.0	25.15	31.85
-23.0	25.15	31.85
-23.67	24.89	31.83
-24.12	24.71	32.8
-24.68	24.81	31.91
-25.38	24.74	32.7
-25.38	24.74	32.7
-26.4	24.75	32.7
-26.73	24.63	31.74
-27.17	24.29	31.74
-27.75	24.8	32.40
-28.0	24.58	32.29
-28.0	24.58	32.29
-28.57	25.61	31.79
-28.57	25.61	31.79
-29.18	25.59	31.83
-29.92	25.72	31.55
-29.92	25.72	31.55
-31.39	26.22	31.60
-31.39	26.22	30.91
-31.91	26.60	30.91
-32.58	26.92	30.94
-33.1	26.95	31.39
-33.47	26.96	30.97
-33.42	27.24	31.29
-33.42	27.24	31.29
-33.40	27.12	31.78
-33.20	26.83	31.19
-32.88	26.81	31.3
-32.66	26.92	30.97
-32.66	26.83	31.27
-32.34	26.83	31.27
-31.69	26.86	30.90
-30.84	26.79	31.7
-30.6	26.77	31.17
-29.29	26.96	31.68
-29.29	26.96	31.68
-28.68	27.31	31.98
-28.45	27.75	31.21
-28.52	28.0	31.21
-28.46	28.43	31.2
-28.46	28.95	30.95
-28.20	28.95	30.95
-28.0	29.99	30.91
-28.0	29.99	30.91
-27.86	30.9	31.11
-27.55	30.21	30.84
-27.55	30.21	30.84
-26.74	30.50	30.78
-26.74	30.50	30.57
-26.31	30.59	30.57
-25.83	30.52	30.40
-25.25	30.78	30.40
-24.71	30.86	30.36
-24.31	31.7	29.94
-24.31	31.7	29.94
-23.80	31.41	30.11
-23.38	31.64	30.36
-22.99	31.78	29.99
-22.73	32.6	30.23
-22.73	32.6	30.5
-22.51	32.55	30.5
-22.49	32.87	29.69
-22.58	33.17	29.70
-22.36	33.44	29.67
-22.20	33.59	29.53
-22.20	33.59	29.53
-21.83	33.79	29.85
-21.59	33.85	29.66
-21.0	33.57	29.25
-20.31	33.31	29.47
-20.31	33.26	29.30
-19.85	33.26	29.30
-19.26	33.31	28.85
-19.26	33.31	28.85
-19.20	33.69	28.71
-19.14	33.58	28.90
-19.14	33.58	28.90
-18.92	33.76	29.9
-18.92	33.76	29.9
-18.74	33.85	28.86
-18.87	34.15	28.63
-18.87	34.16	29.28
-18.94	33.93	28.82
-19.7	33.62	29.3
-19.7	33.62	29.3
-19.29	33.48	28.95
-19.65	33.41	28.91
-19.70	33.50	28.94
-19.83	33.35	29.19
-19.83	33.35	28.72
-19.58	33.18	28.72
-19.35	33.23	28.92
-18.84	33.11	28.84
-18.32	32.75	28.42
-17.59	32.4	29.0
-17.59	32.4	29.0
-17.17	31.36	28.62
-16.55	30.65	28.71
-16.5	30.3	28.67
-15.57	29.21	28.43
-15.57	29.21	28.55
-15.18	28.20	28.55
-14.64	25.99	28.36
-14.64	25.99	28.36
-14.19	25.8	28.17
-13.84	24.39	28.3
-13.84	24.39	28.3
-13.55	23.80	28.16
-13.55	23.80	28.16
-13.77	24.2	27.71
-14.18	24.3	28.0
-14.18	24.3	28.36
-15.12	23.84	28.55
-15.48	23.83	28.71
-15.48	23.83	28.71
-15.97	23.76	28.59
-16.27	23.53	28.71
-16.27	23.35	28.65
-16.44	23.48	28.50
-16.44	23.48	28.50
-16.47	23.35	28.69
-16.76	23.32	28.92
-16.65	23.15	28.68
-16.64	23.11	28.53
-16.70	22.88	28.98
-16.70	22.88	28.98
-17.3	23.12	28.52
-17.6	23.49	29.0
-16.92	23.85	29.13
-16.95	24.17	28.99
-16.95	24.17	28.99
-16.98	24.33	28.77
-17.39	24.52	28.91
-17.61	24.52	28.91
-17.93	24.58	29.31
-18.36	24.79	29.36
-18.36	24.79	29.36
-19.45	24.91	30.25
-19.45	24.91	30.25
-19.83	25.31	29.96
-19.91	25.96	29.72
-19.91	25.96	29.61
-19.90	26.63	29.57
-19.83	26.91	29.79
-19.83	26.91	29.79
-19.75	26.96	29.96
-19.68	26.83	30.26
-19.54	26.33	29.99
-19.73	25.55	29.79
-19.73	25.55	29.79
-19.99	24.63	29.95
-20.3	24.7	29.96
-20.16	23.39	29.99
-19.94	22.87	29.95
-20.3	22.22	29.82
-20.3	22.22	29.82
-20.8	22.5	29.93
-19.98	22.52	29.98
-20.8	23.31	30.7
-19.85	24.35	29.48
-19.85	24.35	29.48
-19.82	25.52	30.5
-19.78	28.24	30.68
-19.74	28.24	30.68
-19.94	29.83	29.95
-20.34	30.93	30.49
-20.34	30.93	30.49
-20.81	33.95	29.63
-20.81	33.95	29.63
-20.32	36.15	29.57
-20.4	38.19	28.59
-20.4	38.19	28.59
-19.68	41.39	27.98
-19.68	42.79	27.6
-19.69	42.79	27.6
-20.4	44.28	26.78
-20.20	46.3	26.21
-20.15	47.75	24.87
-20.31	49.47	23.95
-20.31	49.47	23.95
-20.15	51.8	22.76
-20.8	52.65	21.48
-19.36	53.84	20.23
-18.98	54.95	18.83
-19.40	56.7	17.69
-19.40	56.7	17.69
-19.38	57.44	17.1
-19.47	58.61	15.3
-19.54	60.5	12.99
-19.63	60.84	11.65
-19.63	60.84	11.65
-19.55	61.80	9.69
-19.44	62.76	6.85
-19.49	63.40	6.85
-19.35	63.91	5.29
-19.35	64.40	3.75
-19.29	64.40	3.75
-18.96	65.12	1.17
-18.96	65.12	1.17
-18.70	65.55	0.77
-18.46	65.65	-2.74
-18.46	65.65	-2.74
-18.8	65.88	-5.77
-18.8	65.88	-7.25
-18.9	65.85	-7.25
-17.76	65.59	-8.83
-17.76	65.38	-10.81
-16.54	64.96	-13.23
-16.23	64.36	-15.7
-16.23	64.36	-15.7
-16.20	63.83	-16.49
-16.32	63.54	-17.76
-16.41	63.18	-18.56
-16.85	63.13	-18.78
-16.85	62.83	-19.75
-17.23	62.83	-19.75
-17.39	62.67	-19.97
-17.23	62.24	-20.92
-16.72	61.41	-22.18
-16.35	60.62	-23.62
-16.35	60.62	-23.62
-16.61	60.24	-24.39
-16.83	58.91	-26.32
-17.18	58.91	-26.32
-17.39	58.1	-27.62
-17.65	57.1	-28.59
-17.65	57.1	-28.59
-17.84	55.83	-30.29
-17.84	55.83	-30.29
-17.69	54.48	-31.38
-17.23	52.73	-32.56
-17.23	52.73	-33.27
-17.37	50.54	-34.21
-17.64	49.66	-34.78
-17.64	49.66	-34.78
-18.12	49.3	-35.5
-18.43	48.0	-35.58
-18.83	47.6	-36.39
-19.3	46.34	-37.23
-19.3	46.34	-37.23
-19.14	45.51	-36.86
-19.20	45.4	-37.19
-19.17	44.61	-37.72
-19.0	43.69	-38.5
-18.95	42.83	-37.96
-18.95	42.83	-37.96
-18.67	41.89	-39.30
-18.75	40.74	-39.15
-18.65	39.99	-39.17
-18.66	39.11	-39.35
-18.66	39.11	-39.87
-18.51	38.58	-39.87
-18.20	36.88	-39.59
-18.20	36.88	-39.59
-18.11	35.97	-39.59
-18.6	35.7	-40.12
-18.6	35.7	-40.12
-18.5	32.87	-40.21
-18.5	32.87	-40.16
-17.97	31.57	-40.16
-17.92	30.8	-40.45
-18.14	28.61	-39.78
-18.21	27.39	-40.44
-18.42	26.51	-40.9
-18.42	26.51	-40.9
-18.70	25.78	-40.46
-18.91	24.86	-40.37
-18.95	24.20	-40.27
-19.19	23.98	-40.31
-19.19	23.98	-40.16
-19.35	23.98	-40.16
-19.53	24.63	-40.63
-19.63	25.45	-40.68
-19.36	26.68	-40.70
-19.8	28.22	-40.29
-19.8	28.22	-40.29
-18.90	29.92	-40.69
-18.80	34.42	-40.77
-18.89	34.42	-40.77
-18.78	36.55	-40.50
-18.59	38.97	-39.63
-18.59	38.97	-39.63
-18.43	42.99	-38.26
-18.43	42.99	-38.26
-18.58	45.20	-37.32
-18.70	47.26	-35.92
-18.70	47.26	-35.19
-18.89	51.20	-34.27
-18.98	53.16	-32.98
-18.98	53.16	-32.98
-18.84	54.63	-30.76
-18.82	56.21	-29.67
-18.45	57.44	-28.43
-18.2	58.52	-26.73
-18.2	58.52	-25.27
-17.52	59.72	-25.27
-17.33	60.69	-23.19
-16.94	61.71	-21.75
-17.5	62.19	-20.31
-17.8	62.76	-19.18
-17.8	62.76	-19.18
-17.27	63.26	-17.77
-17.52	63.64	-16.92
-17.87	64.28	-14.75
-18.23	64.74	-13.40
-18.23	65.16	-11.80
-18.60	65.16	-11.80
-19.34	65.57	-9.35
-19.34	65.57	-9.35
-19.79	65.76	-7.10
-19.99	65.63	-5.5
-19.99	65.63	-5.5
-20.29	65.43	-2.65
-20.29	65.43	0.71
-20.52	65.26	0.71
-20.75	65.4	0.50
-21.5	64.53	2.48
-21.23	63.85	4.35
-21.17	63.19	6.43
-21.17	63.19	6.43
-20.93	62.37	8.51
-20.15	61.24	10.31
-19.45	59.95	12.21
-19.4	58.28	14.31
-19.4	58.28	16.87
-18.95	56.36	16.87
-19.2	54.65	18.90
-18.90	53.23	20.4
-18.71	51.98	20.77
-18.23	50.3	22.50
-18.23	50.3	22.50
-17.92	47.93	23.57
-17.72	45.74	25.29
-17.7	43.51	25.71
-16.57	41.62	26.28
-16.57	41.62	27.7
-16.4	39.32	27.7
-15.53	34.62	27.94
-15.53	34.62	27.94
-14.82	32.33	28.59
-14.9	30.29	28.20
-14.9	30.29	28.20
-14.3	25.73	27.80
-14.3	25.73	27.80
-13.92	23.50	28.41
-13.64	21.56	27.41
-13.64	21.56	27.15
-13.23	17.81	26.91
-13.9	15.66	25.70
-13.9	15.66	25.70
-12.96	13.55	25.11
-12.64	11.37	24.26
-12.31	9.29	22.84
-11.51	7.75	20.88
-11.51	7.75	20.88
-10.30	6.43	19.75
-8.92	5.75	17.84
-7.91	4.99	16.47
-7.45	4.1	15.16
-7.68	2.78	14.37
-7.68	2.78	14.37
-7.99	1.59	12.92
-8.36	0.75	12.17
-8.57	0.35	11.14
-8.51	0.3	10.98
-8.51	0.3	10.98
-8.31	0.14	10.83
-8.16	0.64	9.27
-8.2	0.97	8.73
-7.80	-1.37	7.12
-7.80	-1.37	5.64
-7.73	-2.7	5.64
-7.47	-3.22	1.43
-7.47	-3.22	1.43
-7.41	-3.50	-1.15
-7.13	-3.45	-2.80
-7.13	-3.45	-2.80
-7.21	-3.39	-7.18
-7.21	-3.39	-7.18
-7.43	-3.40	-8.88
-7.72	-3.36	-11.37
-7.72	-3.36	-11.37
-8.29	-2.83	-14.11
-8.42	-2.21	-16.4
-8.42	-2.21	-16.4
-8.67	-1.62	-17.89
-9.18	0.89	-19.75
-9.64	0.19	-21.32
-10.15	0.14	-22.74
-10.15	0.14	-22.74
-10.59	0.75	-23.94
-11.0	1.37	-25.11
-11.16	1.91	-25.75
-11.21	2.69	-26.75
-11.24	3.75	-27.60
-11.24	3.75	-27.60
-11.23	4.72	-28.33
-11.27	5.82	-30.3
-11.29	7.19	-31.0
-11.3	8.76	-32.38
-11.3	8.76	-32.38
-10.86	10.79	-33.27
-10.82	12.54	-35.9
-10.83	14.2	-35.9
-10.94	15.46	-36.41
-11.9	16.81	-36.6
-11.9	16.81	-36.6
-11.43	19.90	-37.71
-11.43	19.90	-37.71
-11.36	21.47	-38.78
-11.44	22.73	-38.92
-11.44	22.73	-38.92
-11.62	24.68	-39.9
-12.3	26.3	-40.37
-12.3	26.3	-40.37
-12.36	27.17	-39.69
-12.86	28.31	-39.54
-13.20	28.99	-40.14
-13.51	29.95	-40.34
-13.51	29.95	-40.34
-14.22	31.15	-40.47
-14.66	32.52	-40.56
-15.8	34.14	-40.78
-15.60	35.20	-41.15
-15.96	36.4	-40.74
-15.96	36.4	-40.74
-16.14	36.36	-40.71
-16.23	36.41	-40.78
-16.33	35.84	-40.71
-16.38	34.60	-41.36
-16.38	34.60	-41.13
-15.95	32.91	-41.13
-15.73	28.96	-40.45
-15.73	28.96	-40.45
-15.46	26.92	-40.71
-15.13	24.51	-40.53
-15.13	24.51	-40.53
-14.75	19.53	-39.44
-14.75	19.53	-38.63
-14.71	17.1	-38.63
-14.80	14.25	-37.30
-14.86	11.84	-35.80
-14.92	9.59	-34.64
-14.86	7.61	-33.47
-14.86	7.61	-33.47
-15.0	5.63	-32.21
-15.11	3.87	-30.46
-15.27	2.6	-28.39
-15.23	0.26	-25.98
-15.23	-1.57	-23.87
-15.27	-1.57	-23.87
-15.13	-3.4	-21.58
-15.8	-4.16	-19.62
-15.17	-5.4	-17.69
-15.13	-5.67	-15.27
-15.13	-5.67	-15.27
-15.28	-6.46	-13.3
-15.41	-6.84	-9.78
-15.45	-7.23	-9.78
-15.65	-7.36	-8.2
-15.85	-7.58	-6.43
-15.85	-7.58	-6.43
-16.16	-7.75	-3.60
-16.16	-7.75	-3.60
-16.29	-7.69	-2.15
-16.50	-7.57	0.9
-16.50	-7.57	0.9
-16.67	-6.88	2.65
-16.67	-6.88	5.12
-16.70	-6.51	5.12
-16.72	-5.93	6.91
-16.52	-5.7	8.6
-16.10	-4.35	9.92
-15.49	-3.20	11.39
-15.49	-3.20	11.39
-14.75	-2.4	12.78
-14.19	0.71	14.18
-13.66	0.71	15.81
-12.78	2.47	17.33
-12.78	2.47	17.88
-11.96	4.15	17.88
-11.8	5.87	18.69
-10.23	7.84	20.17
-9.42	10.7	20.95
-8.49	12.18	21.68
-8.49	12.18	21.68
-7.55	14.12	22.11
-6.43	16.18	22.19
-5.61	18.3	21.88
-4.99	19.52	22.28
-4.99	19.52	22.28
-4.45	20.71	21.79
-4.3	22.63	22.0
-3.59	22.63	22.0
-3.24	23.85	22.11
-3.5	24.99	21.97
-3.5	24.99	21.97
-4.3	27.98	22.41
-4.3	27.98	22.41
-3.96	29.56	22.51
-3.71	30.71	22.55
-3.71	30.71	22.55
-4.11	32.91	22.54
-4.11	32.91	22.38
-4.36	33.85	22.38
-4.78	34.44	23.1
-4.78	34.81	22.50
-4.23	35.64	22.22
-3.85	36.10	21.89
-3.85	36.10	21.89
-3.19	36.43	21.63
-2.86	36.64	20.66
-2.23	36.70	20.27
-1.43	36.79	19.71
-1.43	36.79	19.71
0.33	36.90	18.63
0.95	36.87	17.18
2.14	36.69	16.15
3.0	36.48	15.30
3.46	36.36	14.67
3.46	36.36	14.67
4.3	36.4	13.51
4.59	36.21	13.15
5.7	36.10	11.90
5.75	36.11	11.56
5.75	36.11	11.56
6.43	36.45	10.0
7.8	36.63	7.12
7.61	36.55	7.12
8.15	36.52	5.67
8.15	36.11	4.58
8.63	36.11	4.58
9.19	35.52	2.70
9.19	35.52	2.70
9.39	35.34	1.91
9.58	35.19	1.32
9.58	35.19	1.32
9.92	34.79	0.71
9.92	34.79	0.71
10.0	34.73	-1.57
10.2	34.73	-1.95
10.2	34.73	-1.95
10.23	33.84	-4.74
10.23	33.67	-6.23
10.31	33.67	-6.23
10.23	33.49	-7.63
10.31	33.5	-8.67
10.9	33.1	-10.17
9.79	32.99	-11.63
9.79	32.99	-11.63
9.50	32.99	-14.23
9.28	32.99	-14.14
9.3	33.24	-15.15
8.65	33.31	-15.68
8.65	33.31	-16.67
8.39	33.29	-16.67
8.15	33.34	-16.96
7.91	33.31	-17.92
7.49	33.26	-18.89
7.7	32.99	-19.71
7.7	32.99	-19.71
6.75	32.64	-20.28
6.35	32.25	-21.0
5.99	31.79	-22.15
5.45	31.39	-22.79
5.45	31.39	-22.79
5.9	31.11	-23.12
4.37	29.81	-25.12
3.79	29.81	-25.12
3.0	29.36	-26.44
2.40	28.84	-26.84
2.40	28.84	-26.84
1.51	28.54	-27.91
1.51	28.54	-27.91
1.57	28.75	-27.73
1.75	29.0	-27.97
1.75	29.0	-27.97
1.75	29.38	-27.47
1.75	29.38	-28.7
1.48	29.55	-28.7
1.13	29.80	-28.75
0.79	30.3	-28.90
0.43	30.27	-29.33
0.30	30.7	-30.9
0.30	30.7	-30.9
-1.6	30.22	-30.77
-1.75	30.11	-30.89
-2.70	30.20	-31.99
-3.73	30.47	-33.19
-3.73	30.47	-33.58
-4.76	30.45	-33.58
-6.2	30.43	-34.32
-7.26	30.15	-35.2
-8.63	29.49	-35.63
-10.13	28.91	-36.75
-10.13	28.91	-36.75
-11.35	28.58	-37.36
-12.80	28.26	-37.50
-13.88	28.24	-37.84
-14.81	28.31	-38.59
-14.81	28.31	-38.55
-15.75	28.31	-38.55
-17.92	28.61	-39.22
-17.92	28.61	-39.22
-19.9	28.96	-38.86
-20.42	29.49	-39.75
-20.42	29.49	-39.75
-22.54	30.52	-40.11
-22.54	31.3	-39.91
-23.55	31.3	-39.91
-24.79	31.11	-40.35
-26.0	31.11	-39.95
-27.32	30.87	-39.93
-28.72	30.55	-40.27
-28.72	30.55	-40.27
-29.65	30.31	-39.63
-30.55	30.44	-39.26
-31.52	30.79	-39.65
-32.47	31.0	-39.28
-33.30	31.39	-39.20
-33.30	31.39	-39.20
-34.11	31.58	-39.32
-35.10	31.63	-38.72
-36.19	31.52	-38.59
-37.18	31.40	-38.23
-37.18	31.40	-38.23
-38.11	31.52	-37.56
-40.13	31.95	-36.79
-40.13	31.95	-36.79
-40.98	31.33	-37.18
-41.89	30.87	-36.35
-41.89	30.87	-36.35
-43.80	31.15	-35.49
-43.80	31.15	-35.49
-44.72	31.15	-34.66
-45.53	31.39	-33.81
-45.53	31.60	-33.66
-46.72	31.74	-33.29
-47.31	32.4	-32.85
-47.31	32.4	-32.85
-47.66	32.21	-32.31
-48.0	32.51	-31.85
-48.61	32.19	-31.93
-49.30	31.43	-31.14
-49.30	31.19	-30.83
-49.74	31.19	-30.83
-49.96	31.26	-30.83
-50.26	31.43	-30.56
-50.56	31.39	-30.11
-51.3	31.38	-29.76
-51.3	31.38	-29.76
-51.44	31.39	-29.34
-52.7	31.37	-28.37
-52.79	31.12	-28.37
-53.88	30.70	-26.90
-54.80	30.48	-25.49
-54.80	30.48	-25.49
-56.95	29.41	-22.94
-56.95	29.41	-22.94
-57.98	28.64	-21.34
-59.11	28.7	-19.7
-59.11	28.7	-19.7
-60.93	26.12	-14.80
-61.27	25.30	-13.39
-61.27	25.30	-13.39
-61.59	24.94	-11.91
-61.66	24.85	-11.2
-61.80	24.75	-10.90
-61.93	25.1	-9.90
-61.93	25.1	-9.90
-62.4	24.96	-9.34
-62.22	25.13	-8.47
-62.19	25.27	-7.89
-62.45	25.28	-7.40
-62.36	25.47	-6.69
-62.36	25.47	-6.69
-62.40	25.87	-5.51
-62.47	26.29	-5.42
-62.44	26.19	-4.67
-62.35	26.13	-3.27
-62.35	26.13	-3.27
-62.32	25.96	-2.56
-62.1	25.71	0.50
-62.1	25.71	0.50
-62.6	25.34	0.36
-61.82	25.1	1.79
-61.82	25.1	1.79
-61.19	24.76	4.63
-61.19	24.76	4.63
-60.91	24.60	6.34
-60.42	24.45	6.55
-60.42	24.45	6.55
-59.27	24.7	9.60
-59.27	24.7	10.73
-58.71	24.8	10.73
-58.37	24.25	11.64
-57.76	24.33	12.25
-57.20	24.39	13.41
-56.70	24.31	13.94
-56.70	24.31	13.94
-56.2	24.33	15.69
-55.37	24.32	16.41
-54.74	24.43	16.75
-53.93	24.56	18.1
-53.93	24.85	19.14
-52.69	24.85	19.14
-51.76	24.69	19.88
-50.97	24.63	20.55
-50.23	24.60	21.34
-49.80	24.15	21.71
-49.80	24.15	21.71
-49.41	23.81	21.77
-49.9	23.57	22.57
-48.70	23.10	22.57
-48.23	22.85	22.65
-47.72	22.77	23.9
-47.72	22.77	23.9
-46.19	22.45	24.14
-46.19	22.45	24.14
-45.39	22.36	24.43
-44.79	22.24	25.0
-44.79	22.24	25.0
-42.77	22.52	26.10
-42.77	22.52	26.30
-41.48	22.75	26.30
-40.21	22.68	26.95
-39.19	22.81	28.5
-38.15	22.60	27.81
-36.99	22.72	28.7
-36.99	22.72	28.7
-35.87	22.36	28.59
-34.73	22.12	28.36
-33.83	22.13	28.71
-32.82	22.35	29.3
-32.82	22.35	29.27
-31.56	22.68	29.27
-30.35	22.97	29.38
-29.10	23.39	29.29
-28.23	23.74	29.43
-27.43	24.7	29.55
-27.43	24.7	29.55
-26.75	24.37	29.88
-25.94	24.71	29.26
-24.98	24.92	29.45
-24.26	25.24	29.60
-24.26	25.46	29.34
-23.69	25.46	29.34
-22.52	25.43	29.41
-22.52	25.43	29.41
-22.11	25.40	28.95
-22.7	25.25	29.23
-22.7	25.25	29.23
-21.96	25.21	29.36
-21.96	25.21	29.4
-21.67	24.96	29.4
-21.92	24.87	29.34
-21.92	24.85	28.92
-23.3	24.81	29.35
-24.2	25.27	29.96
-24.2	25.27	29.96
-25.39	25.63	29.23
-27.47	26.30	30.18
-29.99	26.87	29.50
-32.63	27.7	29.18
-32.63	27.7	29.6
-34.95	27.3	29.6
-37.7	26.86	28.10
-38.87	27.2	27.84
-40.34	26.99	27.12
-41.82	26.99	26.86
-41.82	26.99	26.86
-43.8	26.88	26.21
-44.19	26.86	25.69
-45.27	26.69	25.2
-46.21	26.55	24.65
-46.21	26.55	23.60
-47.43	26.32	23.60
-50.44	26.0	21.49
-50.44	26.0	21.49
-52.19	25.80	20.11
-53.89	25.55	18.47
-53.89	25.55	18.47
-56.86	25.26	13.87
-56.86	25.26	13.87
-58.29	25.12	13.3
-59.45	24.58	10.61
-59.45	24.58	7.62
-61.30	23.95	5.93
-61.92	23.87	4.20
-61.92	23.87	4.20
-62.32	23.70	1.79
-62.55	23.31	0.48
-62.72	22.93	0.69
-62.85	22.75	-2.86
-62.85	22.75	-2.86
-62.86	22.44	-4.62
-62.87	22.17	-6.71
-62.65	21.93	-8.49
-62.31	21.79	-10.66
-61.92	21.54	-12.0
-61.92	21.54	-12.0
-61.38	21.47	-13.29
-60.88	21.16	-14.59
-60.31	20.68	-16.49
-59.51	20.21	-18.7
-59.51	20.21	-18.7
-58.59	19.76	-19.64
-56.55	19.17	-22.93
-56.55	19.17	-22.93
-55.59	18.95	-23.96
-54.45	18.39	-25.27
-54.45	18.39	-25.27
-52.79	17.64	-27.20
-52.79	17.64	-27.20
-51.51	17.56	-28.20
-50.37	17.39	-29.18
-50.37	16.99	-30.31
-47.84	16.97	-31.7
-46.45	16.83	-31.94
-46.45	16.83	-31.94
-45.24	16.85	-32.51
-43.91	16.69	-33.27
-42.19	17.2	-34.36
-40.15	17.11	-34.88
-40.15	17.28	-35.68
-38.28	17.28	-35.68
-36.30	17.53	-36.96
-33.97	17.75	-37.19
-31.51	17.95	-37.69
-29.58	18.2	-38.2
-29.58	18.2	-38.2
-28.7	17.91	-37.35
-26.85	17.75	-38.0
-25.68	17.9	-38.0
-24.55	16.63	-37.18
-23.23	16.46	-36.96
-23.23	16.46	-36.96
-20.39	16.57	-37.64
-20.39	16.57	-37.64
-18.96	16.36	-36.0
-17.62	16.11	-36.55
-17.62	16.11	-36.55
-14.56	16.1	-35.58
-14.56	16.5	-34.63
-13.23	16.5	-34.63
-11.88	16.31	-34.36
-10.43	16.59	-33.79
-9.13	16.87	-33.7
-7.84	17.24	-32.36
-7.84	17.24	-32.36
-6.69	17.73	-31.96
-5.61	18.7	-31.44
-4.57	18.48	-30.79
-3.66	18.80	-29.91
-2.63	19.45	-29.2
-2.63	19.45	-29.2
-1.60	19.70	-28.46
0.56	20.15	-27.87
1.20	20.96	-25.38
2.62	21.48	-24.31
2.62	21.48	-24.31
3.73	21.88	-23.43
4.70	22.28	-20.68
5.48	22.59	-20.68
6.3	22.71	-19.43
6.3	22.75	-17.85
6.95	22.75	-17.85
8.6	23.3	-15.52
8.6	23.3	-15.52
8.35	23.18	-14.18
8.71	23.38	-13.67
8.71	23.38	-13.67
9.35	24.28	-10.37
9.35	24.28	-10.37
9.63	24.98	-9.25
9.92	25.61	-7.58
9.92	25.61	-6.59
10.11	26.46	-5.30
10.7	26.42	-3.72
10.7	26.42	-3.72
10.7	26.35	-2.95
9.91	26.25	-1.23
9.84	26.0	0.16
9.60	26.0	0.35
9.60	26.0	0.35
9.31	26.0	2.39
8.86	25.91	3.3
8.70	25.27	4.44
8.10	24.75	5.70
8.10	24.12	8.19
7.20	24.12	8.19
6.23	23.55	10.20
5.38	22.71	11.34
4.72	22.56	11.91
4.32	22.44	13.15
4.32	22.44	13.15
3.91	22.12	13.32
3.54	21.84	14.4
2.91	21.39	15.8
2.7	21.18	16.10
2.7	21.18	16.10
1.8	20.81	16.66
0.19	20.28	18.76
0.65	20.28	18.76
-1.53	19.69	18.78
-2.98	19.13	20.45
-2.98	19.13	20.45
-6.56	17.64	23.5
-6.56	17.64	23.5
-8.55	16.90	23.99
-9.2	15.92	23.66
-9.2	15.92	23.66
-9.28	15.3	23.75
-9.28	15.3	24.27
-10.4	14.96	24.27
-12.3	15.47	25.32
-12.3	14.78	25.94
-15.63	13.8	26.35
-16.93	12.30	25.72
-16.93	12.30	25.72
-17.38	12.43	26.10
-17.68	12.68	26.44
-18.17	12.53	26.67
-18.71	12.44	26.54
-18.71	12.44	26.92
-19.11	12.60	26.92
-19.71	12.67	27.47
-20.27	12.57	27.32
-20.81	12.45	27.23
-20.95	12.3	27.28
-20.95	12.3	27.28
-21.23	11.72	27.30
-21.49	11.48	26.89
-21.52	11.63	27.52
-21.81	11.75	26.94
-21.81	11.75	27.9
-21.72	11.75	27.9
-21.27	11.93	27.28
-21.27	11.93	27.28
-20.46	12.8	27.31
-19.59	13.21	27.38
-19.59	13.21	27.38
-18.56	14.80	27.86
-18.56	14.80	27.86
-18.71	15.7	27.92
-18.97	15.9	28.43
-18.97	15.9	27.93
-19.55	15.79	28.33
-19.51	16.44	28.56
-19.51	16.44	28.56
-19.53	16.63	28.61
-19.15	16.70	28.45
-18.55	16.57	28.24
-17.68	16.87	27.75
-17.68	16.87	27.75
-16.90	17.19	27.68
-15.78	18.27	27.90
-15.87	18.81	27.89
-16.30	18.97	28.36
-16.38	18.94	28.20
-16.38	18.94	28.20
-16.48	19.62	28.20
-16.79	19.61	27.97
-17.26	19.83	28.83
-17.42	19.98	28.28
-17.42	19.98	28.42
-17.31	20.8	28.42
-16.71	21.7	28.6
-16.71	21.7	28.6
-16.84	21.48	27.93
-17.27	21.69	28.52
-17.27	21.69	28.52
-18.35	21.92	28.56
-18.35	21.92	28.56
-18.87	21.95	28.88
-19.52	21.95	28.96
-19.52	21.95	28.98
-21.15	20.53	29.9
-21.37	19.95	28.68
-21.37	19.95	28.68
-21.29	19.55	29.10
-21.28	19.28	28.84
-21.47	18.87	28.94
-22.0	18.4	29.0
-22.0	18.4	29.0
-22.51	17.26	29.24
-22.72	17.5	28.70
-22.71	16.92	28.66
-22.41	16.91	28.11
-22.51	16.61	28.75
-22.51	16.61	28.75
-22.76	16.50	28.57
-22.86	16.59	28.43
-22.46	16.71	29.9
-22.50	15.74	28.11
-22.50	15.74	28.11
-22.44	15.76	28.59
-21.87	17.95	29.11
-21.87	17.95	29.11
-21.43	19.14	29.47
-20.68	20.48	29.59
-20.68	20.48	29.59
-19.29	23.15	30.15
-19.29	23.15	30.15
-19.6	24.20	29.42
-18.93	25.36	29.70
-18.93	25.36	29.92
-18.97	28.92	29.99
-18.55	30.39	29.55
-18.55	30.39	29.55
-18.40	30.87	29.71
-18.42	31.52	29.96
-18.51	32.20	29.47
-18.70	33.29	29.47
-18.70	33.29	29.47
-18.89	34.46	29.43
-18.92	35.49	29.27
-18.92	36.71	29.3
-18.95	37.93	28.52
-19.11	39.20	28.43
-19.11	39.20	28.43
-19.28	40.95	28.8
-19.20	43.2	27.37
-19.45	45.2	26.49
-19.71	46.91	24.59
-19.71	46.91	24.59
-20.14	48.91	24.22
-21.9	53.92	20.62
-21.9	53.92	20.62
-21.35	56.7	18.19
-21.48	57.87	16.72
-21.48	57.87	16.72
-21.67	60.72	13.8
-21.67	60.72	13.8
-21.43	61.81	11.0
-21.4	62.43	9.54
-21.4	62.43	9.54
-21.57	63.81	6.91
-21.57	64.23	6.15
-21.79	64.23	6.15
-22.0	64.22	6.52
-22.42	64.32	6.26
-23.1	64.32	6.11
-23.40	64.44	5.63
-23.40	64.44	5.63
-23.68	64.75	5.54
-24.15	64.97	4.35
-24.55	65.45	2.71
-24.65	65.88	0.61
-24.65	66.17	0.30
-24.79	66.17	0.30
-25.0	66.48	0.92
-25.46	66.62	-2.36
-25.95	66.67	-3.28
-26.41	66.83	-4.3
-26.41	66.83	-4.3
-26.85	66.91	-6.45
-27.84	66.83	-6.70
-28.80	66.65	-8.5
-29.68	66.41	-10.1
-29.68	66.19	-10.74
-29.98	66.19	-10.74
-30.20	65.78	-14.19
-30.20	65.78	-14.19
-30.83	65.44	-15.50
-31.41	65.0	-16.86
-31.41	65.0	-16.86
-32.7	63.88	-18.82
-32.7	63.88	-19.17
-32.63	63.30	-19.17
-33.82	62.82	-19.99
-34.58	62.23	-21.55
-34.76	61.68	-21.92
-34.72	61.66	-21.90
-34.72	61.66	-21.90
-34.55	61.47	-22.31
-34.35	61.67	-22.35
-34.6	62.10	-21.32
-33.55	62.80	-20.54
-33.4	63.33	-18.87
-33.4	63.33	-18.87
-32.56	64.4	-17.52
-32.1	64.84	-15.63
-31.68	65.47	-13.22
-31.26	65.93	-11.49
-31.26	65.93	-11.49
-31.3	66.23	-8.80
-30.95	66.36	-5.26
-30.45	66.36	-5.26
-29.76	66.19	-2.58
-28.80	65.91	0.15
-28.80	65.91	0.15
-27.19	64.84	4.69
-27.19	64.84	4.69
-26.68	64.28	6.75
-25.87	63.5	9.57
-25.87	63.5	9.57
-24.93	59.83	14.67
-24.93	58.42	16.28
-24.58	58.42	16.28
-24.5	57.10	17.78
-24.7	56.72	18.36
-24.32	56.81	18.21
-24.43	56.34	18.87
-24.43	56.34	18.87
-24.70	55.63	19.23
-25.11	54.84	20.31
-25.58	53.43	21.61
-25.60	51.14	23.29
-25.27	48.47	25.36
-25.27	48.47	25.36
-24.80	45.69	26.90
-24.65	43.28	27.87
-24.59	41.13	29.40
-24.47	38.88	29.41
-24.47	38.88	29.41
-24.14	35.55	29.98
-24.7	29.19	30.92
-24.16	29.19	30.92
-24.47	27.18	31.83
-24.56	25.43	31.16
-24.56	25.43	31.16
-24.96	20.44	31.26
-24.96	20.44	31.26
-24.94	17.46	30.14
-25.50	14.85	29.19
-25.50	14.85	29.19
-27.0	10.91	28.1
-27.0	9.20	27.32
-28.2	9.20	27.32
-29.19	7.51	26.15
-29.87	6.27	25.19
-30.54	5.49	24.76
-31.25	4.87	24.23
-31.25	4.87	24.23
-31.65	4.35	23.86
-32.62	3.59	22.75
-33.25	2.75	22.52
-33.87	1.90	21.51
-33.87	1.0	20.76
-34.29	1.0	20.76
-34.67	0.16	19.92
-35.30	0.87	18.56
-36.18	-1.46	17.84
-36.74	-2.9	16.83
-36.74	-2.9	16.83
-37.18	-2.73	15.66
-37.75	-3.27	14.55
-38.32	-3.51	14.26
-38.72	-4.7	13.56
-38.72	-4.7	12.5
-39.8	-4.75	12.5
-39.91	-5.35	10.6
-39.91	-5.35	10.6
-40.23	-5.53	9.27
-40.14	-5.79	9.11
-40.14	-5.79	9.11
-40.40	-7.37	4.23
-40.40	-7.37	4.23
-40.68	-7.86	1.17
-40.81	-8.21	-2.11
-40.81	-8.21	-4.57
-41.31	-8.11	-6.3
-41.78	-7.65	-7.33
-41.78	-7.65	-7.33
-42.33	-7.33	-8.35
-42.88	-7.8	-8.92
-43.34	-6.66	-9.99
-43.65	-6.24	-10.41
-43.65	-6.24	-10.41
-43.76	-6.8	-11.75
-43.59	-6.0	-12.24
-43.59	-5.83	-13.3
-43.60	-5.57	-13.62
-43.59	-5.72	-13.84
-43.59	-5.72	-13.84
-43.77	-5.43	-14.35
-43.73	-5.20	-14.73
-44.1	-4.68	-15.52
-44.3	-4.7	-17.7
-44.3	-4.7	-18.55
-43.77	-3.56	-18.55
-42.83	-2.51	-21.43
-42.83	-2.51	-21.43
-42.43	-1.54	-22.71
-41.95	0.6	-25.15
-41.95	0.6	-25.15
-40.54	2.19	-28.4
-40.54	2.19	-28.4
-39.99	3.9	-29.20
-39.45	4.15	-30.15
-39.45	5.20	-31.27
-38.69	6.60	-32.78
-38.15	8.0	-33.57
-38.15	8.0	-33.57
-37.69	9.67	-34.99
-37.38	11.31	-35.47
-36.82	12.78	-36.53
-36.35	14.46	-36.85
-36.35	14.46	-37.81
-35.54	15.90	-37.81
-34.56	16.92	-38.95
-33.25	17.61	-38.91
-32.6	18.0	-39.52
-30.55	18.22	-39.61
-30.55	18.22	-39.61
-28.90	18.84	-39.53
-27.32	18.92	-39.86
-25.65	19.11	-39.58
-24.18	19.15	-39.36
-24.18	19.14	-39.50
-22.58	19.14	-39.50
-19.15	19.43	-39.8
-19.15	19.43	-39.8
-17.99	19.20	-38.79
-16.48	18.78	-37.88
-16.48	18.78	-37.88
-13.4	18.35	-36.81
-13.4	18.64	-35.95
-11.39	18.64	-35.95
-9.98	18.62	-35.32
-8.79	18.67	-34.61
-8.0	18.78	-34.31
-7.24	18.96	-33.90
-7.24	18.96	-33.90
-6.75	19.17	-33.58
-6.15	19.21	-33.28
-5.41	19.23	-32.95
-4.93	19.14	-32.25
-4.27	18.97	-31.61
-4.27	18.97	-31.61
-3.40	18.71	-30.93
-2.59	18.81	-30.34
-1.48	18.76	-29.37
0.79	18.51	-28.51
0.79	18.51	-28.51
0.5	18.55	-27.72
0.53	18.55	-26.37
1.23	18.43	-26.37
1.69	18.44	-25.66
1.98	18.31	-25.68
1.98	18.31	-25.68
2.21	18.3	-24.94
2.21	18.3	-24.94
2.31	17.77	-25.28
2.34	17.65	-24.70
2.34	17.65	-24.70
3.1	17.59	-23.42
3.1	17.59	-23.42
2.96	17.76	-23.81
2.78	17.65	-24.33
2.78	17.56	-24.25
2.87	16.58	-24.5
2.76	16.13	-23.63
2.76	16.13	-23.63
2.78	15.48	-23.27
3.0	14.67	-22.32
3.14	13.34	-20.92
3.10	11.88	-18.79
3.10	11.88	-18.79
3.3	10.68	-18.8
3.10	9.64	-16.75
3.33	9.7	-15.19
3.52	8.41	-13.10
3.60	7.80	-10.73
3.60	7.80	-10.73
3.73	7.23	-9.1
3.85	7.27	-7.29
3.77	7.3	-5.74
3.83	7.9	-3.90
3.83	7.9	-3.90
3.41	6.66	-1.81
2.45	5.91	0.44
2.29	5.92	0.19
2.24	5.89	0.0
2.24	5.89	0.42
2.34	5.91	0.42
2.44	5.77	0.26
2.44	5.77	0.26
2.39	5.63	0.3
2.24	5.71	0.31
2.24	5.71	0.31
1.82	5.19	0.52
1.82	5.19	0.52
1.68	4.96	0.95
1.51	4.68	0.68
1.51	4.68	0.68
1.43	4.46	0.8
1.43	4.46	0.44
1.54	4.68	0.44
1.67	5.0	0.59
1.67	5.88	1.87
2.63	7.2	3.31
3.21	8.27	4.8
3.21	8.27	4.8
3.53	9.34	5.29
4.0	10.45	5.83
4.36	11.54	6.30
4.88	12.45	6.27
4.88	12.45	6.27
5.19	13.0	6.53
5.31	13.53	6.15
5.51	14.34	6.76
5.63	15.15	8.3
5.63	15.44	8.59
5.48	15.44	8.59
5.29	15.68	8.23
5.32	16.40	9.68
5.19	17.23	10.62
5.27	17.76	10.87
5.27	17.76	10.87
5.10	18.39	11.46
5.31	19.38	11.54
5.43	19.61	11.74
5.58	20.6	11.33
5.58	20.6	11.33
5.77	20.32	11.31
5.73	20.80	10.83
5.87	20.80	10.83
5.76	21.19	11.67
6.0	21.49	10.83
6.0	21.49	10.83
7.27	24.79	9.53
7.27	24.79	9.53
8.25	28.94	7.88
8.50	30.39	7.54
8.50	30.39	7.54
8.67	30.39	7.40
8.67	30.39	6.28
8.88	29.23	6.28
9.23	28.9	5.74
9.23	26.99	4.51
9.72	26.35	3.74
9.89	25.88	2.86
9.89	25.88	2.86
10.1	25.68	1.39
10.19	25.47	0.94
10.35	25.21	0.31
10.31	25.41	0.0
10.31	25.41	0.0
10.46	25.38	0.75
10.41	25.37	0.35
10.39	25.36	0.3
10.39	25.25	0.28
10.39	25.56	0.10
10.48	25.56	0.10
10.60	25.93	-1.27
10.82	26.31	-1.80
10.83	26.95	-3.1
10.99	27.70	-3.66
10.99	27.70	-3.66
11.10	28.36	-4.5
11.15	28.75	-4.61
11.16	29.3	-5.11
11.23	29.73	-5.32
11.23	29.73	-6.43
11.38	30.53	-6.43
11.17	32.41	-8.96
11.17	32.41	-8.96
11.0	33.10	-9.79
10.92	33.63	-10.86
10.92	33.63	-10.86
10.63	33.98	-12.28
10.63	33.98	-12.28
10.26	34.18	-13.44
9.97	34.37	-14.58
9.97	34.37	-15.76
9.41	34.92	-16.88
9.25	35.8	-17.43
9.25	35.8	-17.43
8.96	34.94	-18.55
8.75	34.62	-18.40
8.86	34.21	-18.65
8.83	33.75	-18.63
8.83	33.75	-18.63
8.68	33.68	-18.81
8.42	33.66	-20.33
8.27	33.61	-20.3
8.3	33.31	-20.47
8.3	33.21	-21.40
7.63	33.21	-21.40
7.19	32.95	-21.75
6.84	33.38	-23.13
6.20	33.46	-24.30
5.52	33.51	-25.4
5.52	33.51	-25.4
5.3	33.21	-26.11
4.45	32.86	-26.26
4.3	32.85	-27.35
3.45	32.72	-27.95
3.45	32.72	-28.37
2.82	32.60	-28.37
1.12	32.65	-30.63
1.12	32.65	-30.63
0.51	32.49	-30.51
0.7	32.27	-31.61
0.7	32.27	-31.61
-1.7	31.67	-32.6
-1.7	31.67	-32.6
-1.43	32.1	-32.24
-1.67	32.42	-32.52
-1.67	32.42	-32.52
-2.65	32.84	-33.66
-3.64	32.99	-34.30
-3.64	32.99	-34.30
-4.62	32.68	-35.39
-5.29	32.13	-35.3
-6.0	31.39	-35.68
-6.51	30.54	-36.0
-6.51	30.54	-36.0
-6.72	29.19	-35.88
-6.80	27.7	-36.31
-7.19	24.48	-35.79
-7.50	22.81	-35.80
-8.1	21.94	-35.24
-8.1	21.94	-35.24
-8.47	21.50	-36.1
-9.27	20.68	-35.82
-9.79	19.34	-35.99
-10.73	18.37	-35.90
-10.73	18.37	-35.90
-11.54	17.83	-36.92
-12.49	16.41	-36.92
-13.49	16.41	-36.92
-14.42	15.27	-36.3
-15.17	15.10	-36.27
-15.17	15.10	-36.27
-16.43	14.2	-36.38
-16.43	14.2	-36.38
-17.18	13.51	-35.53
-17.80	12.70	-36.11
-17.80	12.70	-35.65
-18.77	10.29	-35.13
-19.31	9.3	-34.50
-19.31	9.3	-34.50
-19.86	8.19	-33.98
-20.75	7.59	-34.24
-21.33	7.44	-33.99
-21.79	7.55	-34.40
-21.79	7.55	-34.40
-22.52	7.40	-33.93
-23.23	6.85	-33.37
-23.96	6.21	-33.28
-24.31	5.31	-32.68
-24.90	4.76	-32.31
-24.90	4.76	-32.31
-25.38	4.44	-32.8
-25.79	3.91	-31.93
-26.42	3.59	-31.0
-26.80	3.21	-31.73
-26.80	3.21	-31.73
-27.6	3.0	-30.87
-27.41	1.67	-29.79
-27.41	1.67	-29.79
-27.56	1.19	-28.70
-27.43	0.60	-28.41
-27.43	0.60	-28.41
-26.26	0.78	-28.62
-26.26	0.78	-28.62
-25.81	0.75	-28.55
-25.29	0.64	-28.19
-25.29	0.64	-27.87
-24.3	0.11	-27.57
-23.53	0.29	-27.48
-23.53	0.29	-27.48
-23.28	0.36	-26.60
-23.10	0.82	-26.37
-22.55	-1.23	-25.84
-22.5	-1.44	-25.13
-22.5	-1.44	-25.13
-21.85	-1.96	-24.39
-21.67	-2.39	-24.7
-21.52	-2.92	-23.29
-21.45	-3.44	-22.36
-21.18	-3.72	-21.83
-21.18	-3.72	-21.83
-20.86	-4.15	-21.50
-20.65	-4.39	-20.47
-20.10	-4.69	-19.80
-19.31	-4.97	-18.77
-19.31	-5.32	-17.83
-18.33	-5.32	-17.83
-16.79	-5.79	-15.13
-16.79	-5.79	-15.13
-16.15	-5.90	-14.32
-15.41	-5.96	-13.22
-15.41	-5.96	-13.22
-14.19	-5.76	-12.40
-14.19	-5.59	-10.95
-13.18	-5.59	-10.95
-12.47	-5.36	-10.16
-11.63	-5.26	-9.43
-11.0	-5.3	-8.72
-10.62	-4.89	-8.11
-10.62	-4.89	-8.11
-10.23	-4.84	-7.20
-9.77	-4.49	-7.62
-9.19	-4.35	-6.84
-8.68	-4.14	-6.81
-8.68	-3.80	-6.79
-8.4	-3.80	-6.79
-7.52	-3.40	-6.56
-6.93	-3.13	-6.92
-6.64	-2.80	-7.3
-6.29	-2.59	-6.78
-6.29	-2.59	-6.78
-5.63	-2.27	-7.3
-5.19	-2.2	-6.27
-4.62	-1.60	-6.37
-4.25	-1.23	-5.96
-4.25	-1.23	-5.91
-4.0	-1.11	-5.91
-3.40	0.73	-5.56
-3.40	0.73	-5.56
-3.0	0.37	-5.17
-2.64	0.4	-4.74
-2.64	0.4	-4.74
-2.11	0.33	-3.92
-2.11	0.33	-3.92
-1.75	0.73	-3.19
-1.31	1.5	-3.41
-1.31	1.5	-3.41
0.18	2.34	-1.32
0.18	3.31	0.71
0.56	3.31	0.71
1.12	4.4	0.51
1.79	4.82	0.33
2.24	5.51	0.67
2.91	6.31	1.7
2.91	6.31	1.7
3.37	7.25	1.59
4.5	8.39	2.29
4.56	9.67	2.63
5.23	10.92	3.14
5.23	10.92	3.14
5.94	12.42	3.56
6.28	13.73	4.67
6.59	14.63	5.7
6.55	15.35	6.7
6.78	16.33	5.97
6.78	16.33	5.97
6.96	17.11	6.56
7.0	17.93	6.97
6.94	18.43	7.61
6.83	19.7	8.24
6.83	19.7	8.24
6.91	19.68	8.55
6.68	20.33	9.10
6.55	20.49	9.78
6.8	20.78	9.98
6.8	20.78	11.38
5.87	21.11	11.38
5.33	21.63	12.36
5.33	21.63	12.36
4.99	21.86	12.97
4.71	22.21	13.50
4.71	22.21	13.50
3.88	23.18	15.31
3.88	23.18	15.31
3.29	23.45	15.30
2.66	23.97	16.92
2.66	23.97	16.92
0.53	24.8	18.80
0.53	24.8	19.85
0.31	24.26	19.85
-1.4	24.31	20.23
-1.4	24.67	21.29
-2.41	25.4	21.93
-2.96	25.73	22.7
-2.96	25.73	22.7
-3.58	26.51	22.83
-4.31	27.12	23.26
-4.99	26.98	23.73
-5.85	26.63	24.69
-5.85	26.63	24.69
-6.75	26.8	24.74
-7.79	25.42	25.23
-8.96	24.63	26.31
-10.84	24.14	26.92
-11.95	23.43	27.46
-11.95	23.43	27.46
-12.78	22.60	27.51
-13.64	21.83	27.77
-14.39	20.77	27.81
-15.5	19.90	28.5
-15.5	19.90	28.5
-15.72	19.7	27.89
-16.34	17.47	27.86
-16.95	17.47	27.86
-17.36	16.59	27.55
-17.14	15.26	27.10
-17.14	15.26	27.10
-17.75	12.17	26.6
-17.75	12.17	26.6
-17.73	10.78	26.19
-17.76	9.49	24.68
-17.76	9.49	24.68
-18.6	7.15	23.66
-18.6	6.24	23.23
-18.20	6.24	23.23
-18.4	5.60	22.75
-18.0	4.54	21.42
-17.76	4.7	21.36
-17.26	3.35	20.56
-17.26	3.35	20.56
-16.94	2.67	19.79
-16.71	2.14	19.1
-16.31	1.55	18.32
-15.80	1.3	17.17
-15.80	1.3	17.35
-15.38	0.54	17.35
-15.12	0.25	16.49
-14.59	0.19	15.52
-13.96	0.60	14.75
-13.21	0.67	13.94
-13.21	0.67	13.94
-12.39	0.78	13.26
-11.70	0.85	12.74
-11.35	0.95	12.28
-11.7	0.96	11.83
-11.7	0.96	11.85
-10.76	0.95	11.85
-9.46	-1.12	10.40
-9.46	-1.12	10.40
-9.8	-1.27	9.81
-9.1	-1.51	8.90
-9.1	-1.51	8.90
-7.89	-1.18	7.71
-7.89	-1.18	7.71
-7.27	-1.7	7.19
-6.48	0.73	7.15
-6.48	0.73	7.15
-4.36	0.11	4.14
-4.36	0.11	3.14
-3.24	0.71	3.14
-1.82	1.49	1.67
-1.82	2.42	1.19
0.47	3.19	0.79
1.48	4.34	0.0
1.48	4.34	0.0
2.41	5.43	0.8
3.13	6.42	0.2
4.3	7.48	0.20
4.75	8.55	0.58
4.75	8.55	0.58
5.47	9.87	0.87
6.16	11.43	1.39
6.94	13.15	2.55
7.43	14.61	3.45
7.43	16.0	4.41
7.69	16.0	4.41
7.80	16.87	5.41
7.99	17.84	5.82
8.20	19.0	5.90
8.22	19.70	7.27
8.22	19.70	7.27
8.1	20.40	7.44
7.89	20.70	8.66
7.56	20.79	9.55
7.31	20.97	9.99
7.31	20.97	9.99
7.10	20.90	10.58
7.3	21.52	10.59
7.7	21.52	10.59
6.90	21.96	10.94
7.12	22.48	10.89
7.12	22.48	10.89
7.44	23.92	11.26
7.44	23.92	11.26
7.79	24.72	9.73
8.7	25.69	10.4
8.7	25.69	10.4
8.83	27.81	8.62
8.83	27.81	8.62
9.15	28.63	8.23
9.50	29.14	7.14
9.50	29.67	6.30
10.21	30.30	5.0
10.24	30.78	4.63
10.24	30.78	4.63
10.28	31.33	4.82
10.27	31.93	5.12
10.23	32.66	4.95
10.19	33.88	4.32
10.19	33.88	4.32
10.27	34.92	4.84
10.23	36.21	3.51
10.20	37.75	2.40
10.0	38.97	1.53
10.0	39.99	0.3
10.11	39.99	0.3
10.2	40.81	-1.3
9.88	41.81	-2.4
9.51	42.71	-3.7
9.31	43.73	-3.38
9.31	43.73	-3.38
8.88	44.91	-3.82
8.54	45.47	-3.48
8.18	46.13	-4.18
7.99	46.70	-4.47
7.99	46.70	-4.47
7.77	47.5	-4.18
7.45	48.43	-4.48
7.7	48.43	-4.48
6.63	49.11	-4.63
6.10	49.94	-4.68
6.10	49.94	-4.68
5.4	51.43	-4.28
5.4	51.43	-4.28
4.66	52.12	-4.7
4.2	52.87	-3.92
4.2	52.87	-3.92
2.75	54.16	-4.47
2.75	54.16	-4.47
2.9	54.81	-4.25
1.52	55.40	-4.21
1.52	55.40	-3.83
0.14	56.58	-3.55
0.42	57.22	-2.83
0.42	57.22	-2.83
-1.3	57.72	-3.1
-2.2	58.35	-2.57
-3.29	59.20	-2.29
-4.50	59.92	-2.7
-4.50	59.92	-2.7
-5.77	60.60	-2.10
-6.78	61.8	-1.87
-7.59	61.51	-1.15
-8.50	61.88	0.92
-8.50	62.13	0.16
-9.16	62.13	0.16
-9.85	62.36	0.22
-10.93	62.79	0.0
-12.48	63.19	0.32
-13.37	63.44	0.40
-13.37	63.44	0.40
-13.81	63.61	0.24
-14.39	63.83	0.72
-14.85	63.77	1.28
-15.41	63.99	1.7
-15.41	63.99	0.83
-16.19	64.11	0.83
-17.93	64.56	1.25
-17.93	64.56	1.25
-18.59	64.59	1.40
-19.38	64.53	2.35
-19.38	64.53	2.35
-20.85	64.45	1.93
-20.85	64.45	1.93
-21.46	64.48	3.3
-22.17	64.55	2.83
-22.17	64.55	2.83
-23.96	64.54	3.97
-23.96	64.26	3.58
-24.58	64.26	3.58
-25.0	64.4	4.80
-25.20	63.60	6.67
-25.38	62.37	8.78
-25.38	61.14	11.35
-25.38	61.14	11.35
-24.98	60.31	13.0
-24.78	59.40	13.75
-24.54	58.80	14.71
-24.14	58.1	15.74
-24.14	57.4	16.68
-23.65	57.4	16.68
-23.76	56.21	17.79
-24.1	55.36	18.73
-24.31	54.44	19.87
-24.35	53.69	20.5
-24.35	53.69	20.5
-24.29	52.98	21.33
-23.50	51.98	22.55
-22.54	50.95	22.55
-21.45	49.83	23.37
-21.45	48.55	23.86
-20.53	48.55	23.86
-18.95	46.43	25.11
-18.95	46.43	25.11
-18.32	45.11	25.47
-18.1	43.23	26.94
-18.1	43.23	26.94
-16.43	39.45	27.43
-16.43	39.45	27.75
-15.4	37.79	27.75
-13.75	36.42	27.63
-12.65	34.81	27.24
-11.98	33.30	27.28
-11.13	31.92	27.15
-11.13	31.92	27.15
-9.99	30.65	25.99
-9.0	29.22	26.62
-7.99	27.51	25.83
-7.63	25.77	25.60
-7.63	25.77	24.87
-7.57	24.19	24.87
-7.68	22.64	25.31
-7.43	21.24	24.71
-7.40	19.94	24.27
-7.40	18.13	24.56
-7.40	18.13	24.56
-7.38	16.60	23.25
-7.74	15.36	22.77
-8.1	14.37	23.10
-8.47	13.59	22.81
-8.47	13.59	22.76
-8.64	12.44	22.76
-8.86	10.39	21.19
-8.86	10.39	21.19
-9.3	9.10	20.27
-9.44	7.44	20.6
-9.44	7.44	20.6
-10.81	4.40	18.33
-10.81	4.40	18.33
-11.47	3.0	18.10
-12.0	1.50	16.77
-12.0	1.50	16.77
-13.10	0.95	14.31
-13.10	-2.10	12.91
-13.43	-2.10	12.91
-13.47	-2.90	11.56
-13.56	-3.56	10.59
-13.56	-4.6	9.33
-13.75	-4.45	8.49
-13.75	-4.45	8.49
-13.83	-5.3	7.71
-14.7	-5.48	6.15
-14.19	-5.93	5.7
-14.26	-6.30	3.83
-14.26	-6.30	2.27
-14.37	-6.67	2.27
-14.60	-6.85	1.74
-14.71	-7.7	0.57
-14.95	-7.48	0.17
-15.23	-7.54	-1.12
-15.23	-7.54	-1.12
-15.32	-7.61	-2.24
-15.37	-7.80	-2.92
-15.23	-7.69	-4.28
-15.3	-7.61	-4.93
-15.3	-7.61	-5.57
-15.18	-7.67	-5.57
-15.40	-7.62	-7.38
-15.40	-7.62	-7.38
-15.44	-7.43	-7.40
-14.91	-7.31	-8.60
-14.91	-7.31	-8.60
-13.62	-6.31	-9.91
-13.62	-6.31	-9.91
-12.96	-6.19	-10.57
-12.39	-5.79	-11.3
-12.39	-5.45	-10.87
-11.39	-5.26	-11.42
-10.87	-5.0	-11.6
-10.87	-5.0	-11.6
-10.5	-4.57	-11.45
-9.35	-4.17	-11.23
-8.51	-3.59	-11.22
-7.71	-2.97	-11.60
-7.71	-2.97	-11.66
-6.88	-2.36	-11.66
-6.24	-1.99	-11.81
-5.72	-1.87	-11.84
-5.27	-1.32	-11.88
-4.61	0.65	-12.65
-4.61	0.65	-12.65
-4.5	0.0	-13.22
-3.34	0.64	-14.14
-3.20	0.87	-14.11
-3.15	1.37	-14.67
-3.15	1.37	-15.9
-2.96	1.39	-15.9
-2.55	2.40	-16.30
-2.55	2.40	-16.30
-2.19	2.97	-17.31
-1.58	3.52	-17.15
-1.58	3.52	-17.15
-1.5	4.57	-17.96
-1.5	4.57	-17.96
0.78	4.97	-18.17
0.75	5.64	-18.98
0.75	5.64	-18.98
0.3	7.36	-20.74
0.3	8.20	-20.59
0.28	8.20	-20.59
0.63	9.25	-21.41
0.83	9.88	-22.12
1.3	10.53	-22.54
1.44	11.40	-23.29
1.44	11.40	-23.29
1.81	12.13	-22.75
2.15	12.82	-23.67
2.52	13.64	-23.48
2.71	14.42	-23.77
2.71	14.42	-24.15
2.85	15.48	-24.15
3.5	16.74	-24.71
3.24	17.95	-25.29
3.31	19.25	-25.32
3.25	20.25	-26.54
3.25	20.25	-26.54
3.26	21.49	-26.87
3.23	22.77	-27.34
2.93	24.29	-27.97
2.64	25.71	-29.33
2.64	25.71	-29.33
2.0	27.36	-29.88
1.34	30.28	-31.11
0.79	30.28	-31.11
0.9	31.68	-31.31
0.54	33.36	-32.40
0.54	33.36	-32.40
-1.30	37.7	-32.23
-1.30	37.7	-32.23
-1.75	38.54	-32.28
-2.20	39.80	-32.4
-2.20	39.80	-32.4
-3.28	42.28	-32.38
-3.28	43.85	-31.98
-4.13	43.85	-31.98
-4.92	44.84	-31.54
-5.55	45.52	-32.8
-5.87	45.87	-32.8
-5.86	45.89	-31.95
-5.86	45.89	-31.95
-5.35	45.65	-31.65
-5.11	45.46	-31.43
-4.71	45.5	-31.68
-4.27	44.27	-32.5
-4.27	42.99	-31.97
-3.48	42.99	-31.97
-2.45	41.78	-31.81
-1.55	40.83	-31.35
0.92	39.96	-30.95
0.25	39.31	-30.63
0.25	39.31	-30.63
0.18	38.77	-30.29
0.88	38.11	-29.48
1.56	37.39	-29.48
2.25	36.57	-28.77
2.25	35.66	-28.84
2.95	35.66	-28.84
4.48	34.31	-26.98
4.48	34.31	-26.98
5.24	33.72	-26.28
5.70	32.75	-25.72
5.70	32.75	-25.72
6.83	29.67	-23.85
6.83	29.67	-23.85
7.71	27.99	-22.2
8.61	26.79	-20.12
8.61	25.27	-17.82
10.31	24.18	-15.11
10.86	23.23	-11.34
10.86	23.23	-11.34
11.19	22.54	-9.5
11.30	22.84	-5.66
11.39	23.66	-3.44
11.19	24.48	-2.47
11.19	24.48	-2.47
11.21	24.75	-1.7
11.7	24.91	0.77
10.58	24.83	1.92
10.9	24.94	3.73
9.66	25.59	5.87
9.66	25.59	5.87
9.34	25.95	6.47
9.19	26.76	6.92
9.9	27.42	7.23
9.2	27.91	7.55
9.2	27.91	7.55
8.88	28.20	8.7
8.61	28.49	8.31
8.34	28.87	8.98
8.16	29.7	9.11
8.16	29.7	9.43
7.97	29.23	9.43
7.96	30.34	10.3
7.96	30.34	10.3
7.63	30.94	10.52
7.10	31.47	11.58
7.10	31.47	11.58
6.9	32.60	13.19
6.9	32.60	13.19
5.35	33.46	13.68
4.76	34.7	14.80
4.76	34.7	14.80
3.19	35.42	16.33
3.19	35.42	17.20
2.43	36.16	17.20
1.66	36.77	17.65
1.66	37.69	18.40
0.2	38.78	19.0
-1.4	39.85	19.11
-1.4	39.85	19.11
-1.88	40.79	19.69
-2.67	41.63	20.20
-3.44	42.26	20.53
-4.20	42.54	21.19
-4.20	42.54	21.19
-4.89	42.63	21.55
-5.73	42.32	21.62
-6.79	42.48	22.70
-7.85	42.64	23.2
-8.90	42.70	24.23
-8.90	42.70	24.23
-10.7	43.9	24.23
-11.47	43.15	24.60
-12.92	43.53	25.4
-14.15	43.83	25.20
-14.15	43.83	25.20
-15.16	43.65	26.47
-15.72	43.11	26.41
-16.11	43.11	26.41
-16.54	43.67	26.51
-17.7	43.96	26.26
-17.7	43.96	26.26
-18.43	43.96	26.0
-18.43	43.96	26.0
-19.45	43.44	27.3
-20.15	42.94	27.48
-20.15	42.94	27.48
-20.81	42.99	27.79
-20.81	43.47	27.35
-21.12	43.47	27.35
-21.47	44.3	27.10
-21.98	44.15	26.99
-22.76	43.91	27.12
-23.60	43.49	27.50
-23.60	43.49	27.50
-24.28	42.87	27.72
-25.19	42.38	28.44
-26.15	41.70	28.15
-26.93	41.80	28.3
-27.76	42.1	27.84
-27.76	42.1	27.84
-28.70	42.75	27.83
-29.37	42.99	27.49
-29.88	43.41	27.57
-30.54	43.72	27.54
-30.54	43.72	27.54
-31.23	44.29	26.51
-31.98	44.43	26.23
-32.37	44.61	26.23
-32.89	45.5	25.67
-33.33	45.92	25.39
-33.33	45.92	25.39
-33.91	49.12	23.17
-33.91	49.12	23.17
-33.78	50.87	22.19
-34.38	52.55	20.7
-34.38	52.55	20.7
-35.36	54.95	17.60
-35.36	56.7	16.36
-35.29	56.7	16.36
-34.95	56.70	15.68
-34.78	56.67	15.95
-35.20	56.79	15.10
-35.66	56.79	14.93
-35.66	56.79	14.93
-36.7	56.75	15.83
-36.10	56.72	14.30
-36.46	56.81	14.36
-36.67	57.16	14.1
-36.67	57.35	13.30
-37.13	57.35	13.30
-37.78	57.49	13.26
-38.38	57.31	12.27
-39.8	57.32	11.91
-39.59	57.59	11.12
-39.59	57.59	11.12
-40.43	58.6	9.72
-41.37	58.42	6.59
-42.23	58.52	6.59
-42.87	58.50	5.27
-42.87	58.75	3.78
-43.47	58.75	3.78
-44.27	59.11	0.56
-44.27	59.11	0.56
-44.60	59.34	0.63
-44.80	59.40	-2.83
-44.80	59.40	-2.83
-45.52	59.19	-5.70
-45.52	59.19	-7.93
-45.99	58.68	-7.93
-46.3	58.56	-9.30
-46.3	58.34	-10.47
-46.19	58.0	-12.13
-46.15	57.51	-13.83
-46.15	57.51	-13.83
-46.14	57.19	-15.91
-45.98	56.57	-17.95
-45.70	56.4	-19.21
-45.51	55.16	-21.15
-45.51	54.11	-23.7
-45.11	54.11	-23.7
-44.89	52.85	-24.65
-44.45	51.73	-26.47
-44.14	50.88	-27.35
-43.64	49.79	-28.93
-43.64	49.79	-28.93
-43.11	48.42	-29.83
-42.20	45.81	-33.23
-41.43	45.81	-33.23
-40.55	44.44	-34.68
-39.62	42.99	-35.21
-39.62	42.99	-35.21
-37.37	40.7	-37.39
-37.37	40.7	-37.39
-36.14	38.91	-38.33
-34.73	37.19	-38.90
-34.73	37.19	-39.51
-32.11	33.62	-40.23
-31.20	32.42	-39.99
-31.20	32.42	-39.99
-30.68	31.63	-40.47
-30.42	30.47	-40.20
-30.6	29.49	-40.61
-29.93	28.31	-41.11
-29.93	28.31	-41.11
-28.63	24.90	-40.50
-27.41	22.34	-39.98
-26.12	20.40	-40.3
-24.87	18.36	-39.47
-23.99	16.72	-39.27
-23.99	16.72	-39.27
-23.31	15.55	-38.59
-22.62	14.15	-37.89
-22.1	12.89	-37.52
-21.31	12.15	-36.74
-21.31	11.2	-36.46
-20.39	11.2	-36.46
-18.89	9.28	-34.88
-18.89	9.28	-34.88
-18.50	8.84	-34.38
-18.19	8.23	-34.6
-18.19	8.23	-34.6
-17.61	7.81	-33.88
-17.61	7.81	-33.46
-17.23	7.49	-33.46
-16.78	7.4	-32.27
-16.44	6.1	-32.0
-16.0	5.24	-31.31
-15.63	4.31	-30.29
-15.63	4.31	-30.29
-15.69	2.92	-29.35
-16.27	1.25	-27.95
-16.89	0.12	-26.23
-17.94	-1.67	-24.16
-17.94	-1.67	-23.74
-18.63	-2.57	-23.74
-19.5	-3.42	-22.78
-19.47	-4.3	-21.81
-19.91	-4.75	-21.17
-19.88	-5.27	-19.71
-19.88	-5.27	-19.71
-19.52	-5.60	-18.95
-19.15	-5.92	-17.63
-18.62	-6.2	-17.63
-17.93	-6.1	-17.35
-17.27	-5.84	-16.50
-17.27	-5.84	-16.50
-15.87	-5.51	-16.17
-15.87	-5.51	-16.17
-15.18	-5.58	-15.42
-14.91	-5.79	-14.68
-14.91	-5.79	-14.68
-14.55	-6.20	-12.79
-14.50	-6.24	-12.15
-14.50	-6.24	-12.15
-14.31	-6.43	-10.76
-14.37	-6.74	-9.15
-14.44	-7.1	-8.3
-14.53	-7.0	-7.27
-14.53	-7.0	-7.27
-14.49	-7.8	-6.25
-14.44	-7.19	-4.36
-14.64	-7.33	-3.58
-15.0	-7.32	-2.31
-15.16	-7.26	0.65
-15.16	-7.26	0.65
-15.51	-7.16	0.22
-15.71	-7.3	1.71
-15.95	-6.82	3.45
-16.6	-6.47	4.96
-16.6	-6.47	4.96
-16.1	-5.71	7.15
-16.31	-5.7	9.84
-16.35	-4.63	9.84
-16.56	-3.87	11.24
-16.56	-3.39	12.35
-16.83	-3.39	12.35
-17.5	-1.58	15.77
-17.5	-1.58	15.77
-17.10	0.54	16.44
-17.17	0.68	17.74
-17.17	0.68	17.74
-17.12	3.43	20.96
-17.12	3.43	20.96
-16.95	4.81	21.73
-16.69	6.48	22.76
-16.69	8.19	23.42
-16.5	10.6	24.61
-15.78	12.8	25.99
-15.78	12.8	25.99
-15.41	14.15	26.5
-14.98	16.0	26.22
-14.64	17.74	27.30
-14.47	19.21	28.13
-14.47	19.21	28.13
-14.14	20.67	27.91
-13.99	22.9	28.12
-13.67	23.11	28.7
-13.61	24.6	28.20
-13.71	24.86	28.34
-13.71	24.86	28.34
-13.61	25.72	27.98
-13.76	26.18	28.17
-13.67	26.44	28.20
-13.66	26.29	28.42
-13.66	26.29	28.43
-13.53	25.76	28.43
-13.56	23.21	28.5
-13.56	23.21	28.5
-13.39	21.15	27.98
-13.8	18.48	27.9
-13.8	18.48	27.9
-13.19	12.47	25.24
-13.19	12.47	25.24
-13.57	9.43	23.31
-13.83	6.74	21.71
-13.83	6.74	19.53
-14.35	2.18	18.2
-14.46	0.14	16.47
-14.46	0.14	16.47
-14.74	-1.45	13.62
-14.86	-2.83	12.0
-15.2	-4.7	9.84
-14.88	-5.7	7.46
-14.88	-5.7	7.46
-14.83	-5.86	5.21
-14.79	-6.42	2.53
-14.39	-6.78	0.3
-14.18	-6.98	-1.89
-14.18	-7.0	-3.92
-14.12	-7.0	-3.92
-14.11	-7.6	-5.58
-14.5	-6.70	-7.71
-14.7	-6.49	-9.74
-14.11	-6.10	-12.28
-14.11	-6.10	-12.28
-14.15	-5.48	-14.11
-14.15	-4.78	-18.55
-14.2	-3.82	-18.55
-13.96	-2.76	-20.45
-14.0	-1.78	-22.24
-14.0	-1.78	-22.24
-13.90	0.51	-25.17
-13.90	0.51	-25.17
-13.64	1.64	-26.37
-13.22	3.33	-27.73
-13.22	3.33	-27.73
-13.12	7.58	-31.82
-13.12	9.66	-33.13
-13.24	9.66	-33.13
-13.46	11.80	-34.35
-13.90	14.26	-35.49
-14.16	17.30	-37.0
-14.52	20.27	-38.0
-14.52	20.27	-38.0
-14.59	22.81	-38.95
-14.78	25.27	-39.61
-15.8	27.7	-39.51
-15.61	28.93	-40.6
-15.86	30.98	-39.67
-15.86	30.98	-39.67
-16.9	33.84	-39.27
-16.15	36.79	-39.13
-16.20	39.42	-39.22
-15.81	41.39	-37.57
-15.81	41.39	-37.57
-15.12	43.11	-37.25
-14.35	46.19	-35.65
-13.34	46.19	-35.65
-12.26	48.2	-33.25
-11.12	49.61	-32.48
-11.12	49.61	-32.48
-9.38	52.27	-28.84
-9.38	52.27	-28.84
-8.72	53.39	-27.55
-8.35	54.36	-26.54
-8.35	54.36	-24.72
-7.51	55.97	-23.55
-6.83	56.50	-22.14
-6.83	56.50	-22.14
-6.11	56.84	-20.55
-5.21	57.0	-19.5
-4.46	57.16	-17.99
-4.0	57.13	-17.20
-4.0	57.13	-17.20
-3.3	57.17	-14.88
-2.15	56.89	-13.76
-1.19	56.31	-12.22
0.7	55.63	-11.37
1.18	54.69	-10.18
1.18	54.69	-10.18
2.55	53.52	-9.16
4.3	51.98	-8.41
5.49	49.87	-7.38
6.69	47.94	-5.82
6.69	47.94	-5.82
7.19	46.68	-4.75
7.76	45.39	-2.39
8.37	43.79	-2.39
8.92	41.99	-1.10
8.92	39.79	0.90
9.59	39.79	0.90
10.48	35.99	-1.51
10.48	35.99	-1.51
10.72	34.27	-1.61
10.88	32.58	-2.24
10.88	32.58	-2.24
10.87	29.2	-1.66
10.87	29.2	-1.66
10.75	27.39	0.53
10.56	26.7	0.82
10.56	26.7	-1.35
10.19	22.99	0.84
9.86	21.47	-1.19
9.86	21.47	-1.19
9.46	20.33	0.79
9.30	19.8	0.97
8.98	17.52	-1.15
8.22	15.91	-1.79
8.22	15.91	-1.79
7.65	14.36	-2.14
7.3	13.3	-2.40
6.48	11.74	-2.84
5.90	10.51	-3.49
5.90	10.51	-4.1
5.27	9.42	-4.1
4.57	8.43	-5.23
3.92	7.35	-5.1
3.24	6.27	-5.40
2.47	5.4	-5.43
2.47	5.4	-5.43
1.63	4.35	-5.55
0.87	3.41	-5.85
0.23	2.72	-6.2
0.19	2.16	-6.75
0.19	2.16	-6.75
0.86	1.61	-7.13
-1.51	1.9	-7.84
-2.28	0.15	-7.84
-3.15	0.56	-7.72
-3.15	-1.52	-8.27
-4.38	-1.52	-8.27
-6.51	-3.17	-7.91
-6.51	-3.17	-7.91
-8.0	-4.14	-7.90
-9.12	-4.73	-7.56
-9.12	-4.73	-7.56
-10.76	-5.75	-7.21
-10.76	-5.75	-7.21
-11.68	-6.22	-7.37
-12.87	-6.64	-7.35
-12.87	-7.0	-7.36
-14.42	-7.42	-7.51
-15.27	-7.70	-7.67
-15.27	-7.70	-7.67
-16.23	-8.16	-7.48
-17.36	-8.48	-6.98
-18.45	-8.92	-6.68
-19.37	-9.16	-5.62
-19.37	-9.16	-5.61
-20.27	-9.32	-5.61
-21.23	-9.61	-5.0
-22.19	-9.93	-4.79
-23.22	-9.97	-4.46
-24.48	-10.14	-4.51
-24.48	-10.14	-4.51
-26.6	-10.19	-3.67
-27.97	-10.30	-2.87
-30.28	-10.22	-1.65
-32.79	-9.88	0.19
-32.79	-9.47	0.20
-34.86	-9.47	0.20
-39.0	-8.45	1.40
-39.0	-8.45	1.40
-41.15	-7.65	1.67
-43.8	-6.79	2.55
-43.8	-6.79	2.55
-45.85	-5.14	4.11
-45.85	-5.14	4.11
-46.77	-4.41	4.87
-47.83	-3.51	4.67
-47.83	-3.51	6.49
-49.39	-1.46	7.63
-49.83	0.56	8.32
-49.83	0.56	8.32
-50.27	0.14	9.23
-50.75	1.20	10.42
-50.96	1.94	10.92
-51.46	2.97	11.99
-51.46	2.97	11.99
-51.84	4.10	12.3
-52.30	4.96	12.68
-52.39	5.81	13.53
-52.56	6.60	14.81
-52.67	7.75	15.16
-52.67	7.75	15.16
-52.75	9.29	15.99
-52.50	10.86	17.41
-52.3	12.8	18.55
-51.55	13.19	19.72
-51.55	13.19	19.72
-50.85	14.47	20.54
-50.26	15.46	22.60
-49.53	16.56	22.60
-49.8	17.70	22.74
-48.53	18.79	24.5
-48.53	18.79	24.5
-46.84	20.71	25.0
-46.84	20.71	25.0
-45.85	21.53	25.41
-45.2	22.20	26.26
-45.2	22.20	26.26
-43.39	24.20	27.62
-43.39	24.20	27.87
-42.21	25.26	27.87
-41.21	26.38	28.21
-40.11	27.29	28.23
-39.11	27.81	29.1
-38.10	28.44	29.14
-38.10	28.44	29.14
-37.19	29.28	29.66
-36.50	29.85	29.38
-35.47	30.59	29.60
-34.49	31.3	29.55
-34.49	31.68	29.94
-32.95	31.68	29.94
-31.40	32.27	30.51
-29.5	32.56	30.28
-27.16	33.20	30.34
-25.47	34.15	29.96
-25.47	34.15	29.96
-23.57	34.85	29.70
-21.78	35.43	29.57
-19.85	35.64	29.35
-18.43	36.48	28.90
-18.43	37.19	28.56
-17.40	37.19	28.56
-15.26	38.88	27.7
-15.26	38.88	27.7
-14.31	39.47	26.66
-13.75	40.20	26.25
-13.75	40.20	26.25
-12.22	41.59	24.68
-12.22	41.59	24.54
-11.23	42.15	24.54
-10.57	42.80	24.51
-9.51	43.23	23.3
-8.47	43.49	22.28
-7.39	43.91	21.83
-7.39	43.91	21.83
-6.31	44.39	20.58
-5.61	44.95	19.45
-4.76	45.47	18.92
-4.21	45.83	18.47
-4.21	45.83	18.23
-3.44	45.85	18.23
-2.87	45.83	17.11
-1.95	45.96	16.15
-1.3	45.87	14.89
0.4	45.65	13.83
0.4	45.65	13.83
1.4	45.68	13.7
2.16	45.61	11.50
3.44	45.47	9.80
4.67	45.63	7.67
4.67	45.63	7.67
5.63	46.12	4.2
6.52	46.31	-2.1
7.5	46.55	-2.1
7.31	46.75	-4.92
7.25	46.67	-7.14
7.25	46.67	-7.14
7.27	46.47	-8.94
7.27	46.47	-8.94
7.22	46.37	-9.93
7.7	46.59	-10.28
7.7	46.59	-10.28
6.44	46.81	-13.39
6.44	46.81	-13.39
5.79	46.93	-14.60
5.15	47.0	-16.35
5.15	47.0	-17.4
4.31	46.93	-18.39
4.37	46.39	-18.15
4.37	46.39	-18.15
4.62	45.58	-18.95
4.75	45.4	-19.5
5.20	44.43	-19.9
5.64	43.72	-18.83
5.64	43.72	-18.83
6.33	42.76	-18.54
6.92	41.65	-16.88
7.15	40.86	-17.68
7.26	39.75	-18.73
7.26	38.37	-18.47
7.15	38.37	-18.47
7.17	36.64	-19.94
6.91	35.32	-21.18
6.70	33.89	-21.82
6.43	32.52	-22.28
6.43	32.52	-22.28
6.12	31.31	-22.40
5.81	30.28	-23.80
5.36	29.17	-23.80
4.74	28.36	-25.22
4.74	27.75	-26.7
3.68	27.75	-26.7
1.78	26.48	-28.14
1.78	26.48	-28.14
0.84	25.80	-29.36
0.21	25.9	-29.94
0.21	25.9	-29.94
-1.30	24.41	-30.53
-1.30	24.41	-30.53
-1.69	24.29	-30.75
-2.25	24.19	-31.10
-2.25	23.92	-32.0
-3.60	23.82	-32.42
-4.31	23.71	-33.13
-4.31	23.71	-33.13
-4.99	23.82	-33.74
-5.59	24.0	-33.98
-6.6	23.95	-34.32
-6.56	23.79	-34.67
-6.56	23.79	-34.67
-6.68	23.29	-34.47
-6.79	23.17	-34.77
-6.95	23.12	-34.52
-7.8	23.13	-34.45
-7.13	23.3	-34.51
-7.13	23.3	-34.51
-6.99	22.90	-34.37
-6.81	23.28	-34.70
-6.65	23.67	-34.38
-6.40	23.79	-34.29
-6.40	23.79	-34.0
-6.15	23.94	-34.0
-5.67	24.84	-33.97
-5.67	24.84	-33.97
-5.23	25.64	-33.61
-4.76	26.77	-33.86
-4.76	26.77	-33.86
-3.15	28.75	-32.61
-3.15	28.75	-32.61
-2.31	29.99	-32.27
-1.38	30.98	-31.50
-1.38	30.98	-30.59
0.21	32.95	-29.32
1.23	33.88	-28.43
1.23	33.88	-28.43
2.32	34.84	-27.52
3.23	36.0	-25.76
4.18	37.29	-24.14
5.7	38.55	-22.32
5.7	38.55	-22.32
5.83	39.83	-20.88
6.51	40.71	-17.62
7.52	41.47	-15.25
7.97	41.94	-12.77
8.24	41.67	-10.52
8.24	41.67	-10.52
8.96	40.88	-7.96
9.45	39.19	-6.18
9.68	37.23	-4.31
9.98	34.80	-2.31
9.98	34.80	-2.31
10.29	31.61	0.36
10.18	29.82	0.20
10.19	29.47	0.15
10.33	29.60	0.39
10.33	29.60	-3.1
10.58	31.99	-3.1
5.63	46.53	-11.88
5.63	46.53	-11.88
-2.87	56.19	-7.44
-8.96	59.10	-6.90
-8.96	59.10	-6.90
-9.71	59.15	-10.14
-9.71	59.15	-10.14
-9.31	58.89	-9.96
-8.98	58.72	-9.45
-8.98	58.72	-9.39
-9.17	58.96	-9.16
-9.19	59.6	-9.38
-9.19	59.6	-9.38
-9.5	58.88	-8.73
-8.91	58.91	-9.32
-8.87	58.82	-9.0
-9.0	58.97	-8.78
-9.0	58.97	-8.78
-9.7	58.95	-8.75
-8.96	58.91	-9.15
-8.92	58.90	-9.10
-9.0	58.88	-9.15
-9.0	58.82	-9.1
-8.96	58.82	-9.1
-8.87	58.91	-9.15
-8.95	58.83	-9.5
-8.80	58.95	-9.15
-8.86	58.78	-8.82
-8.86	58.78	-8.82
-8.84	58.91	-9.0
-8.83	58.94	-9.10
-8.95	58.95	-9.24
-8.81	58.96	-9.8
-8.81	58.96	-9.32
-8.71	58.88	-9.32
-8.22	58.70	-8.43
-8.22	58.70	-8.43
-8.22	58.79	-7.83
-8.7	58.78	-8.31
-8.7	58.78	-8.31
-5.82	57.44	-5.18
-5.82	57.44	-5.18
-4.13	55.63	0.13
-2.40	51.94	5.55
-2.40	51.94	5.55
-1.18	42.99	13.64
-1.18	42.31	13.54
0.79	42.31	13.54
0.23	41.63	13.52
0.39	40.70	13.38
0.49	39.35	14.39
0.50	37.48	15.19
0.50	37.48	15.19
0.39	35.88	16.5
0.42	34.67	16.15
0.83	33.85	16.19
1.23	32.69	15.87
1.23	32.69	15.87
1.48	31.43	16.46
1.53	29.62	16.28
1.48	27.55	16.46
1.39	25.20	16.62
1.38	23.43	16.55
1.38	23.43	16.55
0.95	21.59	16.71
0.51	19.92	16.44
0.3	18.23	16.52
0.64	16.33	16.50
0.64	16.33	16.50
-1.50	14.28	15.89
-2.25	12.68	16.45
-3.0	11.68	16.34
-3.35	10.72	16.32
-3.35	9.36	15.93
-3.97	9.36	15.93
-5.79	6.22	14.91
-5.79	6.22	14.91
-6.57	5.27	14.88
-7.19	4.70	14.83
-7.19	4.70	14.83
-8.88	3.3	14.23
-8.88	3.3	14.23
-10.11	1.39	13.71
-11.47	-1.7	10.67
-11.47	-1.7	10.67
-14.70	-3.50	9.60
-15.86	-4.40	8.48
-15.86	-4.40	8.48
-16.98	-5.4	8.51
-18.20	-5.18	9.12
-19.74	-5.25	9.67
-21.54	-5.66	9.64
-21.54	-5.66	9.64
-23.65	-6.33	8.75
-25.78	-6.71	8.33
-27.58	-7.13	8.1
-29.63	-7.10	7.51
-29.63	-7.34	7.34
-31.47	-7.34	7.34
-33.38	-7.36	6.43
-35.11	-7.20	5.81
-36.83	-6.96	4.92
-38.52	-6.73	3.80
-38.52	-6.73	3.80
-39.92	-6.72	2.83
-40.91	-6.58	2.1
-41.68	-6.39	0.75
-42.24	-6.21	0.92
-42.24	-6.21	0.48
-42.59	-6.13	0.48
-43.7	-5.84	0.47
-43.7	-5.84	0.47
-42.91	-5.81	0.67
-42.60	-6.11	0.70
-42.60	-6.11	0.70
-41.87	-6.19	1.7
-41.87	-6.19	1.7
-42.20	-6.10	0.67
-43.48	-5.75	-1.70
-43.48	-5.75	-3.13
-44.30	-5.45	-3.93
-43.88	-5.56	-4.65
-43.88	-5.56	-4.65
-43.35	-5.84	-6.85
-42.93	-5.84	-7.14
-42.48	-5.96	-7.76
-42.17	-5.85	-8.76
-42.17	-5.85	-8.76
-41.71	-6.3	-9.63
-41.18	-5.92	-11.23
-40.63	-5.78	-12.68
-39.63	-5.56	-14.51
-38.23	-5.15	-15.81
-38.23	-5.15	-15.81
-37.5	-4.70	-18.0
-36.27	-4.23	-19.49
-36.4	-3.52	-20.26
-36.29	-2.59	-21.75
-36.29	-2.59	-23.55
-36.69	-1.34	-23.55
-37.43	1.18	-26.50
-37.43	1.18	-26.50
-37.41	2.63	-27.69
-37.22	4.11	-29.13
-37.22	4.11	-29.13
-36.79	5.98	-30.56
-36.79	5.98	-30.56
-36.0	7.29	-31.96
-35.6	8.36	-32.86
-35.6	9.22	-33.59
-34.52	9.79	-33.64
-34.43	9.71	-33.84
-34.43	9.71	-33.84
-34.31	9.55	-33.95
-34.24	9.15	-33.72
-34.28	8.87	-33.37
-34.61	8.46	-33.30
-34.61	8.46	-32.65
-34.99	8.7	-32.65
-35.0	7.72	-32.56
-34.48	7.7	-32.17
-34.25	6.53	-31.75
-34.13	5.52	-31.22
-34.13	5.52	-31.22
-34.14	5.3	-31.0
-34.31	4.71	-30.58
-34.68	4.39	-30.7
-35.7	4.7	-30.24
-35.7	4.7	-29.60
-35.19	3.46	-29.60
-35.53	2.40	-28.13
-35.53	2.40	-28.13
-35.98	1.63	-27.1
-36.28	0.51	-26.39
-36.28	0.51	-26.39
-36.94	-1.91	-22.28
-36.94	-1.91	-22.28
-36.93	-2.80	-21.33
-36.44	-3.25	-20.59
-36.44	-3.25	-19.60
-34.44	-4.85	-18.71
-33.38	-5.51	-18.2
-33.38	-5.51	-18.2
-32.56	-6.48	-15.55
-32.42	-7.14	-13.73
-32.47	-7.58	-11.95
-32.54	-7.91	-9.93
-32.54	-7.91	-8.3
-32.40	-8.35	-8.3
-31.64	-8.59	-5.99
-30.55	-8.69	-4.11
-29.26	-8.63	-1.81
-27.69	-8.50	0.71
-27.69	-8.50	0.71
-25.94	-8.0	2.51
-23.76	-7.19	4.36
-21.4	-6.6	6.25
-17.79	-4.7	9.55
-17.79	-4.7	11.35
-14.39	-1.57	11.35
-9.0	2.79	12.55
-9.0	2.79	12.55
-7.47	4.42	13.15
-6.81	5.46	13.10
-6.81	5.46	13.10
-6.65	6.17	13.75
-6.65	6.17	13.75
-6.60	6.36	14.1
-6.39	6.74	14.46
-6.39	6.74	14.46
-5.87	7.46	14.53
-5.87	7.46	14.42
-5.30	8.11	14.42
-4.53	9.19	14.60
-4.53	10.43	15.15
-3.51	11.80	15.75
-3.0	13.9	16.8
-3.0	13.9	16.8
-2.63	13.69	15.99
-2.24	14.63	15.92
-1.87	15.51	16.17
-1.43	17.11	16.48
-1.43	17.11	16.48
0.60	19.15	16.52
0.42	22.19	16.25
1.37	24.76	15.71
2.10	26.71	14.98
2.97	29.19	13.55
2.97	29.19	13.55
3.63	30.76	12.70
3.70	30.75	12.79
3.56	30.65	13.37
3.39	30.47	13.0
3.39	30.47	13.0
3.56	30.28	13.37
3.58	30.28	13.4
3.59	30.37	13.2
3.46	30.30	13.35
3.46	31.30	12.53
3.66	31.30	12.53
3.60	31.43	12.99
3.60	31.43	12.99
3.48	31.86	13.17
3.46	32.43	12.50
3.46	32.43	12.50
3.42	33.19	12.55
3.42	33.19	12.55
3.49	33.31	12.64
3.51	33.44	13.19
3.51	33.44	13.19
3.55	33.68	12.17
3.55	34.6	11.90
3.59	34.6	11.90
3.75	34.41	11.68
3.96	34.63	11.52
4.0	35.11	11.48
4.13	35.85	11.19
4.13	35.85	11.19
4.28	37.19	10.39
4.27	38.86	9.35
4.20	40.16	8.81
4.10	40.95	7.92
4.10	40.95	7.92
4.26	41.28	8.48
4.20	41.83	7.87
4.14	42.54	7.15
3.99	43.70	6.82
3.59	44.91	6.1
3.59	44.91	6.1
3.35	46.24	4.55
3.15	46.91	4.23
3.6	47.39	3.76
2.87	47.82	3.29
2.87	47.82	3.29
2.58	48.44	2.60
2.43	48.91	2.19
2.47	49.39	0.73
2.27	49.86	0.38
2.27	50.43	-1.19
2.4	50.43	-1.19
1.15	51.98	-5.94
1.15	51.98	-5.94
1.31	51.99	-5.97
1.41	51.79	-6.35
1.41	51.79	-6.35
1.21	51.80	-6.23
1.21	51.80	-6.23
1.32	51.86	-6.16
1.12	51.92	-6.13
1.12	51.92	-6.13
0.87	52.13	-7.71
0.87	52.27	-8.29
0.58	52.27	-8.29
0.32	52.45	-8.92
0.20	52.55	-9.8
0.2	52.73	-9.31
0.45	52.94	-9.49
0.45	52.94	-9.49
0.62	53.40	-9.80
-1.7	53.84	-10.58
-1.42	54.7	-10.96
-1.84	54.17	-11.59
-1.84	54.17	-11.98
-2.14	54.61	-11.98
-2.47	54.88	-12.27
-2.58	54.79	-13.21
-2.82	54.74	-13.97
-3.11	54.63	-14.77
-3.11	54.63	-14.77
-3.39	54.78	-15.48
-3.43	54.34	-17.3
-3.39	53.88	-16.98
-3.28	53.56	-17.68
-3.28	53.56	-17.77
-3.12	53.25	-17.77
-3.16	53.29	-17.88
-3.16	53.29	-17.88
-3.45	53.39	-18.8
-3.43	53.19	-18.28
-3.43	53.19	-18.28
-3.29	52.80	-18.59
-3.29	52.80	-18.59
-3.30	52.75	-18.73
-3.35	52.59	-18.71
-3.35	52.65	-18.77
-3.34	52.56	-18.84
-3.57	52.69	-18.79
-3.57	52.69	-18.79
-3.66	52.87	-19.0
-3.83	52.89	-19.4
-3.72	52.76	-18.95
-3.68	52.83	-19.18
-3.68	52.83	-18.46
-3.48	52.90	-18.46
-3.40	52.90	-18.15
-3.40	52.90	-18.39
-3.41	52.91	-18.59
-3.19	53.8	-17.83
-3.19	53.8	-17.83
-3.0	53.4	-16.88
-2.67	52.94	-16.70
-2.21	52.85	-15.76
-1.83	52.88	-15.45
-1.83	52.88	-14.2
-1.39	52.63	-14.2
0.46	51.6	-11.14
0.46	51.6	-11.14
0.92	50.74	-9.93
1.3	50.89	-9.33
1.3	50.89	-9.33
0.67	51.11	-8.7
0.67	51.11	-8.7
0.45	51.43	-7.88
0.39	51.57	-6.94
0.39	51.57	-6.94
0.31	51.50	-5.78
0.31	51.50	-5.27
0.3	51.63	-5.27
0.23	52.0	-3.84
0.23	52.54	-2.73
-2.17	53.6	-2.16
-3.83	54.38	-1.53
-3.83	54.38	-1.53
-5.40	55.56	-2.54
-6.67	56.32	-4.26
-7.99	57.32	-5.60
-9.47	57.90	-8.56
-9.47	57.90	-8.56
-10.69	58.40	-10.76
-11.91	58.41	-12.6
-13.7	58.54	-12.99
-14.1	58.66	-13.86
-14.90	58.48	-14.96
-14.90	58.48	-14.96
-15.76	58.29	-15.60
-16.61	58.27	-16.47
-17.47	58.17	-16.77
-18.34	58.19	-17.34
-18.34	58.7	-18.17
-19.24	58.7	-18.17
-20.68	57.44	-19.49
-20.68	57.44	-19.49
-20.70	57.0	-20.63
-20.96	56.34	-21.50
-20.96	56.34	-21.50
-21.62	56.48	-21.75
-21.62	56.48	-20.40
-22.79	56.96	-20.40
-23.36	56.75	-20.96
-23.31	56.52	-21.55
-23.36	56.54	-21.25
-23.29	57.3	-20.12
-23.29	57.3	-20.12
-23.15	57.61	-20.1
-22.56	58.21	-17.93
-21.24	58.87	-17.3
-19.29	59.39	-15.15
-17.98	59.53	-13.56
-17.98	59.53	-13.56
-17.92	59.60	-13.67
-18.12	59.70	-13.77
-18.15	59.81	-14.14
-18.29	59.77	-14.22
-18.29	59.77	-14.22
-18.27	59.56	-13.96
-18.32	59.65	-13.72
-18.32	59.65	-13.72
-18.27	59.60	-13.38
-18.27	59.66	-14.0
-18.27	59.66	-14.0
-18.35	59.61	-14.4
-18.35	59.61	-14.4
-18.45	59.61	-13.96
-18.55	59.63	-13.58
-18.55	59.62	-14.2
-18.47	59.52	-14.19
-18.59	59.60	-13.49
-18.59	59.60	-13.49
-18.52	59.62	-13.51
-18.56	59.47	-13.65
-18.46	59.56	-13.84
-18.52	59.59	-13.92
-18.52	59.59	-14.25
-18.55	59.58	-14.25
-18.51	59.52	-14.19
-18.52	59.46	-13.63
-18.51	59.44	-13.59
-18.47	59.48	-13.71
-18.47	59.48	-13.71
-18.49	59.43	-14.0
-18.46	59.52	-13.70
-18.51	59.52	-13.70
-18.57	59.53	-13.96
-18.52	59.51	-13.59
-18.52	59.51	-13.59
-18.55	59.41	-13.68
-18.55	59.41	-13.68
-18.49	59.42	-14.22
-18.55	59.40	-13.82
-18.55	59.40	-13.65
-18.52	59.33	-13.73
-18.61	59.43	-14.15
-18.61	59.43	-14.15
-18.71	59.39	-13.82
-18.54	59.42	-13.80
-18.56	59.31	-13.60
-18.57	59.31	-13.48
-18.57	59.31	-13.48
-18.62	59.23	-13.81
-18.59	59.27	-13.84
-18.47	59.31	-13.84
-18.58	59.26	-13.57
-18.51	59.35	-13.81
-18.51	59.35	-13.81
-18.55	59.39	-13.51
-18.60	59.32	-13.64
-18.65	59.32	-13.64
-18.66	59.24	-13.86
-18.66	59.31	-13.59
-18.63	59.31	-13.59
-18.62	59.20	-13.63
-18.62	59.20	-13.63
-18.70	59.39	-13.97
-18.70	59.35	-13.77
-18.70	59.35	-13.77
-18.65	59.26	-14.0
-18.65	59.36	-13.73
-18.71	59.36	-13.73
-18.69	59.24	-13.3
-18.69	59.28	-13.75
-18.64	59.26	-13.68
-18.71	59.24	-13.96
-18.71	59.24	-13.96
-18.71	59.15	-13.63
-18.80	59.30	-14.15
-18.62	59.14	-13.65
-18.77	59.33	-13.87
-18.76	59.20	-13.51
-18.76	59.20	-13.51
-18.72	59.16	-13.52
-18.81	59.22	-13.31
-18.78	59.21	-13.56
-18.70	59.9	-13.90
-18.70	59.9	-13.45
-18.82	59.20	-13.45
-18.84	59.12	-13.58
-18.84	59.12	-13.58
-18.74	59.17	-13.65
-18.79	59.20	-13.75
-18.79	59.20	-13.75
-18.84	59.11	-13.60
-18.84	59.11	-13.40
-18.71	59.17	-13.40
-19.28	58.99	-13.50
-19.97	59.27	-13.93
-20.43	59.7	-13.68
-20.66	59.26	-13.24
-20.66	59.26	-13.24
-20.58	59.24	-13.78
-20.51	59.11	-13.65
-20.31	59.20	-13.95
-20.37	59.28	-13.75
-20.22	59.16	-13.91
-20.22	59.16	-13.91
-20.8	59.18	-13.69
-20.7	59.22	-13.85
-20.4	59.4	-13.23
-20.9	59.12	-14.21
-20.9	59.12	-14.21
-20.7	59.22	-14.2
-20.15	59.24	-13.54
-20.12	59.7	-13.54
-20.15	59.21	-13.87
-20.11	59.14	-13.86
-20.11	59.14	-13.86
-20.15	59.16	-14.18
-20.15	59.16	-14.18
-20.10	59.8	-13.86
-20.14	59.7	-14.16
-20.14	59.7	-14.23
-20.13	59.13	-14.18
-20.7	59.7	-13.51
-20.7	59.7	-13.51
-20.19	59.9	-14.7
-20.11	59.5	-13.77
-20.9	58.98	-13.72
-20.18	59.13	-13.91
-20.18	59.13	-13.91
-20.19	59.3	-13.95
-20.17	58.99	-13.80
-20.6	59.8	-13.90
-20.11	59.10	-13.72
-20.17	58.93	-13.74
-20.17	58.93	-13.74
-20.23	58.90	-13.78
-20.12	58.94	-13.85
-20.31	58.91	-13.84
-19.79	58.87	-13.50